[0m01:02:16.219798 [debug] [MainThread]: Sending event: {'category': 'dbt', 'action': 'invocation', 'label': 'start', 'context': [<snowplow_tracker.self_describing_json.SelfDescribingJson object at 0x75118c493c20>, <snowplow_tracker.self_describing_json.SelfDescribingJson object at 0x75118cbae5d0>, <snowplow_tracker.self_describing_json.SelfDescribingJson object at 0x75118cbae2a0>]}


============================== 01:02:16.221918 | 18ca765c-0210-4b88-95a8-3baa9787e397 ==============================
[0m01:02:16.221918 [info ] [MainThread]: Running with dbt=1.11.11
[0m01:02:16.222248 [debug] [MainThread]: running dbt with arguments {'version_check': 'True', 'quiet': 'False', 'profiles_dir': '/home/yamir/Documentos/interviews/R2/demo/sales_etl_platform/dbt', 'debug': 'False', 'static_parser': 'True', 'warn_error_options': 'WarnErrorOptionsV2(error=[], warn=[], silence=[])', 'log_cache_events': 'False', 'use_experimental_parser': 'False', 'warn_error': 'None', 'cache_selected_only': 'False', 'send_anonymous_usage_stats': 'True', 'printer_width': '80', 'empty': 'None', 'target_path': 'None', 'log_format': 'default', 'fail_fast': 'False', 'no_print': 'None', 'invocation_command': 'dbt init sales_etl', 'log_path': 'logs', 'write_json': 'True', 'indirect_selection': 'eager', 'introspect': 'True', 'use_colors': 'True', 'partial_parse': 'True'}
[0m01:02:16.226905 [error] [MainThread]: Encountered an error:
'NoneType' object is not subscriptable
[0m01:02:16.227610 [error] [MainThread]: Traceback (most recent call last):
  File "/home/yamir/Documentos/interviews/R2/demo/sales_etl_platform/dbt/venv/lib/python3.12/site-packages/dbt/cli/requires.py", line 182, in wrapper
    result, success = func(*args, **kwargs)
                      ^^^^^^^^^^^^^^^^^^^^^
  File "/home/yamir/Documentos/interviews/R2/demo/sales_etl_platform/dbt/venv/lib/python3.12/site-packages/dbt/cli/requires.py", line 128, in wrapper
    return func(*args, **kwargs)
           ^^^^^^^^^^^^^^^^^^^^^
  File "/home/yamir/Documentos/interviews/R2/demo/sales_etl_platform/dbt/venv/lib/python3.12/site-packages/dbt/cli/main.py", line 488, in init
    results = task.run()
              ^^^^^^^^^^
  File "/home/yamir/Documentos/interviews/R2/demo/sales_etl_platform/dbt/venv/lib/python3.12/site-packages/dbt/task/init.py", line 319, in run
    profile_name = self.get_profile_name_from_current_project()
                   ^^^^^^^^^^^^^^^^^^^^^^^^^^^^^^^^^^^^^^^^^^^^
  File "/home/yamir/Documentos/interviews/R2/demo/sales_etl_platform/dbt/venv/lib/python3.12/site-packages/dbt/task/init.py", line 140, in get_profile_name_from_current_project
    return dbt_project["profile"]
           ~~~~~~~~~~~^^^^^^^^^^^
TypeError: 'NoneType' object is not subscriptable

[0m01:02:16.228198 [debug] [MainThread]: Resource report: {"command_name": "init", "command_success": false, "command_wall_clock_time": 0.010632243, "process_in_blocks": "4136", "process_kernel_time": 0.07257, "process_mem_max_rss": "101712", "process_out_blocks": "16", "process_user_time": 0.835055}
[0m01:02:16.228534 [debug] [MainThread]: Command `dbt init` failed at 01:02:16.228458 after 0.01 seconds
[0m01:02:16.228783 [debug] [MainThread]: Sending event: {'category': 'dbt', 'action': 'invocation', 'label': 'end', 'context': [<snowplow_tracker.self_describing_json.SelfDescribingJson object at 0x75118c9b5b80>, <snowplow_tracker.self_describing_json.SelfDescribingJson object at 0x75118cbad3a0>, <snowplow_tracker.self_describing_json.SelfDescribingJson object at 0x75118c4e36e0>]}
[0m01:02:16.229073 [debug] [MainThread]: Flushing usage events
[0m01:02:16.831657 [debug] [MainThread]: An error was encountered while trying to flush usage events
[0m01:04:34.839428 [debug] [MainThread]: Sending event: {'category': 'dbt', 'action': 'invocation', 'label': 'start', 'context': [<snowplow_tracker.self_describing_json.SelfDescribingJson object at 0x7ae35caea4b0>, <snowplow_tracker.self_describing_json.SelfDescribingJson object at 0x7ae35bb7f6e0>, <snowplow_tracker.self_describing_json.SelfDescribingJson object at 0x7ae35c902960>]}


============================== 01:04:34.842393 | fd11c35d-22d2-41ea-b40f-f06d6125de70 ==============================
[0m01:04:34.842393 [info ] [MainThread]: Running with dbt=1.11.11
[0m01:04:34.842965 [debug] [MainThread]: running dbt with arguments {'indirect_selection': 'eager', 'invocation_command': 'dbt init sales_etl', 'target_path': 'None', 'static_parser': 'True', 'quiet': 'False', 'version_check': 'True', 'profiles_dir': '/home/yamir/Documentos/interviews/R2/demo/sales_etl_platform/dbt', 'use_experimental_parser': 'False', 'log_path': '/home/yamir/Documentos/interviews/R2/demo/sales_etl_platform/dbt/logs', 'printer_width': '80', 'log_cache_events': 'False', 'send_anonymous_usage_stats': 'True', 'warn_error': 'None', 'no_print': 'None', 'introspect': 'True', 'log_format': 'default', 'warn_error_options': 'WarnErrorOptionsV2(error=[], warn=[], silence=[])', 'write_json': 'True', 'fail_fast': 'False', 'empty': 'None', 'use_colors': 'True', 'partial_parse': 'True', 'debug': 'False', 'cache_selected_only': 'False'}
[0m01:04:34.851281 [info ] [MainThread]: Setting up your profile.
[0m01:04:53.514230 [debug] [MainThread]: Snowflake adapter: Setting snowflake.connector to ERROR (file logging only)
[0m01:04:53.514602 [debug] [MainThread]: Snowflake adapter: Setting botocore to ERROR (file logging only)
[0m01:04:53.514844 [debug] [MainThread]: Snowflake adapter: Setting boto3 to ERROR (file logging only)
[0m01:06:33.549938 [info ] [MainThread]: Profile sales_etl written to /home/yamir/Documentos/interviews/R2/demo/sales_etl_platform/dbt/profiles.yml using target's profile_template.yml and your supplied values. Run 'dbt debug' to validate the connection.
[0m01:06:33.552175 [debug] [MainThread]: Resource report: {"command_name": "init", "command_success": true, "command_wall_clock_time": 118.74909, "process_in_blocks": "512", "process_kernel_time": 0.088874, "process_mem_max_rss": "128468", "process_out_blocks": "32", "process_user_time": 1.024558}
[0m01:06:33.553539 [debug] [MainThread]: Command `dbt init` succeeded at 01:06:33.553313 after 118.75 seconds
[0m01:06:33.554211 [debug] [MainThread]: Sending event: {'category': 'dbt', 'action': 'invocation', 'label': 'end', 'context': [<snowplow_tracker.self_describing_json.SelfDescribingJson object at 0x7ae35ba94230>, <snowplow_tracker.self_describing_json.SelfDescribingJson object at 0x7ae359f50290>, <snowplow_tracker.self_describing_json.SelfDescribingJson object at 0x7ae35a449280>]}
[0m01:06:33.554900 [debug] [MainThread]: Flushing usage events
[0m01:06:34.109643 [debug] [MainThread]: An error was encountered while trying to flush usage events
[0m01:08:51.470325 [debug] [MainThread]: Sending event: {'category': 'dbt', 'action': 'invocation', 'label': 'start', 'context': [<snowplow_tracker.self_describing_json.SelfDescribingJson object at 0x7ba1f07cb4a0>, <snowplow_tracker.self_describing_json.SelfDescribingJson object at 0x7ba1f2c6cb90>, <snowplow_tracker.self_describing_json.SelfDescribingJson object at 0x7ba1f0819c40>]}


============================== 01:08:51.473676 | 4a6a9536-229a-4fe0-ad06-2791207554e8 ==============================
[0m01:08:51.473676 [info ] [MainThread]: Running with dbt=1.11.11
[0m01:08:51.474128 [debug] [MainThread]: running dbt with arguments {'cache_selected_only': 'False', 'warn_error': 'None', 'use_colors': 'True', 'warn_error_options': 'WarnErrorOptionsV2(error=[], warn=[], silence=[])', 'empty': 'None', 'log_format': 'default', 'printer_width': '80', 'profiles_dir': '/home/yamir/Documentos/interviews/R2/demo/sales_etl_platform/dbt', 'introspect': 'True', 'log_path': '/home/yamir/Documentos/interviews/R2/demo/sales_etl_platform/dbt/logs', 'no_print': 'None', 'quiet': 'False', 'write_json': 'True', 'fail_fast': 'False', 'debug': 'False', 'target_path': 'None', 'invocation_command': 'dbt debug', 'indirect_selection': 'eager', 'partial_parse': 'True', 'send_anonymous_usage_stats': 'True', 'static_parser': 'True', 'version_check': 'True', 'use_experimental_parser': 'False', 'log_cache_events': 'False'}
[0m01:08:51.480457 [info ] [MainThread]: dbt version: 1.11.11
[0m01:08:51.480809 [info ] [MainThread]: python version: 3.12.3
[0m01:08:51.481066 [info ] [MainThread]: python path: /home/yamir/Documentos/interviews/R2/demo/sales_etl_platform/dbt/venv/bin/python3
[0m01:08:51.481276 [info ] [MainThread]: os info: Linux-6.8.0-51-generic-x86_64-with-glibc2.39
[0m01:08:51.627679 [debug] [MainThread]: Snowflake adapter: Setting snowflake.connector to ERROR (file logging only)
[0m01:08:51.628058 [debug] [MainThread]: Snowflake adapter: Setting botocore to ERROR (file logging only)
[0m01:08:51.628285 [debug] [MainThread]: Snowflake adapter: Setting boto3 to ERROR (file logging only)
[0m01:08:51.737747 [info ] [MainThread]: Using profiles dir at /home/yamir/Documentos/interviews/R2/demo/sales_etl_platform/dbt
[0m01:08:51.738161 [info ] [MainThread]: Using profiles.yml file at /home/yamir/Documentos/interviews/R2/demo/sales_etl_platform/dbt/profiles.yml
[0m01:08:51.738406 [info ] [MainThread]: Using dbt_project.yml file at /home/yamir/Documentos/interviews/R2/demo/sales_etl_platform/dbt/dbt_project.yml
[0m01:08:51.738800 [info ] [MainThread]: adapter type: snowflake
[0m01:08:51.739030 [info ] [MainThread]: adapter version: 1.11.5
[0m01:08:51.821727 [info ] [MainThread]: Configuration:
[0m01:08:51.822175 [info ] [MainThread]:   profiles.yml file [[32mOK found and valid[0m]
[0m01:08:51.822433 [info ] [MainThread]:   dbt_project.yml file [[32mOK found and valid[0m]
[0m01:08:51.822733 [info ] [MainThread]: Required dependencies:
[0m01:08:51.823014 [debug] [MainThread]: Executing "git --help"
[0m01:08:51.826810 [debug] [MainThread]: STDOUT: "b"usage: git [-v | --version] [-h | --help] [-C <path>] [-c <name>=<value>]\n           [--exec-path[=<path>]] [--html-path] [--man-path] [--info-path]\n           [-p | --paginate | -P | --no-pager] [--no-replace-objects] [--bare]\n           [--git-dir=<path>] [--work-tree=<path>] [--namespace=<name>]\n           [--config-env=<name>=<envvar>] <command> [<args>]\n\nThese are common Git commands used in various situations:\n\nstart a working area (see also: git help tutorial)\n   clone     Clone a repository into a new directory\n   init      Create an empty Git repository or reinitialize an existing one\n\nwork on the current change (see also: git help everyday)\n   add       Add file contents to the index\n   mv        Move or rename a file, a directory, or a symlink\n   restore   Restore working tree files\n   rm        Remove files from the working tree and from the index\n\nexamine the history and state (see also: git help revisions)\n   bisect    Use binary search to find the commit that introduced a bug\n   diff      Show changes between commits, commit and working tree, etc\n   grep      Print lines matching a pattern\n   log       Show commit logs\n   show      Show various types of objects\n   status    Show the working tree status\n\ngrow, mark and tweak your common history\n   branch    List, create, or delete branches\n   commit    Record changes to the repository\n   merge     Join two or more development histories together\n   rebase    Reapply commits on top of another base tip\n   reset     Reset current HEAD to the specified state\n   switch    Switch branches\n   tag       Create, list, delete or verify a tag object signed with GPG\n\ncollaborate (see also: git help workflows)\n   fetch     Download objects and refs from another repository\n   pull      Fetch from and integrate with another repository or a local branch\n   push      Update remote refs along with associated objects\n\n'git help -a' and 'git help -g' list available subcommands and some\nconcept guides. See 'git help <command>' or 'git help <concept>'\nto read about a specific subcommand or concept.\nSee 'git help git' for an overview of the system.\n""
[0m01:08:51.827170 [debug] [MainThread]: STDERR: "b''"
[0m01:08:51.827410 [info ] [MainThread]:  - git [[32mOK found[0m]

[0m01:08:51.827662 [info ] [MainThread]: Connection:
[0m01:08:51.827894 [info ] [MainThread]:   account: GTFKWVR-TDC55215
[0m01:08:51.828098 [info ] [MainThread]:   user: yaminpal
[0m01:08:51.828299 [info ] [MainThread]:   database: SALES_DB
[0m01:08:51.828497 [info ] [MainThread]:   warehouse: COMPUTE_WH
[0m01:08:51.828680 [info ] [MainThread]:   role: ACCOUNTADMIN
[0m01:08:51.828859 [info ] [MainThread]:   schema: RAW
[0m01:08:51.829044 [info ] [MainThread]:   authenticator: None
[0m01:08:51.829224 [info ] [MainThread]:   oauth_client_id: None
[0m01:08:51.829400 [info ] [MainThread]:   query_tag: None
[0m01:08:51.829584 [info ] [MainThread]:   client_session_keep_alive: False
[0m01:08:51.829765 [info ] [MainThread]:   host: None
[0m01:08:51.829938 [info ] [MainThread]:   port: None
[0m01:08:51.830111 [info ] [MainThread]:   proxy_host: None
[0m01:08:51.830295 [info ] [MainThread]:   proxy_port: None
[0m01:08:51.830481 [info ] [MainThread]:   protocol: None
[0m01:08:51.830658 [info ] [MainThread]:   connect_retries: 1
[0m01:08:51.830831 [info ] [MainThread]:   connect_timeout: None
[0m01:08:51.831007 [info ] [MainThread]:   retry_on_database_errors: False
[0m01:08:51.831196 [info ] [MainThread]:   retry_all: False
[0m01:08:51.831373 [info ] [MainThread]:   insecure_mode: False
[0m01:08:51.831554 [info ] [MainThread]:   reuse_connections: True
[0m01:08:51.831733 [info ] [MainThread]:   s3_stage_vpce_dns_name: None
[0m01:08:51.831912 [info ] [MainThread]:   platform_detection_timeout_seconds: 0.0
[0m01:08:51.832219 [info ] [MainThread]: Registered adapter: snowflake=1.11.5
[0m01:08:51.908858 [debug] [MainThread]: Acquiring new snowflake connection 'debug'
[0m01:08:51.922634 [debug] [MainThread]: Using snowflake connection "debug"
[0m01:08:51.922950 [debug] [MainThread]: On debug: select 1 as id
[0m01:08:51.923167 [debug] [MainThread]: Opening a new connection, currently in state init
[0m01:08:54.213672 [debug] [MainThread]: SQL status: SUCCESS 1 in 2.290 seconds
[0m01:08:54.214492 [info ] [MainThread]:   Connection test: [[32mOK connection ok[0m]

[0m01:08:54.214817 [info ] [MainThread]: [32mAll checks passed![0m
[0m01:08:54.215485 [debug] [MainThread]: Resource report: {"command_name": "debug", "command_success": true, "command_wall_clock_time": 2.7867324, "process_in_blocks": "1280", "process_kernel_time": 0.144838, "process_mem_max_rss": "145480", "process_out_blocks": "2288", "process_user_time": 1.48534}
[0m01:08:54.215859 [debug] [MainThread]: Command `dbt debug` succeeded at 01:08:54.215795 after 2.79 seconds
[0m01:08:54.216105 [debug] [MainThread]: Connection 'debug' was left open.
[0m01:08:54.216316 [debug] [MainThread]: On debug: Close
[0m01:08:54.508935 [debug] [MainThread]: Sending event: {'category': 'dbt', 'action': 'invocation', 'label': 'end', 'context': [<snowplow_tracker.self_describing_json.SelfDescribingJson object at 0x7ba1f00908f0>, <snowplow_tracker.self_describing_json.SelfDescribingJson object at 0x7ba1ed4e03b0>, <snowplow_tracker.self_describing_json.SelfDescribingJson object at 0x7ba1ed33bcb0>]}
[0m01:08:54.509396 [debug] [MainThread]: Flushing usage events
[0m01:08:55.058118 [debug] [MainThread]: An error was encountered while trying to flush usage events
[0m01:18:19.729948 [debug] [MainThread]: Sending event: {'category': 'dbt', 'action': 'invocation', 'label': 'start', 'context': [<snowplow_tracker.self_describing_json.SelfDescribingJson object at 0x72dbb18b8a10>, <snowplow_tracker.self_describing_json.SelfDescribingJson object at 0x72dbb2564ad0>, <snowplow_tracker.self_describing_json.SelfDescribingJson object at 0x72dbb118e0f0>]}


============================== 01:18:19.732110 | 74778325-e2f8-43d7-b597-5cba8738ae84 ==============================
[0m01:18:19.732110 [info ] [MainThread]: Running with dbt=1.11.11
[0m01:18:19.732493 [debug] [MainThread]: running dbt with arguments {'partial_parse': 'True', 'version_check': 'True', 'log_format': 'default', 'empty': 'None', 'introspect': 'True', 'cache_selected_only': 'False', 'indirect_selection': 'eager', 'no_print': 'None', 'static_parser': 'True', 'write_json': 'True', 'warn_error': 'None', 'log_cache_events': 'False', 'invocation_command': 'dbt debug', 'target_path': 'None', 'warn_error_options': 'WarnErrorOptionsV2(error=[], warn=[], silence=[])', 'fail_fast': 'False', 'debug': 'False', 'use_colors': 'True', 'log_path': '/home/yamir/Documentos/interviews/R2/demo/sales_etl_platform/dbt/logs', 'send_anonymous_usage_stats': 'True', 'quiet': 'False', 'use_experimental_parser': 'False', 'printer_width': '80', 'profiles_dir': '/home/yamir/Documentos/interviews/R2/demo/sales_etl_platform/dbt'}
[0m01:18:19.737558 [info ] [MainThread]: dbt version: 1.11.11
[0m01:18:19.737836 [info ] [MainThread]: python version: 3.12.3
[0m01:18:19.738037 [info ] [MainThread]: python path: /home/yamir/Documentos/interviews/R2/demo/sales_etl_platform/dbt/venv/bin/python3
[0m01:18:19.738235 [info ] [MainThread]: os info: Linux-6.8.0-51-generic-x86_64-with-glibc2.39
[0m01:18:19.874691 [debug] [MainThread]: Snowflake adapter: Setting snowflake.connector to ERROR (file logging only)
[0m01:18:19.875086 [debug] [MainThread]: Snowflake adapter: Setting botocore to ERROR (file logging only)
[0m01:18:19.875327 [debug] [MainThread]: Snowflake adapter: Setting boto3 to ERROR (file logging only)
[0m01:18:19.975755 [info ] [MainThread]: Using profiles dir at /home/yamir/Documentos/interviews/R2/demo/sales_etl_platform/dbt
[0m01:18:19.976128 [info ] [MainThread]: Using profiles.yml file at /home/yamir/Documentos/interviews/R2/demo/sales_etl_platform/dbt/profiles.yml
[0m01:18:19.976364 [info ] [MainThread]: Using dbt_project.yml file at /home/yamir/Documentos/interviews/R2/demo/sales_etl_platform/dbt/dbt_project.yml
[0m01:18:19.976712 [info ] [MainThread]: adapter type: snowflake
[0m01:18:19.976921 [info ] [MainThread]: adapter version: 1.11.5
[0m01:18:20.049003 [info ] [MainThread]: Configuration:
[0m01:18:20.049373 [info ] [MainThread]:   profiles.yml file [[32mOK found and valid[0m]
[0m01:18:20.049612 [info ] [MainThread]:   dbt_project.yml file [[32mOK found and valid[0m]
[0m01:18:20.049807 [info ] [MainThread]: Required dependencies:
[0m01:18:20.050017 [debug] [MainThread]: Executing "git --help"
[0m01:18:20.051486 [debug] [MainThread]: STDOUT: "b"usage: git [-v | --version] [-h | --help] [-C <path>] [-c <name>=<value>]\n           [--exec-path[=<path>]] [--html-path] [--man-path] [--info-path]\n           [-p | --paginate | -P | --no-pager] [--no-replace-objects] [--bare]\n           [--git-dir=<path>] [--work-tree=<path>] [--namespace=<name>]\n           [--config-env=<name>=<envvar>] <command> [<args>]\n\nThese are common Git commands used in various situations:\n\nstart a working area (see also: git help tutorial)\n   clone     Clone a repository into a new directory\n   init      Create an empty Git repository or reinitialize an existing one\n\nwork on the current change (see also: git help everyday)\n   add       Add file contents to the index\n   mv        Move or rename a file, a directory, or a symlink\n   restore   Restore working tree files\n   rm        Remove files from the working tree and from the index\n\nexamine the history and state (see also: git help revisions)\n   bisect    Use binary search to find the commit that introduced a bug\n   diff      Show changes between commits, commit and working tree, etc\n   grep      Print lines matching a pattern\n   log       Show commit logs\n   show      Show various types of objects\n   status    Show the working tree status\n\ngrow, mark and tweak your common history\n   branch    List, create, or delete branches\n   commit    Record changes to the repository\n   merge     Join two or more development histories together\n   rebase    Reapply commits on top of another base tip\n   reset     Reset current HEAD to the specified state\n   switch    Switch branches\n   tag       Create, list, delete or verify a tag object signed with GPG\n\ncollaborate (see also: git help workflows)\n   fetch     Download objects and refs from another repository\n   pull      Fetch from and integrate with another repository or a local branch\n   push      Update remote refs along with associated objects\n\n'git help -a' and 'git help -g' list available subcommands and some\nconcept guides. See 'git help <command>' or 'git help <concept>'\nto read about a specific subcommand or concept.\nSee 'git help git' for an overview of the system.\n""
[0m01:18:20.051781 [debug] [MainThread]: STDERR: "b''"
[0m01:18:20.051987 [info ] [MainThread]:  - git [[32mOK found[0m]

[0m01:18:20.052188 [info ] [MainThread]: Connection:
[0m01:18:20.052390 [info ] [MainThread]:   account: GTFKWVR-TDC55215
[0m01:18:20.052584 [info ] [MainThread]:   user: yaminpal
[0m01:18:20.052771 [info ] [MainThread]:   database: SALES_DB
[0m01:18:20.052965 [info ] [MainThread]:   warehouse: COMPUTE_WH
[0m01:18:20.053146 [info ] [MainThread]:   role: ACCOUNTADMIN
[0m01:18:20.053325 [info ] [MainThread]:   schema: RAW
[0m01:18:20.053509 [info ] [MainThread]:   authenticator: None
[0m01:18:20.053690 [info ] [MainThread]:   oauth_client_id: None
[0m01:18:20.053872 [info ] [MainThread]:   query_tag: None
[0m01:18:20.054052 [info ] [MainThread]:   client_session_keep_alive: False
[0m01:18:20.054229 [info ] [MainThread]:   host: None
[0m01:18:20.054404 [info ] [MainThread]:   port: None
[0m01:18:20.054584 [info ] [MainThread]:   proxy_host: None
[0m01:18:20.054760 [info ] [MainThread]:   proxy_port: None
[0m01:18:20.054938 [info ] [MainThread]:   protocol: None
[0m01:18:20.055115 [info ] [MainThread]:   connect_retries: 1
[0m01:18:20.055287 [info ] [MainThread]:   connect_timeout: None
[0m01:18:20.055468 [info ] [MainThread]:   retry_on_database_errors: False
[0m01:18:20.055644 [info ] [MainThread]:   retry_all: False
[0m01:18:20.055814 [info ] [MainThread]:   insecure_mode: False
[0m01:18:20.055986 [info ] [MainThread]:   reuse_connections: True
[0m01:18:20.056157 [info ] [MainThread]:   s3_stage_vpce_dns_name: None
[0m01:18:20.056331 [info ] [MainThread]:   platform_detection_timeout_seconds: 0.0
[0m01:18:20.056616 [info ] [MainThread]: Registered adapter: snowflake=1.11.5
[0m01:18:20.130126 [debug] [MainThread]: Acquiring new snowflake connection 'debug'
[0m01:18:20.142593 [debug] [MainThread]: Using snowflake connection "debug"
[0m01:18:20.142887 [debug] [MainThread]: On debug: select 1 as id
[0m01:18:20.143102 [debug] [MainThread]: Opening a new connection, currently in state init
[0m01:18:21.575921 [debug] [MainThread]: SQL status: SUCCESS 1 in 1.433 seconds
[0m01:18:21.578201 [info ] [MainThread]:   Connection test: [[32mOK connection ok[0m]

[0m01:18:21.579123 [info ] [MainThread]: [32mAll checks passed![0m
[0m01:18:21.580905 [debug] [MainThread]: Resource report: {"command_name": "debug", "command_success": true, "command_wall_clock_time": 1.88949, "process_in_blocks": "0", "process_kernel_time": 0.122586, "process_mem_max_rss": "144124", "process_out_blocks": "40", "process_user_time": 1.310579}
[0m01:18:21.581769 [debug] [MainThread]: Command `dbt debug` succeeded at 01:18:21.581603 after 1.89 seconds
[0m01:18:21.582354 [debug] [MainThread]: Connection 'debug' was left open.
[0m01:18:21.582860 [debug] [MainThread]: On debug: Close
[0m01:18:21.904500 [debug] [MainThread]: Sending event: {'category': 'dbt', 'action': 'invocation', 'label': 'end', 'context': [<snowplow_tracker.self_describing_json.SelfDescribingJson object at 0x72dbb0fda600>, <snowplow_tracker.self_describing_json.SelfDescribingJson object at 0x72dbadb0f5c0>, <snowplow_tracker.self_describing_json.SelfDescribingJson object at 0x72dbadb0f800>]}
[0m01:18:21.905744 [debug] [MainThread]: Flushing usage events
[0m01:18:22.458084 [debug] [MainThread]: An error was encountered while trying to flush usage events
[0m01:18:41.308328 [debug] [MainThread]: Sending event: {'category': 'dbt', 'action': 'invocation', 'label': 'start', 'context': [<snowplow_tracker.self_describing_json.SelfDescribingJson object at 0x7ea0c0931970>, <snowplow_tracker.self_describing_json.SelfDescribingJson object at 0x7ea0c1370d40>, <snowplow_tracker.self_describing_json.SelfDescribingJson object at 0x7ea0bfd1cd10>]}


============================== 01:18:41.310604 | d9f907fb-bb3c-4093-8df6-573326dd1058 ==============================
[0m01:18:41.310604 [info ] [MainThread]: Running with dbt=1.11.11
[0m01:18:41.311013 [debug] [MainThread]: running dbt with arguments {'introspect': 'True', 'use_experimental_parser': 'False', 'indirect_selection': 'eager', 'static_parser': 'True', 'debug': 'False', 'warn_error_options': 'WarnErrorOptionsV2(error=[], warn=[], silence=[])', 'profiles_dir': '/home/yamir/Documentos/interviews/R2/demo/sales_etl_platform/dbt', 'send_anonymous_usage_stats': 'True', 'log_cache_events': 'False', 'warn_error': 'None', 'write_json': 'True', 'target_path': 'None', 'fail_fast': 'False', 'use_colors': 'True', 'partial_parse': 'True', 'no_print': 'None', 'cache_selected_only': 'False', 'invocation_command': 'dbt run --select silver', 'version_check': 'True', 'printer_width': '80', 'empty': 'False', 'log_format': 'default', 'log_path': '/home/yamir/Documentos/interviews/R2/demo/sales_etl_platform/dbt/logs', 'quiet': 'False'}
[0m01:18:41.436455 [debug] [MainThread]: Snowflake adapter: Setting snowflake.connector to ERROR (file logging only)
[0m01:18:41.436802 [debug] [MainThread]: Snowflake adapter: Setting botocore to ERROR (file logging only)
[0m01:18:41.437028 [debug] [MainThread]: Snowflake adapter: Setting boto3 to ERROR (file logging only)
[0m01:18:41.589245 [debug] [MainThread]: Sending event: {'category': 'dbt', 'action': 'project_id', 'label': 'd9f907fb-bb3c-4093-8df6-573326dd1058', 'context': [<snowplow_tracker.self_describing_json.SelfDescribingJson object at 0x7ea0bd037aa0>]}
[0m01:18:41.628393 [debug] [MainThread]: Sending event: {'category': 'dbt', 'action': 'adapter_info', 'label': 'd9f907fb-bb3c-4093-8df6-573326dd1058', 'context': [<snowplow_tracker.self_describing_json.SelfDescribingJson object at 0x7ea0be187560>]}
[0m01:18:41.628906 [info ] [MainThread]: Registered adapter: snowflake=1.11.5
[0m01:18:41.706700 [debug] [MainThread]: checksum: 30a8cc8fdcbf66701b0944d4ccce3fa46dd04b61e5df68b9f16d57b2e0e3f0be, vars: {}, profile: , target: , version: 1.11.11
[0m01:18:41.707156 [info ] [MainThread]: Unable to do partial parsing because saved manifest not found. Starting full parse.
[0m01:18:41.707409 [debug] [MainThread]: Sending event: {'category': 'dbt', 'action': 'partial_parser', 'label': 'd9f907fb-bb3c-4093-8df6-573326dd1058', 'context': [<snowplow_tracker.self_describing_json.SelfDescribingJson object at 0x7ea0bd037fb0>]}
[0m01:18:42.652352 [debug] [MainThread]: Sending event: {'category': 'dbt', 'action': 'load_project', 'label': 'd9f907fb-bb3c-4093-8df6-573326dd1058', 'context': [<snowplow_tracker.self_describing_json.SelfDescribingJson object at 0x7ea0bc331bb0>]}
[0m01:18:42.747223 [debug] [MainThread]: Wrote artifact WritableManifest to /home/yamir/Documentos/interviews/R2/demo/sales_etl_platform/dbt/target/manifest.json
[0m01:18:42.748963 [debug] [MainThread]: Wrote artifact SemanticManifest to /home/yamir/Documentos/interviews/R2/demo/sales_etl_platform/dbt/target/semantic_manifest.json
[0m01:18:42.755937 [debug] [MainThread]: Sending event: {'category': 'dbt', 'action': 'resource_counts', 'label': 'd9f907fb-bb3c-4093-8df6-573326dd1058', 'context': [<snowplow_tracker.self_describing_json.SelfDescribingJson object at 0x7ea0bd037380>]}
[0m01:18:42.756481 [info ] [MainThread]: Found 5 models, 7 data tests, 3 sources, 536 macros
[0m01:18:42.756821 [debug] [MainThread]: Sending event: {'category': 'dbt', 'action': 'runnable_timing', 'label': 'd9f907fb-bb3c-4093-8df6-573326dd1058', 'context': [<snowplow_tracker.self_describing_json.SelfDescribingJson object at 0x7ea0bd1e0770>]}
[0m01:18:42.758412 [info ] [MainThread]: 
[0m01:18:42.758853 [info ] [MainThread]: Concurrency: 4 threads (target='dev')
[0m01:18:42.759169 [info ] [MainThread]: 
[0m01:18:42.759630 [debug] [MainThread]: Acquiring new snowflake connection 'master'
[0m01:18:42.763466 [debug] [ThreadPool]: Acquiring new snowflake connection 'list_SALES_DB'
[0m01:18:42.794381 [debug] [ThreadPool]: Using snowflake connection "list_SALES_DB"
[0m01:18:42.795318 [debug] [ThreadPool]: On list_SALES_DB: show terse schemas in database SALES_DB
    limit 10000
/* {"app": "dbt", "dbt_version": "1.11.11", "profile_name": "sales_etl", "target_name": "dev", "connection_name": "list_SALES_DB"} */
[0m01:18:42.795911 [debug] [ThreadPool]: Opening a new connection, currently in state init
[0m01:18:44.229172 [debug] [ThreadPool]: SQL status: SUCCESS 6 in 1.433 seconds
[0m01:18:44.233541 [debug] [ThreadPool]: Re-using an available connection from the pool (formerly list_SALES_DB, now create_SALES_DB_RAW_SILVER)
[0m01:18:44.234509 [debug] [ThreadPool]: Creating schema "database: "SALES_DB"
schema: "RAW_SILVER"
"
[0m01:18:44.239324 [debug] [ThreadPool]: Using snowflake connection "create_SALES_DB_RAW_SILVER"
[0m01:18:44.239602 [debug] [ThreadPool]: On create_SALES_DB_RAW_SILVER: create schema if not exists SALES_DB.RAW_SILVER
/* {"app": "dbt", "dbt_version": "1.11.11", "profile_name": "sales_etl", "target_name": "dev", "connection_name": "create_SALES_DB_RAW_SILVER"} */
[0m01:18:44.465679 [debug] [ThreadPool]: SQL status: SUCCESS 1 in 0.226 seconds
[0m01:18:44.470577 [debug] [ThreadPool]: Re-using an available connection from the pool (formerly create_SALES_DB_RAW_SILVER, now list_SALES_DB_RAW_GOLD)
[0m01:18:44.477493 [debug] [ThreadPool]: Acquiring new snowflake connection 'list_SALES_DB_RAW_SILVER'
[0m01:18:44.488140 [debug] [ThreadPool]: Using snowflake connection "list_SALES_DB_RAW_GOLD"
[0m01:18:44.490118 [debug] [ThreadPool]: Using snowflake connection "list_SALES_DB_RAW_SILVER"
[0m01:18:44.490655 [debug] [ThreadPool]: On list_SALES_DB_RAW_GOLD: show objects in SALES_DB.RAW_GOLD
    limit 10000
    

/* {"app": "dbt", "dbt_version": "1.11.11", "profile_name": "sales_etl", "target_name": "dev", "connection_name": "list_SALES_DB_RAW_GOLD"} */;
[0m01:18:44.491037 [debug] [ThreadPool]: On list_SALES_DB_RAW_SILVER: show objects in SALES_DB.RAW_SILVER
    limit 10000
    

/* {"app": "dbt", "dbt_version": "1.11.11", "profile_name": "sales_etl", "target_name": "dev", "connection_name": "list_SALES_DB_RAW_SILVER"} */;
[0m01:18:44.492399 [debug] [ThreadPool]: Opening a new connection, currently in state init
[0m01:18:44.701565 [debug] [ThreadPool]: Snowflake adapter: Snowflake query id: 01c4d102-0001-e979-001c-ae67000b501e
[0m01:18:44.702150 [debug] [ThreadPool]: Snowflake adapter: Snowflake error: 002043 (02000): SQL compilation error:
Object does not exist, or operation cannot be performed.
[0m01:18:44.702745 [debug] [ThreadPool]: Snowflake adapter: Error running SQL: macro list_relations_without_caching
[0m01:18:44.703130 [debug] [ThreadPool]: Snowflake adapter: Rolling back transaction.
[0m01:18:45.931676 [debug] [ThreadPool]: SQL status: SUCCESS 0 in 1.439 seconds
[0m01:18:45.934671 [debug] [MainThread]: Sending event: {'category': 'dbt', 'action': 'runnable_timing', 'label': 'd9f907fb-bb3c-4093-8df6-573326dd1058', 'context': [<snowplow_tracker.self_describing_json.SelfDescribingJson object at 0x7ea0c20e1b20>]}
[0m01:18:45.941893 [debug] [Thread-2 (]: Began running node model.sales_etl.silver_sales
[0m01:18:45.943018 [debug] [Thread-3 (]: Began running node model.sales_etl.silver_stores
[0m01:18:45.944648 [info ] [Thread-2 (]: 1 of 2 START sql table model RAW_SILVER.silver_sales ........................... [RUN]
[0m01:18:45.946099 [info ] [Thread-3 (]: 2 of 2 START sql table model RAW_SILVER.silver_stores .......................... [RUN]
[0m01:18:45.947351 [debug] [Thread-2 (]: Re-using an available connection from the pool (formerly list_SALES_DB_RAW_SILVER, now model.sales_etl.silver_sales)
[0m01:18:45.948575 [debug] [Thread-3 (]: Re-using an available connection from the pool (formerly list_SALES_DB_RAW_GOLD, now model.sales_etl.silver_stores)
[0m01:18:45.949760 [debug] [Thread-2 (]: Began compiling node model.sales_etl.silver_sales
[0m01:18:45.950794 [debug] [Thread-3 (]: Began compiling node model.sales_etl.silver_stores
[0m01:18:45.961233 [debug] [Thread-2 (]: Writing injected SQL for node "model.sales_etl.silver_sales"
[0m01:18:45.966853 [debug] [Thread-3 (]: Writing injected SQL for node "model.sales_etl.silver_stores"
[0m01:18:45.967707 [debug] [Thread-3 (]: Began executing node model.sales_etl.silver_stores
[0m01:18:45.989608 [debug] [Thread-3 (]: Writing runtime sql for node "model.sales_etl.silver_stores"
[0m01:18:45.990216 [debug] [Thread-2 (]: Began executing node model.sales_etl.silver_sales
[0m01:18:45.992710 [debug] [Thread-2 (]: Writing runtime sql for node "model.sales_etl.silver_sales"
[0m01:18:45.993537 [debug] [Thread-3 (]: Using snowflake connection "model.sales_etl.silver_stores"
[0m01:18:45.993860 [debug] [Thread-3 (]: On model.sales_etl.silver_stores: create or replace transient table SALES_DB.RAW_SILVER.silver_stores
    
    
    
    as (with source as (

    select *
    from SALES_DB.RAW.stores

),

deduped as (

    select *
    from source
    qualify row_number() over (
        partition by store_token
        order by load_timestamp desc
    ) = 1

)

select *
from deduped
    )

/* {"app": "dbt", "dbt_version": "1.11.11", "profile_name": "sales_etl", "target_name": "dev", "node_id": "model.sales_etl.silver_stores"} */;
[0m01:18:45.995454 [debug] [Thread-2 (]: Using snowflake connection "model.sales_etl.silver_sales"
[0m01:18:45.995795 [debug] [Thread-2 (]: On model.sales_etl.silver_sales: create or replace transient table SALES_DB.RAW_SILVER.silver_sales
    
    
    
    as (with source as (

    select *
    from SALES_DB.RAW.sales

),

typed as (

    select
        store_token,
        transaction_id,
        receipt_token,
        try_to_timestamp(
            transaction_time,
            'YYYYMMDD"T"HH24MISS.FF3'
        ) as transaction_timestamp,
        try_to_number(amount,11,2) as amount,
        user_role,
        batch_date,
        source_file,
        load_timestamp
    from source

),

deduped as (

    select *
    from typed
    qualify row_number() over (
        partition by
            store_token,
            transaction_id
        order by
            load_timestamp desc
    ) = 1

)

select *
from deduped
    )

/* {"app": "dbt", "dbt_version": "1.11.11", "profile_name": "sales_etl", "target_name": "dev", "node_id": "model.sales_etl.silver_sales"} */;
[0m01:18:47.568236 [debug] [Thread-3 (]: SQL status: SUCCESS 72 in 1.574 seconds
[0m01:18:47.583619 [debug] [Thread-3 (]: Sending event: {'category': 'dbt', 'action': 'run_model', 'label': 'd9f907fb-bb3c-4093-8df6-573326dd1058', 'context': [<snowplow_tracker.self_describing_json.SelfDescribingJson object at 0x7ea0bf4f78f0>]}
[0m01:18:47.584036 [info ] [Thread-3 (]: 2 of 2 OK created sql table model RAW_SILVER.silver_stores ..................... [[32mSUCCESS 72[0m in 1.63s]
[0m01:18:47.584394 [debug] [Thread-3 (]: Finished running node model.sales_etl.silver_stores
[0m01:18:47.595080 [debug] [Thread-2 (]: SQL status: SUCCESS 1280 in 1.599 seconds
[0m01:18:47.596730 [debug] [Thread-2 (]: Sending event: {'category': 'dbt', 'action': 'run_model', 'label': 'd9f907fb-bb3c-4093-8df6-573326dd1058', 'context': [<snowplow_tracker.self_describing_json.SelfDescribingJson object at 0x7ea0b772fa70>]}
[0m01:18:47.597201 [info ] [Thread-2 (]: 1 of 2 OK created sql table model RAW_SILVER.silver_sales ...................... [[32mSUCCESS 1280[0m in 1.65s]
[0m01:18:47.597599 [debug] [Thread-2 (]: Finished running node model.sales_etl.silver_sales
[0m01:18:47.599169 [debug] [MainThread]: Connection 'master' was properly closed.
[0m01:18:47.599553 [debug] [MainThread]: Connection 'model.sales_etl.silver_stores' was left open.
[0m01:18:47.600462 [debug] [MainThread]: On model.sales_etl.silver_stores: Close
[0m01:18:47.899140 [debug] [MainThread]: Connection 'model.sales_etl.silver_sales' was left open.
[0m01:18:47.900290 [debug] [MainThread]: On model.sales_etl.silver_sales: Close
[0m01:18:48.187042 [info ] [MainThread]: 
[0m01:18:48.188165 [info ] [MainThread]: Finished running 2 table models in 0 hours 0 minutes and 5.43 seconds (5.43s).
[0m01:18:48.189864 [debug] [MainThread]: Command end result
[0m01:18:48.214356 [debug] [MainThread]: Wrote artifact WritableManifest to /home/yamir/Documentos/interviews/R2/demo/sales_etl_platform/dbt/target/manifest.json
[0m01:18:48.216243 [debug] [MainThread]: Wrote artifact SemanticManifest to /home/yamir/Documentos/interviews/R2/demo/sales_etl_platform/dbt/target/semantic_manifest.json
[0m01:18:48.219919 [debug] [MainThread]: Wrote artifact RunExecutionResult to /home/yamir/Documentos/interviews/R2/demo/sales_etl_platform/dbt/target/run_results.json
[0m01:18:48.220170 [info ] [MainThread]: 
[0m01:18:48.220432 [info ] [MainThread]: [32mCompleted successfully[0m
[0m01:18:48.220643 [info ] [MainThread]: 
[0m01:18:48.220862 [info ] [MainThread]: Done. PASS=2 WARN=0 ERROR=0 SKIP=0 NO-OP=0 TOTAL=2
[0m01:18:48.221457 [debug] [MainThread]: Resource report: {"command_name": "run", "command_success": true, "command_wall_clock_time": 6.950077, "process_in_blocks": "104", "process_kernel_time": 0.14861, "process_mem_max_rss": "161460", "process_out_blocks": "3856", "process_user_time": 2.510414}
[0m01:18:48.221807 [debug] [MainThread]: Command `dbt run` succeeded at 01:18:48.221743 after 6.95 seconds
[0m01:18:48.222071 [debug] [MainThread]: Sending event: {'category': 'dbt', 'action': 'invocation', 'label': 'end', 'context': [<snowplow_tracker.self_describing_json.SelfDescribingJson object at 0x7ea0c0931970>, <snowplow_tracker.self_describing_json.SelfDescribingJson object at 0x7ea0bc7c2ed0>, <snowplow_tracker.self_describing_json.SelfDescribingJson object at 0x7ea0bc02dbe0>]}
[0m01:18:48.222307 [debug] [MainThread]: Flushing usage events
[0m01:18:48.773435 [debug] [MainThread]: An error was encountered while trying to flush usage events
[0m01:20:19.701439 [debug] [MainThread]: Sending event: {'category': 'dbt', 'action': 'invocation', 'label': 'start', 'context': [<snowplow_tracker.self_describing_json.SelfDescribingJson object at 0x715a8fbb4950>, <snowplow_tracker.self_describing_json.SelfDescribingJson object at 0x715a9057eb40>, <snowplow_tracker.self_describing_json.SelfDescribingJson object at 0x715a8fbb5190>]}


============================== 01:20:19.704499 | 3965499f-4d0b-4569-91e3-20ba46465fdb ==============================
[0m01:20:19.704499 [info ] [MainThread]: Running with dbt=1.11.11
[0m01:20:19.705054 [debug] [MainThread]: running dbt with arguments {'introspect': 'True', 'partial_parse': 'True', 'cache_selected_only': 'False', 'printer_width': '80', 'quiet': 'False', 'use_experimental_parser': 'False', 'static_parser': 'True', 'indirect_selection': 'eager', 'warn_error_options': 'WarnErrorOptionsV2(error=[], warn=[], silence=[])', 'empty': 'False', 'log_format': 'default', 'invocation_command': 'dbt run --select gold', 'debug': 'False', 'send_anonymous_usage_stats': 'True', 'use_colors': 'True', 'fail_fast': 'False', 'target_path': 'None', 'warn_error': 'None', 'profiles_dir': '/home/yamir/Documentos/interviews/R2/demo/sales_etl_platform/dbt', 'log_cache_events': 'False', 'no_print': 'None', 'log_path': '/home/yamir/Documentos/interviews/R2/demo/sales_etl_platform/dbt/logs', 'write_json': 'True', 'version_check': 'True'}
[0m01:20:19.837583 [debug] [MainThread]: Snowflake adapter: Setting snowflake.connector to ERROR (file logging only)
[0m01:20:19.837971 [debug] [MainThread]: Snowflake adapter: Setting botocore to ERROR (file logging only)
[0m01:20:19.838219 [debug] [MainThread]: Snowflake adapter: Setting boto3 to ERROR (file logging only)
[0m01:20:19.994669 [debug] [MainThread]: Sending event: {'category': 'dbt', 'action': 'project_id', 'label': '3965499f-4d0b-4569-91e3-20ba46465fdb', 'context': [<snowplow_tracker.self_describing_json.SelfDescribingJson object at 0x715a903c0380>]}
[0m01:20:20.034293 [debug] [MainThread]: Sending event: {'category': 'dbt', 'action': 'adapter_info', 'label': '3965499f-4d0b-4569-91e3-20ba46465fdb', 'context': [<snowplow_tracker.self_describing_json.SelfDescribingJson object at 0x715a9059e0f0>]}
[0m01:20:20.034879 [info ] [MainThread]: Registered adapter: snowflake=1.11.5
[0m01:20:20.112684 [debug] [MainThread]: checksum: 30a8cc8fdcbf66701b0944d4ccce3fa46dd04b61e5df68b9f16d57b2e0e3f0be, vars: {}, profile: , target: , version: 1.11.11
[0m01:20:20.192806 [debug] [MainThread]: Partial parsing enabled: 0 files deleted, 0 files added, 0 files changed.
[0m01:20:20.193191 [debug] [MainThread]: Nothing changed, skipping partial parsing.
[0m01:20:20.193414 [debug] [MainThread]: Partial parsing enabled, no changes found, skipping parsing
[0m01:20:20.224339 [debug] [MainThread]: Sending event: {'category': 'dbt', 'action': 'load_project', 'label': '3965499f-4d0b-4569-91e3-20ba46465fdb', 'context': [<snowplow_tracker.self_describing_json.SelfDescribingJson object at 0x715a8d5c16d0>]}
[0m01:20:20.282746 [debug] [MainThread]: Wrote artifact WritableManifest to /home/yamir/Documentos/interviews/R2/demo/sales_etl_platform/dbt/target/manifest.json
[0m01:20:20.283939 [debug] [MainThread]: Wrote artifact SemanticManifest to /home/yamir/Documentos/interviews/R2/demo/sales_etl_platform/dbt/target/semantic_manifest.json
[0m01:20:20.289061 [debug] [MainThread]: Sending event: {'category': 'dbt', 'action': 'resource_counts', 'label': '3965499f-4d0b-4569-91e3-20ba46465fdb', 'context': [<snowplow_tracker.self_describing_json.SelfDescribingJson object at 0x715a8d33c890>]}
[0m01:20:20.289413 [info ] [MainThread]: Found 5 models, 7 data tests, 3 sources, 536 macros
[0m01:20:20.289676 [debug] [MainThread]: Sending event: {'category': 'dbt', 'action': 'runnable_timing', 'label': '3965499f-4d0b-4569-91e3-20ba46465fdb', 'context': [<snowplow_tracker.self_describing_json.SelfDescribingJson object at 0x715a8ceb46e0>]}
[0m01:20:20.290874 [info ] [MainThread]: 
[0m01:20:20.291141 [info ] [MainThread]: Concurrency: 4 threads (target='dev')
[0m01:20:20.291361 [info ] [MainThread]: 
[0m01:20:20.291729 [debug] [MainThread]: Acquiring new snowflake connection 'master'
[0m01:20:20.294609 [debug] [ThreadPool]: Acquiring new snowflake connection 'list_SALES_DB'
[0m01:20:20.320672 [debug] [ThreadPool]: Using snowflake connection "list_SALES_DB"
[0m01:20:20.321075 [debug] [ThreadPool]: On list_SALES_DB: show terse schemas in database SALES_DB
    limit 10000
/* {"app": "dbt", "dbt_version": "1.11.11", "profile_name": "sales_etl", "target_name": "dev", "connection_name": "list_SALES_DB"} */
[0m01:20:20.321320 [debug] [ThreadPool]: Opening a new connection, currently in state init
[0m01:20:21.754293 [debug] [ThreadPool]: SQL status: SUCCESS 7 in 1.433 seconds
[0m01:20:21.757850 [debug] [ThreadPool]: Re-using an available connection from the pool (formerly list_SALES_DB, now create_SALES_DB_RAW_GOLD)
[0m01:20:21.758632 [debug] [ThreadPool]: Creating schema "database: "SALES_DB"
schema: "RAW_GOLD"
"
[0m01:20:21.762745 [debug] [ThreadPool]: Using snowflake connection "create_SALES_DB_RAW_GOLD"
[0m01:20:21.762981 [debug] [ThreadPool]: On create_SALES_DB_RAW_GOLD: create schema if not exists SALES_DB.RAW_GOLD
/* {"app": "dbt", "dbt_version": "1.11.11", "profile_name": "sales_etl", "target_name": "dev", "connection_name": "create_SALES_DB_RAW_GOLD"} */
[0m01:20:21.978849 [debug] [ThreadPool]: SQL status: SUCCESS 1 in 0.215 seconds
[0m01:20:21.983386 [debug] [ThreadPool]: Re-using an available connection from the pool (formerly create_SALES_DB_RAW_GOLD, now list_SALES_DB_RAW_SILVER)
[0m01:20:21.989628 [debug] [ThreadPool]: Acquiring new snowflake connection 'list_SALES_DB_RAW_GOLD'
[0m01:20:22.002838 [debug] [ThreadPool]: Using snowflake connection "list_SALES_DB_RAW_SILVER"
[0m01:20:22.003085 [debug] [ThreadPool]: On list_SALES_DB_RAW_SILVER: show objects in SALES_DB.RAW_SILVER
    limit 10000
    

/* {"app": "dbt", "dbt_version": "1.11.11", "profile_name": "sales_etl", "target_name": "dev", "connection_name": "list_SALES_DB_RAW_SILVER"} */;
[0m01:20:22.006846 [debug] [ThreadPool]: Using snowflake connection "list_SALES_DB_RAW_GOLD"
[0m01:20:22.007213 [debug] [ThreadPool]: On list_SALES_DB_RAW_GOLD: show objects in SALES_DB.RAW_GOLD
    limit 10000
    

/* {"app": "dbt", "dbt_version": "1.11.11", "profile_name": "sales_etl", "target_name": "dev", "connection_name": "list_SALES_DB_RAW_GOLD"} */;
[0m01:20:22.007493 [debug] [ThreadPool]: Opening a new connection, currently in state init
[0m01:20:22.211877 [debug] [ThreadPool]: SQL status: SUCCESS 2 in 0.209 seconds
[0m01:20:23.542516 [debug] [ThreadPool]: SQL status: SUCCESS 0 in 1.535 seconds
[0m01:20:23.543960 [debug] [MainThread]: Sending event: {'category': 'dbt', 'action': 'runnable_timing', 'label': '3965499f-4d0b-4569-91e3-20ba46465fdb', 'context': [<snowplow_tracker.self_describing_json.SelfDescribingJson object at 0x715a8ceb5820>]}
[0m01:20:23.545768 [debug] [Thread-2 (]: Began running node model.sales_etl.rpt_sales_by_transaction_date
[0m01:20:23.546217 [debug] [Thread-3 (]: Began running node model.sales_etl.rpt_top_5_sales_stores
[0m01:20:23.546784 [info ] [Thread-2 (]: 1 of 3 START sql table model RAW_GOLD.rpt_sales_by_transaction_date ............ [RUN]
[0m01:20:23.547334 [info ] [Thread-3 (]: 2 of 3 START sql table model RAW_GOLD.rpt_top_5_sales_stores ................... [RUN]
[0m01:20:23.547854 [debug] [Thread-2 (]: Re-using an available connection from the pool (formerly list_SALES_DB_RAW_GOLD, now model.sales_etl.rpt_sales_by_transaction_date)
[0m01:20:23.548271 [debug] [Thread-3 (]: Re-using an available connection from the pool (formerly list_SALES_DB_RAW_SILVER, now model.sales_etl.rpt_top_5_sales_stores)
[0m01:20:23.548714 [debug] [Thread-4 (]: Began running node model.sales_etl.rpt_transactions_by_batch
[0m01:20:23.549138 [debug] [Thread-2 (]: Began compiling node model.sales_etl.rpt_sales_by_transaction_date
[0m01:20:23.549530 [debug] [Thread-3 (]: Began compiling node model.sales_etl.rpt_top_5_sales_stores
[0m01:20:23.550045 [info ] [Thread-4 (]: 3 of 3 START sql table model RAW_GOLD.rpt_transactions_by_batch ................ [RUN]
[0m01:20:23.556492 [debug] [Thread-2 (]: Writing injected SQL for node "model.sales_etl.rpt_sales_by_transaction_date"
[0m01:20:23.559372 [debug] [Thread-3 (]: Writing injected SQL for node "model.sales_etl.rpt_top_5_sales_stores"
[0m01:20:23.560035 [debug] [Thread-4 (]: Acquiring new snowflake connection 'model.sales_etl.rpt_transactions_by_batch'
[0m01:20:23.560773 [debug] [Thread-4 (]: Began compiling node model.sales_etl.rpt_transactions_by_batch
[0m01:20:23.561154 [debug] [Thread-2 (]: Began executing node model.sales_etl.rpt_sales_by_transaction_date
[0m01:20:23.563698 [debug] [Thread-4 (]: Writing injected SQL for node "model.sales_etl.rpt_transactions_by_batch"
[0m01:20:23.564083 [debug] [Thread-3 (]: Began executing node model.sales_etl.rpt_top_5_sales_stores
[0m01:20:23.584090 [debug] [Thread-2 (]: Writing runtime sql for node "model.sales_etl.rpt_sales_by_transaction_date"
[0m01:20:23.584561 [debug] [Thread-4 (]: Began executing node model.sales_etl.rpt_transactions_by_batch
[0m01:20:23.587462 [debug] [Thread-3 (]: Writing runtime sql for node "model.sales_etl.rpt_top_5_sales_stores"
[0m01:20:23.589446 [debug] [Thread-4 (]: Writing runtime sql for node "model.sales_etl.rpt_transactions_by_batch"
[0m01:20:23.590932 [debug] [Thread-2 (]: Using snowflake connection "model.sales_etl.rpt_sales_by_transaction_date"
[0m01:20:23.591393 [debug] [Thread-2 (]: On model.sales_etl.rpt_sales_by_transaction_date: create or replace transient table SALES_DB.RAW_GOLD.rpt_sales_by_transaction_date
    
    
    
    as (with sales as (

    select *
    from SALES_DB.RAW_SILVER.silver_sales

),

daily as (

    select
        current_date() as snapshot_date,
        cast(transaction_timestamp as date)
            as transaction_date,
        count(distinct store_token)
            as stores_with_transactions,
        sum(amount)
            as total_sales_amount,
        avg(amount)
            as total_sales_average
    from sales
    group by 2

),

monthly as (

    select
        *,
        sum(total_sales_amount) over (
            partition by
                date_trunc(
                    month,
                    transaction_date
                )
            order by transaction_date
        ) as monthly_accumulated_sales
    from daily
    
)

select *
from monthly
qualify row_number() over (
    order by transaction_date desc
) <= 40
    )

/* {"app": "dbt", "dbt_version": "1.11.11", "profile_name": "sales_etl", "target_name": "dev", "node_id": "model.sales_etl.rpt_sales_by_transaction_date"} */;
[0m01:20:23.592136 [debug] [Thread-4 (]: Using snowflake connection "model.sales_etl.rpt_transactions_by_batch"
[0m01:20:23.593238 [debug] [Thread-3 (]: Using snowflake connection "model.sales_etl.rpt_top_5_sales_stores"
[0m01:20:23.593844 [debug] [Thread-4 (]: On model.sales_etl.rpt_transactions_by_batch: create or replace transient table SALES_DB.RAW_GOLD.rpt_transactions_by_batch
    
    
    
    as (with sales as (

    select *
    from SALES_DB.RAW_SILVER.silver_sales

),

audit as (

    select *
    from SALES_DB.RAW.file_audit

)

select
    current_date() as snapshot_date,
    batch_date,
    count(*) as total_processed_raw_transactions,
    count(*) as valid_transactions,
    0 as invalid_transactions,
    max(load_timestamp)::date as processing_date
from sales
group by batch_date
qualify row_number() over (
    order by batch_date desc
) <= 40
    )

/* {"app": "dbt", "dbt_version": "1.11.11", "profile_name": "sales_etl", "target_name": "dev", "node_id": "model.sales_etl.rpt_transactions_by_batch"} */;
[0m01:20:23.595652 [debug] [Thread-3 (]: On model.sales_etl.rpt_top_5_sales_stores: create or replace transient table SALES_DB.RAW_GOLD.rpt_top_5_sales_stores
    
    
    
    as (with sales as (

    select *
    from SALES_DB.RAW_SILVER.silver_sales

),

stores as (

    select *
    from SALES_DB.RAW_SILVER.silver_stores

),

daily_sales as (

    select
        cast(
            transaction_timestamp as date
        ) as transaction_date,
        store_token,
        sum(amount) as total_sales
    from sales
    group by 1,2

),

ranked as (

    select
        *,
        dense_rank() over (
            partition by transaction_date
            order by total_sales desc
        ) as rank_id

    from daily_sales

)

select
    current_date() as snapshot_date,
    r.transaction_date,
    r.rank_id,
    r.total_sales,
    r.store_token,
    s.store_name
from ranked r
join stores s
    on r.store_token = s.store_token
where rank_id <= 5
qualify row_number() over (
    order by transaction_date desc
) <= 50
    )

/* {"app": "dbt", "dbt_version": "1.11.11", "profile_name": "sales_etl", "target_name": "dev", "node_id": "model.sales_etl.rpt_top_5_sales_stores"} */;
[0m01:20:23.596429 [debug] [Thread-4 (]: Opening a new connection, currently in state init
[0m01:20:24.760385 [debug] [Thread-3 (]: SQL status: SUCCESS 15 in 1.163 seconds
[0m01:20:24.776891 [debug] [Thread-3 (]: Sending event: {'category': 'dbt', 'action': 'run_model', 'label': '3965499f-4d0b-4569-91e3-20ba46465fdb', 'context': [<snowplow_tracker.self_describing_json.SelfDescribingJson object at 0x715a90a25250>]}
[0m01:20:24.777366 [info ] [Thread-3 (]: 2 of 3 OK created sql table model RAW_GOLD.rpt_top_5_sales_stores .............. [[32mSUCCESS 15[0m in 1.23s]
[0m01:20:24.777755 [debug] [Thread-3 (]: Finished running node model.sales_etl.rpt_top_5_sales_stores
[0m01:20:25.147857 [debug] [Thread-4 (]: SQL status: SUCCESS 3 in 1.551 seconds
[0m01:20:25.149530 [debug] [Thread-4 (]: Sending event: {'category': 'dbt', 'action': 'run_model', 'label': '3965499f-4d0b-4569-91e3-20ba46465fdb', 'context': [<snowplow_tracker.self_describing_json.SelfDescribingJson object at 0x715a8caedaf0>]}
[0m01:20:25.150015 [info ] [Thread-4 (]: 3 of 3 OK created sql table model RAW_GOLD.rpt_transactions_by_batch ........... [[32mSUCCESS 3[0m in 1.59s]
[0m01:20:25.150415 [debug] [Thread-4 (]: Finished running node model.sales_etl.rpt_transactions_by_batch
[0m01:20:26.172846 [debug] [Thread-2 (]: SQL status: SUCCESS 3 in 2.579 seconds
[0m01:20:26.175426 [debug] [Thread-2 (]: Sending event: {'category': 'dbt', 'action': 'run_model', 'label': '3965499f-4d0b-4569-91e3-20ba46465fdb', 'context': [<snowplow_tracker.self_describing_json.SelfDescribingJson object at 0x715a8caee540>]}
[0m01:20:26.175840 [info ] [Thread-2 (]: 1 of 3 OK created sql table model RAW_GOLD.rpt_sales_by_transaction_date ....... [[32mSUCCESS 3[0m in 2.63s]
[0m01:20:26.176192 [debug] [Thread-2 (]: Finished running node model.sales_etl.rpt_sales_by_transaction_date
[0m01:20:26.177981 [debug] [MainThread]: Connection 'master' was properly closed.
[0m01:20:26.178620 [debug] [MainThread]: Connection 'model.sales_etl.rpt_top_5_sales_stores' was left open.
[0m01:20:26.179183 [debug] [MainThread]: On model.sales_etl.rpt_top_5_sales_stores: Close
[0m01:20:26.471212 [debug] [MainThread]: Connection 'model.sales_etl.rpt_sales_by_transaction_date' was left open.
[0m01:20:26.472427 [debug] [MainThread]: On model.sales_etl.rpt_sales_by_transaction_date: Close
[0m01:20:26.774125 [debug] [MainThread]: Connection 'model.sales_etl.rpt_transactions_by_batch' was left open.
[0m01:20:26.774904 [debug] [MainThread]: On model.sales_etl.rpt_transactions_by_batch: Close
[0m01:20:27.074205 [info ] [MainThread]: 
[0m01:20:27.075105 [info ] [MainThread]: Finished running 3 table models in 0 hours 0 minutes and 6.78 seconds (6.78s).
[0m01:20:27.077278 [debug] [MainThread]: Command end result
[0m01:20:27.096335 [debug] [MainThread]: Wrote artifact WritableManifest to /home/yamir/Documentos/interviews/R2/demo/sales_etl_platform/dbt/target/manifest.json
[0m01:20:27.097491 [debug] [MainThread]: Wrote artifact SemanticManifest to /home/yamir/Documentos/interviews/R2/demo/sales_etl_platform/dbt/target/semantic_manifest.json
[0m01:20:27.101595 [debug] [MainThread]: Wrote artifact RunExecutionResult to /home/yamir/Documentos/interviews/R2/demo/sales_etl_platform/dbt/target/run_results.json
[0m01:20:27.101949 [info ] [MainThread]: 
[0m01:20:27.102316 [info ] [MainThread]: [32mCompleted successfully[0m
[0m01:20:27.102621 [info ] [MainThread]: 
[0m01:20:27.102935 [info ] [MainThread]: Done. PASS=3 WARN=0 ERROR=0 SKIP=0 NO-OP=0 TOTAL=3
[0m01:20:27.103731 [debug] [MainThread]: Resource report: {"command_name": "run", "command_success": true, "command_wall_clock_time": 7.4433255, "process_in_blocks": "144", "process_kernel_time": 0.181862, "process_mem_max_rss": "157756", "process_out_blocks": "2656", "process_user_time": 1.791645}
[0m01:20:27.104164 [debug] [MainThread]: Command `dbt run` succeeded at 01:20:27.104088 after 7.44 seconds
[0m01:20:27.104510 [debug] [MainThread]: Sending event: {'category': 'dbt', 'action': 'invocation', 'label': 'end', 'context': [<snowplow_tracker.self_describing_json.SelfDescribingJson object at 0x715a93eebef0>, <snowplow_tracker.self_describing_json.SelfDescribingJson object at 0x715a8fbb4950>, <snowplow_tracker.self_describing_json.SelfDescribingJson object at 0x715a903310a0>]}
[0m01:20:27.104883 [debug] [MainThread]: Flushing usage events
[0m01:20:27.659691 [debug] [MainThread]: An error was encountered while trying to flush usage events
[0m01:23:56.743802 [debug] [MainThread]: Sending event: {'category': 'dbt', 'action': 'invocation', 'label': 'start', 'context': [<snowplow_tracker.self_describing_json.SelfDescribingJson object at 0x7bf225e8e360>, <snowplow_tracker.self_describing_json.SelfDescribingJson object at 0x7bf22615e270>, <snowplow_tracker.self_describing_json.SelfDescribingJson object at 0x7bf225e8dac0>]}


============================== 01:23:56.746265 | 5ac666ec-5c2b-4a0f-8f81-55d4e6b472c8 ==============================
[0m01:23:56.746265 [info ] [MainThread]: Running with dbt=1.11.11
[0m01:23:56.746689 [debug] [MainThread]: running dbt with arguments {'quiet': 'False', 'printer_width': '80', 'partial_parse': 'True', 'use_colors': 'True', 'introspect': 'True', 'warn_error': 'None', 'target_path': 'None', 'warn_error_options': 'WarnErrorOptionsV2(error=[], warn=[], silence=[])', 'indirect_selection': 'eager', 'log_cache_events': 'False', 'empty': 'None', 'debug': 'False', 'use_experimental_parser': 'False', 'write_json': 'True', 'no_print': 'None', 'log_format': 'default', 'static_parser': 'True', 'invocation_command': 'dbt debug', 'send_anonymous_usage_stats': 'True', 'cache_selected_only': 'False', 'profiles_dir': '/home/yamir/Documentos/interviews/R2/demo/sales_etl_platform/dbt', 'fail_fast': 'False', 'version_check': 'True', 'log_path': '/home/yamir/Documentos/interviews/R2/demo/sales_etl_platform/dbt/logs'}
[0m01:23:56.752674 [info ] [MainThread]: dbt version: 1.11.11
[0m01:23:56.753191 [info ] [MainThread]: python version: 3.12.3
[0m01:23:56.753448 [info ] [MainThread]: python path: /home/yamir/Documentos/interviews/R2/demo/sales_etl_platform/dbt/venv/bin/python3
[0m01:23:56.753661 [info ] [MainThread]: os info: Linux-6.8.0-51-generic-x86_64-with-glibc2.39
[0m01:23:56.880750 [debug] [MainThread]: Snowflake adapter: Setting snowflake.connector to ERROR (file logging only)
[0m01:23:56.881127 [debug] [MainThread]: Snowflake adapter: Setting botocore to ERROR (file logging only)
[0m01:23:56.881372 [debug] [MainThread]: Snowflake adapter: Setting boto3 to ERROR (file logging only)
[0m01:23:56.986078 [info ] [MainThread]: Using profiles dir at /home/yamir/Documentos/interviews/R2/demo/sales_etl_platform/dbt
[0m01:23:56.986680 [info ] [MainThread]: Using profiles.yml file at /home/yamir/Documentos/interviews/R2/demo/sales_etl_platform/dbt/profiles.yml
[0m01:23:56.987031 [info ] [MainThread]: Using dbt_project.yml file at /home/yamir/Documentos/interviews/R2/demo/sales_etl_platform/dbt/dbt_project.yml
[0m01:23:56.987515 [info ] [MainThread]: adapter type: snowflake
[0m01:23:56.987863 [info ] [MainThread]: adapter version: 1.11.5
[0m01:23:57.064651 [info ] [MainThread]: Configuration:
[0m01:23:57.065052 [info ] [MainThread]:   profiles.yml file [[32mOK found and valid[0m]
[0m01:23:57.065472 [info ] [MainThread]:   dbt_project.yml file [[32mOK found and valid[0m]
[0m01:23:57.065842 [info ] [MainThread]: Required dependencies:
[0m01:23:57.066095 [debug] [MainThread]: Executing "git --help"
[0m01:23:57.068021 [debug] [MainThread]: STDOUT: "b"usage: git [-v | --version] [-h | --help] [-C <path>] [-c <name>=<value>]\n           [--exec-path[=<path>]] [--html-path] [--man-path] [--info-path]\n           [-p | --paginate | -P | --no-pager] [--no-replace-objects] [--bare]\n           [--git-dir=<path>] [--work-tree=<path>] [--namespace=<name>]\n           [--config-env=<name>=<envvar>] <command> [<args>]\n\nThese are common Git commands used in various situations:\n\nstart a working area (see also: git help tutorial)\n   clone     Clone a repository into a new directory\n   init      Create an empty Git repository or reinitialize an existing one\n\nwork on the current change (see also: git help everyday)\n   add       Add file contents to the index\n   mv        Move or rename a file, a directory, or a symlink\n   restore   Restore working tree files\n   rm        Remove files from the working tree and from the index\n\nexamine the history and state (see also: git help revisions)\n   bisect    Use binary search to find the commit that introduced a bug\n   diff      Show changes between commits, commit and working tree, etc\n   grep      Print lines matching a pattern\n   log       Show commit logs\n   show      Show various types of objects\n   status    Show the working tree status\n\ngrow, mark and tweak your common history\n   branch    List, create, or delete branches\n   commit    Record changes to the repository\n   merge     Join two or more development histories together\n   rebase    Reapply commits on top of another base tip\n   reset     Reset current HEAD to the specified state\n   switch    Switch branches\n   tag       Create, list, delete or verify a tag object signed with GPG\n\ncollaborate (see also: git help workflows)\n   fetch     Download objects and refs from another repository\n   pull      Fetch from and integrate with another repository or a local branch\n   push      Update remote refs along with associated objects\n\n'git help -a' and 'git help -g' list available subcommands and some\nconcept guides. See 'git help <command>' or 'git help <concept>'\nto read about a specific subcommand or concept.\nSee 'git help git' for an overview of the system.\n""
[0m01:23:57.068451 [debug] [MainThread]: STDERR: "b''"
[0m01:23:57.068771 [info ] [MainThread]:  - git [[32mOK found[0m]

[0m01:23:57.069096 [info ] [MainThread]: Connection:
[0m01:23:57.069480 [info ] [MainThread]:   account: GTFKWVR-TDC55215
[0m01:23:57.069844 [info ] [MainThread]:   user: yaminpal
[0m01:23:57.070169 [info ] [MainThread]:   database: SALES_DB
[0m01:23:57.070648 [info ] [MainThread]:   warehouse: COMPUTE_WH
[0m01:23:57.070915 [info ] [MainThread]:   role: ACCOUNTADMIN
[0m01:23:57.071104 [info ] [MainThread]:   schema: RAW
[0m01:23:57.071284 [info ] [MainThread]:   authenticator: None
[0m01:23:57.071469 [info ] [MainThread]:   oauth_client_id: None
[0m01:23:57.071647 [info ] [MainThread]:   query_tag: None
[0m01:23:57.071823 [info ] [MainThread]:   client_session_keep_alive: False
[0m01:23:57.071998 [info ] [MainThread]:   host: None
[0m01:23:57.072179 [info ] [MainThread]:   port: None
[0m01:23:57.072354 [info ] [MainThread]:   proxy_host: None
[0m01:23:57.072535 [info ] [MainThread]:   proxy_port: None
[0m01:23:57.072708 [info ] [MainThread]:   protocol: None
[0m01:23:57.072880 [info ] [MainThread]:   connect_retries: 1
[0m01:23:57.073050 [info ] [MainThread]:   connect_timeout: None
[0m01:23:57.073219 [info ] [MainThread]:   retry_on_database_errors: False
[0m01:23:57.073402 [info ] [MainThread]:   retry_all: False
[0m01:23:57.073586 [info ] [MainThread]:   insecure_mode: False
[0m01:23:57.073758 [info ] [MainThread]:   reuse_connections: True
[0m01:23:57.073932 [info ] [MainThread]:   s3_stage_vpce_dns_name: None
[0m01:23:57.074110 [info ] [MainThread]:   platform_detection_timeout_seconds: 0.0
[0m01:23:57.074410 [info ] [MainThread]: Registered adapter: snowflake=1.11.5
[0m01:23:57.149822 [debug] [MainThread]: Acquiring new snowflake connection 'debug'
[0m01:23:57.164605 [debug] [MainThread]: Using snowflake connection "debug"
[0m01:23:57.164960 [debug] [MainThread]: On debug: select 1 as id
[0m01:23:57.165191 [debug] [MainThread]: Opening a new connection, currently in state init
[0m01:23:58.590248 [debug] [MainThread]: SQL status: SUCCESS 1 in 1.425 seconds
[0m01:23:58.592719 [info ] [MainThread]:   Connection test: [[32mOK connection ok[0m]

[0m01:23:58.593943 [info ] [MainThread]: [32mAll checks passed![0m
[0m01:23:58.595934 [debug] [MainThread]: Resource report: {"command_name": "debug", "command_success": true, "command_wall_clock_time": 1.8948636, "process_in_blocks": "0", "process_kernel_time": 0.141736, "process_mem_max_rss": "144144", "process_out_blocks": "40", "process_user_time": 1.337523}
[0m01:23:58.597029 [debug] [MainThread]: Command `dbt debug` succeeded at 01:23:58.596820 after 1.90 seconds
[0m01:23:58.597818 [debug] [MainThread]: Connection 'debug' was left open.
[0m01:23:58.598529 [debug] [MainThread]: On debug: Close
[0m01:23:58.909329 [debug] [MainThread]: Sending event: {'category': 'dbt', 'action': 'invocation', 'label': 'end', 'context': [<snowplow_tracker.self_describing_json.SelfDescribingJson object at 0x7bf229edf9b0>, <snowplow_tracker.self_describing_json.SelfDescribingJson object at 0x7bf223c398e0>, <snowplow_tracker.self_describing_json.SelfDescribingJson object at 0x7bf222a0c440>]}
[0m01:23:58.910578 [debug] [MainThread]: Flushing usage events
[0m01:23:59.464954 [debug] [MainThread]: An error was encountered while trying to flush usage events
[0m01:24:08.324219 [debug] [MainThread]: Sending event: {'category': 'dbt', 'action': 'invocation', 'label': 'start', 'context': [<snowplow_tracker.self_describing_json.SelfDescribingJson object at 0x758983ddc6b0>, <snowplow_tracker.self_describing_json.SelfDescribingJson object at 0x7589846c9be0>, <snowplow_tracker.self_describing_json.SelfDescribingJson object at 0x7589846ca540>]}


============================== 01:24:08.326088 | 5c31064d-12b7-48c8-895c-0c141d33715b ==============================
[0m01:24:08.326088 [info ] [MainThread]: Running with dbt=1.11.11
[0m01:24:08.326469 [debug] [MainThread]: running dbt with arguments {'log_cache_events': 'False', 'invocation_command': 'dbt run', 'log_format': 'default', 'send_anonymous_usage_stats': 'True', 'fail_fast': 'False', 'warn_error': 'None', 'debug': 'False', 'write_json': 'True', 'version_check': 'True', 'warn_error_options': 'WarnErrorOptionsV2(error=[], warn=[], silence=[])', 'log_path': '/home/yamir/Documentos/interviews/R2/demo/sales_etl_platform/dbt/logs', 'empty': 'False', 'indirect_selection': 'eager', 'quiet': 'False', 'no_print': 'None', 'static_parser': 'True', 'introspect': 'True', 'target_path': 'None', 'profiles_dir': '/home/yamir/Documentos/interviews/R2/demo/sales_etl_platform/dbt', 'printer_width': '80', 'use_colors': 'True', 'use_experimental_parser': 'False', 'partial_parse': 'True', 'cache_selected_only': 'False'}
[0m01:24:08.466360 [debug] [MainThread]: Snowflake adapter: Setting snowflake.connector to ERROR (file logging only)
[0m01:24:08.466881 [debug] [MainThread]: Snowflake adapter: Setting botocore to ERROR (file logging only)
[0m01:24:08.467156 [debug] [MainThread]: Snowflake adapter: Setting boto3 to ERROR (file logging only)
[0m01:24:08.647032 [debug] [MainThread]: Sending event: {'category': 'dbt', 'action': 'project_id', 'label': '5c31064d-12b7-48c8-895c-0c141d33715b', 'context': [<snowplow_tracker.self_describing_json.SelfDescribingJson object at 0x75898211f470>]}
[0m01:24:08.687138 [debug] [MainThread]: Sending event: {'category': 'dbt', 'action': 'adapter_info', 'label': '5c31064d-12b7-48c8-895c-0c141d33715b', 'context': [<snowplow_tracker.self_describing_json.SelfDescribingJson object at 0x75898419be00>]}
[0m01:24:08.687694 [info ] [MainThread]: Registered adapter: snowflake=1.11.5
[0m01:24:08.767153 [debug] [MainThread]: checksum: 30a8cc8fdcbf66701b0944d4ccce3fa46dd04b61e5df68b9f16d57b2e0e3f0be, vars: {}, profile: , target: , version: 1.11.11
[0m01:24:08.841570 [debug] [MainThread]: Partial parsing enabled: 0 files deleted, 0 files added, 0 files changed.
[0m01:24:08.841894 [debug] [MainThread]: Nothing changed, skipping partial parsing.
[0m01:24:08.842100 [debug] [MainThread]: Partial parsing enabled, no changes found, skipping parsing
[0m01:24:08.873695 [debug] [MainThread]: Sending event: {'category': 'dbt', 'action': 'load_project', 'label': '5c31064d-12b7-48c8-895c-0c141d33715b', 'context': [<snowplow_tracker.self_describing_json.SelfDescribingJson object at 0x7589817bd850>]}
[0m01:24:08.935343 [debug] [MainThread]: Wrote artifact WritableManifest to /home/yamir/Documentos/interviews/R2/demo/sales_etl_platform/dbt/target/manifest.json
[0m01:24:08.936553 [debug] [MainThread]: Wrote artifact SemanticManifest to /home/yamir/Documentos/interviews/R2/demo/sales_etl_platform/dbt/target/semantic_manifest.json
[0m01:24:08.941493 [debug] [MainThread]: Sending event: {'category': 'dbt', 'action': 'resource_counts', 'label': '5c31064d-12b7-48c8-895c-0c141d33715b', 'context': [<snowplow_tracker.self_describing_json.SelfDescribingJson object at 0x7589810547d0>]}
[0m01:24:08.941824 [info ] [MainThread]: Found 5 models, 7 data tests, 3 sources, 536 macros
[0m01:24:08.942066 [debug] [MainThread]: Sending event: {'category': 'dbt', 'action': 'runnable_timing', 'label': '5c31064d-12b7-48c8-895c-0c141d33715b', 'context': [<snowplow_tracker.self_describing_json.SelfDescribingJson object at 0x7589810b41a0>]}
[0m01:24:08.943351 [info ] [MainThread]: 
[0m01:24:08.943637 [info ] [MainThread]: Concurrency: 4 threads (target='dev')
[0m01:24:08.943851 [info ] [MainThread]: 
[0m01:24:08.944187 [debug] [MainThread]: Acquiring new snowflake connection 'master'
[0m01:24:08.947194 [debug] [ThreadPool]: Acquiring new snowflake connection 'list_SALES_DB'
[0m01:24:08.947971 [debug] [ThreadPool]: Acquiring new snowflake connection 'list_SALES_DB'
[0m01:24:08.977172 [debug] [ThreadPool]: Using snowflake connection "list_SALES_DB"
[0m01:24:08.977521 [debug] [ThreadPool]: On list_SALES_DB: show terse schemas in database SALES_DB
    limit 10000
/* {"app": "dbt", "dbt_version": "1.11.11", "profile_name": "sales_etl", "target_name": "dev", "connection_name": "list_SALES_DB"} */
[0m01:24:08.977770 [debug] [ThreadPool]: Opening a new connection, currently in state init
[0m01:24:08.978238 [debug] [ThreadPool]: Using snowflake connection "list_SALES_DB"
[0m01:24:08.978508 [debug] [ThreadPool]: On list_SALES_DB: show terse schemas in database SALES_DB
    limit 10000
/* {"app": "dbt", "dbt_version": "1.11.11", "profile_name": "sales_etl", "target_name": "dev", "connection_name": "list_SALES_DB"} */
[0m01:24:08.978718 [debug] [ThreadPool]: Opening a new connection, currently in state init
[0m01:24:10.388695 [debug] [ThreadPool]: SQL status: SUCCESS 8 in 1.411 seconds
[0m01:24:10.392099 [debug] [ThreadPool]: SQL status: SUCCESS 8 in 1.413 seconds
[0m01:24:10.397346 [debug] [ThreadPool]: Re-using an available connection from the pool (formerly list_SALES_DB, now list_SALES_DB_RAW_SILVER)
[0m01:24:10.398507 [debug] [ThreadPool]: Re-using an available connection from the pool (formerly list_SALES_DB, now list_SALES_DB_RAW_GOLD)
[0m01:24:10.410387 [debug] [ThreadPool]: Using snowflake connection "list_SALES_DB_RAW_SILVER"
[0m01:24:10.412316 [debug] [ThreadPool]: Using snowflake connection "list_SALES_DB_RAW_GOLD"
[0m01:24:10.412786 [debug] [ThreadPool]: On list_SALES_DB_RAW_SILVER: show objects in SALES_DB.RAW_SILVER
    limit 10000
    

/* {"app": "dbt", "dbt_version": "1.11.11", "profile_name": "sales_etl", "target_name": "dev", "connection_name": "list_SALES_DB_RAW_SILVER"} */;
[0m01:24:10.413109 [debug] [ThreadPool]: On list_SALES_DB_RAW_GOLD: show objects in SALES_DB.RAW_GOLD
    limit 10000
    

/* {"app": "dbt", "dbt_version": "1.11.11", "profile_name": "sales_etl", "target_name": "dev", "connection_name": "list_SALES_DB_RAW_GOLD"} */;
[0m01:24:10.605769 [debug] [ThreadPool]: SQL status: SUCCESS 3 in 0.191 seconds
[0m01:24:10.624402 [debug] [ThreadPool]: SQL status: SUCCESS 2 in 0.210 seconds
[0m01:24:10.629094 [debug] [MainThread]: Sending event: {'category': 'dbt', 'action': 'runnable_timing', 'label': '5c31064d-12b7-48c8-895c-0c141d33715b', 'context': [<snowplow_tracker.self_describing_json.SelfDescribingJson object at 0x7589867e2ea0>]}
[0m01:24:10.633450 [debug] [Thread-2 (]: Began running node model.sales_etl.silver_sales
[0m01:24:10.634603 [debug] [Thread-3 (]: Began running node model.sales_etl.silver_stores
[0m01:24:10.636133 [info ] [Thread-2 (]: 1 of 5 START sql table model RAW_SILVER.silver_sales ........................... [RUN]
[0m01:24:10.637926 [info ] [Thread-3 (]: 2 of 5 START sql table model RAW_SILVER.silver_stores .......................... [RUN]
[0m01:24:10.639256 [debug] [Thread-2 (]: Re-using an available connection from the pool (formerly list_SALES_DB_RAW_SILVER, now model.sales_etl.silver_sales)
[0m01:24:10.640111 [debug] [Thread-3 (]: Re-using an available connection from the pool (formerly list_SALES_DB_RAW_GOLD, now model.sales_etl.silver_stores)
[0m01:24:10.640955 [debug] [Thread-2 (]: Began compiling node model.sales_etl.silver_sales
[0m01:24:10.641664 [debug] [Thread-3 (]: Began compiling node model.sales_etl.silver_stores
[0m01:24:10.650851 [debug] [Thread-2 (]: Writing injected SQL for node "model.sales_etl.silver_sales"
[0m01:24:10.655058 [debug] [Thread-3 (]: Writing injected SQL for node "model.sales_etl.silver_stores"
[0m01:24:10.656353 [debug] [Thread-2 (]: Began executing node model.sales_etl.silver_sales
[0m01:24:10.672823 [debug] [Thread-3 (]: Began executing node model.sales_etl.silver_stores
[0m01:24:10.685320 [debug] [Thread-2 (]: Writing runtime sql for node "model.sales_etl.silver_sales"
[0m01:24:10.685810 [debug] [Thread-3 (]: Writing runtime sql for node "model.sales_etl.silver_stores"
[0m01:24:10.686399 [debug] [Thread-3 (]: Using snowflake connection "model.sales_etl.silver_stores"
[0m01:24:10.686692 [debug] [Thread-3 (]: On model.sales_etl.silver_stores: create or replace transient table SALES_DB.RAW_SILVER.silver_stores
    
    
    
    as (with source as (

    select *
    from SALES_DB.RAW.stores

),

deduped as (

    select *
    from source
    qualify row_number() over (
        partition by store_token
        order by load_timestamp desc
    ) = 1

)

select *
from deduped
    )

/* {"app": "dbt", "dbt_version": "1.11.11", "profile_name": "sales_etl", "target_name": "dev", "node_id": "model.sales_etl.silver_stores"} */;
[0m01:24:10.687674 [debug] [Thread-2 (]: Using snowflake connection "model.sales_etl.silver_sales"
[0m01:24:10.688025 [debug] [Thread-2 (]: On model.sales_etl.silver_sales: create or replace transient table SALES_DB.RAW_SILVER.silver_sales
    
    
    
    as (with source as (

    select *
    from SALES_DB.RAW.sales

),

typed as (

    select
        store_token,
        transaction_id,
        receipt_token,
        try_to_timestamp(
            transaction_time,
            'YYYYMMDD"T"HH24MISS.FF3'
        ) as transaction_timestamp,
        try_to_number(amount,11,2) as amount,
        user_role,
        batch_date,
        source_file,
        load_timestamp
    from source

),

deduped as (

    select *
    from typed
    qualify row_number() over (
        partition by
            store_token,
            transaction_id
        order by
            load_timestamp desc
    ) = 1

)

select *
from deduped
    )

/* {"app": "dbt", "dbt_version": "1.11.11", "profile_name": "sales_etl", "target_name": "dev", "node_id": "model.sales_etl.silver_sales"} */;
[0m01:24:11.635283 [debug] [Thread-2 (]: SQL status: SUCCESS 1280 in 0.946 seconds
[0m01:24:11.655713 [debug] [Thread-2 (]: Sending event: {'category': 'dbt', 'action': 'run_model', 'label': '5c31064d-12b7-48c8-895c-0c141d33715b', 'context': [<snowplow_tracker.self_describing_json.SelfDescribingJson object at 0x758984c313d0>]}
[0m01:24:11.656149 [info ] [Thread-2 (]: 1 of 5 OK created sql table model RAW_SILVER.silver_sales ...................... [[32mSUCCESS 1280[0m in 1.02s]
[0m01:24:11.656526 [debug] [Thread-2 (]: Finished running node model.sales_etl.silver_sales
[0m01:24:11.657369 [debug] [Thread-5 (]: Began running node model.sales_etl.rpt_sales_by_transaction_date
[0m01:24:11.657914 [info ] [Thread-5 (]: 3 of 5 START sql table model RAW_GOLD.rpt_sales_by_transaction_date ............ [RUN]
[0m01:24:11.658274 [debug] [Thread-5 (]: Acquiring new snowflake connection 'model.sales_etl.rpt_sales_by_transaction_date'
[0m01:24:11.658521 [debug] [Thread-5 (]: Began compiling node model.sales_etl.rpt_sales_by_transaction_date
[0m01:24:11.660035 [debug] [Thread-5 (]: Writing injected SQL for node "model.sales_etl.rpt_sales_by_transaction_date"
[0m01:24:11.660498 [debug] [Thread-4 (]: Began running node model.sales_etl.rpt_transactions_by_batch
[0m01:24:11.660829 [info ] [Thread-4 (]: 4 of 5 START sql table model RAW_GOLD.rpt_transactions_by_batch ................ [RUN]
[0m01:24:11.661316 [debug] [Thread-4 (]: Acquiring new snowflake connection 'model.sales_etl.rpt_transactions_by_batch'
[0m01:24:11.661574 [debug] [Thread-4 (]: Began compiling node model.sales_etl.rpt_transactions_by_batch
[0m01:24:11.663288 [debug] [Thread-4 (]: Writing injected SQL for node "model.sales_etl.rpt_transactions_by_batch"
[0m01:24:11.663805 [debug] [Thread-5 (]: Began executing node model.sales_etl.rpt_sales_by_transaction_date
[0m01:24:11.665535 [debug] [Thread-5 (]: Writing runtime sql for node "model.sales_etl.rpt_sales_by_transaction_date"
[0m01:24:11.666349 [debug] [Thread-5 (]: Using snowflake connection "model.sales_etl.rpt_sales_by_transaction_date"
[0m01:24:11.666699 [debug] [Thread-5 (]: On model.sales_etl.rpt_sales_by_transaction_date: create or replace transient table SALES_DB.RAW_GOLD.rpt_sales_by_transaction_date
    
    
    
    as (with sales as (

    select *
    from SALES_DB.RAW_SILVER.silver_sales

),

daily as (

    select
        current_date() as snapshot_date,
        cast(transaction_timestamp as date)
            as transaction_date,
        count(distinct store_token)
            as stores_with_transactions,
        sum(amount)
            as total_sales_amount,
        avg(amount)
            as total_sales_average
    from sales
    group by 2

),

monthly as (

    select
        *,
        sum(total_sales_amount) over (
            partition by
                date_trunc(
                    month,
                    transaction_date
                )
            order by transaction_date
        ) as monthly_accumulated_sales
    from daily
    
)

select *
from monthly
qualify row_number() over (
    order by transaction_date desc
) <= 40
    )

/* {"app": "dbt", "dbt_version": "1.11.11", "profile_name": "sales_etl", "target_name": "dev", "node_id": "model.sales_etl.rpt_sales_by_transaction_date"} */;
[0m01:24:11.667068 [debug] [Thread-5 (]: Opening a new connection, currently in state init
[0m01:24:11.667430 [debug] [Thread-4 (]: Began executing node model.sales_etl.rpt_transactions_by_batch
[0m01:24:11.670562 [debug] [Thread-4 (]: Writing runtime sql for node "model.sales_etl.rpt_transactions_by_batch"
[0m01:24:11.671796 [debug] [Thread-4 (]: Using snowflake connection "model.sales_etl.rpt_transactions_by_batch"
[0m01:24:11.672590 [debug] [Thread-4 (]: On model.sales_etl.rpt_transactions_by_batch: create or replace transient table SALES_DB.RAW_GOLD.rpt_transactions_by_batch
    
    
    
    as (with sales as (

    select *
    from SALES_DB.RAW_SILVER.silver_sales

),

audit as (

    select *
    from SALES_DB.RAW.file_audit

)

select
    current_date() as snapshot_date,
    batch_date,
    count(*) as total_processed_raw_transactions,
    count(*) as valid_transactions,
    0 as invalid_transactions,
    max(load_timestamp)::date as processing_date
from sales
group by batch_date
qualify row_number() over (
    order by batch_date desc
) <= 40
    )

/* {"app": "dbt", "dbt_version": "1.11.11", "profile_name": "sales_etl", "target_name": "dev", "node_id": "model.sales_etl.rpt_transactions_by_batch"} */;
[0m01:24:11.672963 [debug] [Thread-4 (]: Opening a new connection, currently in state init
[0m01:24:11.887386 [debug] [Thread-3 (]: SQL status: SUCCESS 72 in 1.200 seconds
[0m01:24:11.891213 [debug] [Thread-3 (]: Sending event: {'category': 'dbt', 'action': 'run_model', 'label': '5c31064d-12b7-48c8-895c-0c141d33715b', 'context': [<snowplow_tracker.self_describing_json.SelfDescribingJson object at 0x7589801b85c0>]}
[0m01:24:11.891765 [info ] [Thread-3 (]: 2 of 5 OK created sql table model RAW_SILVER.silver_stores ..................... [[32mSUCCESS 72[0m in 1.25s]
[0m01:24:11.892147 [debug] [Thread-3 (]: Finished running node model.sales_etl.silver_stores
[0m01:24:11.893437 [debug] [Thread-2 (]: Began running node model.sales_etl.rpt_top_5_sales_stores
[0m01:24:11.894625 [info ] [Thread-2 (]: 5 of 5 START sql table model RAW_GOLD.rpt_top_5_sales_stores ................... [RUN]
[0m01:24:11.895619 [debug] [Thread-2 (]: Re-using an available connection from the pool (formerly model.sales_etl.silver_sales, now model.sales_etl.rpt_top_5_sales_stores)
[0m01:24:11.896365 [debug] [Thread-2 (]: Began compiling node model.sales_etl.rpt_top_5_sales_stores
[0m01:24:11.900932 [debug] [Thread-2 (]: Writing injected SQL for node "model.sales_etl.rpt_top_5_sales_stores"
[0m01:24:11.901730 [debug] [Thread-2 (]: Began executing node model.sales_etl.rpt_top_5_sales_stores
[0m01:24:11.903982 [debug] [Thread-2 (]: Writing runtime sql for node "model.sales_etl.rpt_top_5_sales_stores"
[0m01:24:11.904858 [debug] [Thread-2 (]: Using snowflake connection "model.sales_etl.rpt_top_5_sales_stores"
[0m01:24:11.905155 [debug] [Thread-2 (]: On model.sales_etl.rpt_top_5_sales_stores: create or replace transient table SALES_DB.RAW_GOLD.rpt_top_5_sales_stores
    
    
    
    as (with sales as (

    select *
    from SALES_DB.RAW_SILVER.silver_sales

),

stores as (

    select *
    from SALES_DB.RAW_SILVER.silver_stores

),

daily_sales as (

    select
        cast(
            transaction_timestamp as date
        ) as transaction_date,
        store_token,
        sum(amount) as total_sales
    from sales
    group by 1,2

),

ranked as (

    select
        *,
        dense_rank() over (
            partition by transaction_date
            order by total_sales desc
        ) as rank_id

    from daily_sales

)

select
    current_date() as snapshot_date,
    r.transaction_date,
    r.rank_id,
    r.total_sales,
    r.store_token,
    s.store_name
from ranked r
join stores s
    on r.store_token = s.store_token
where rank_id <= 5
qualify row_number() over (
    order by transaction_date desc
) <= 50
    )

/* {"app": "dbt", "dbt_version": "1.11.11", "profile_name": "sales_etl", "target_name": "dev", "node_id": "model.sales_etl.rpt_top_5_sales_stores"} */;
[0m01:24:12.849262 [debug] [Thread-2 (]: SQL status: SUCCESS 15 in 0.943 seconds
[0m01:24:12.852738 [debug] [Thread-2 (]: Sending event: {'category': 'dbt', 'action': 'run_model', 'label': '5c31064d-12b7-48c8-895c-0c141d33715b', 'context': [<snowplow_tracker.self_describing_json.SelfDescribingJson object at 0x758980045100>]}
[0m01:24:12.853155 [info ] [Thread-2 (]: 5 of 5 OK created sql table model RAW_GOLD.rpt_top_5_sales_stores .............. [[32mSUCCESS 15[0m in 0.96s]
[0m01:24:12.853524 [debug] [Thread-2 (]: Finished running node model.sales_etl.rpt_top_5_sales_stores
[0m01:24:13.157246 [debug] [Thread-5 (]: SQL status: SUCCESS 3 in 1.490 seconds
[0m01:24:13.159197 [debug] [Thread-5 (]: Sending event: {'category': 'dbt', 'action': 'run_model', 'label': '5c31064d-12b7-48c8-895c-0c141d33715b', 'context': [<snowplow_tracker.self_describing_json.SelfDescribingJson object at 0x7589802ba960>]}
[0m01:24:13.159692 [info ] [Thread-5 (]: 3 of 5 OK created sql table model RAW_GOLD.rpt_sales_by_transaction_date ....... [[32mSUCCESS 3[0m in 1.50s]
[0m01:24:13.160106 [debug] [Thread-5 (]: Finished running node model.sales_etl.rpt_sales_by_transaction_date
[0m01:24:14.104160 [debug] [Thread-4 (]: SQL status: SUCCESS 3 in 2.431 seconds
[0m01:24:14.107602 [debug] [Thread-4 (]: Sending event: {'category': 'dbt', 'action': 'run_model', 'label': '5c31064d-12b7-48c8-895c-0c141d33715b', 'context': [<snowplow_tracker.self_describing_json.SelfDescribingJson object at 0x75898028cf50>]}
[0m01:24:14.108021 [info ] [Thread-4 (]: 4 of 5 OK created sql table model RAW_GOLD.rpt_transactions_by_batch ........... [[32mSUCCESS 3[0m in 2.45s]
[0m01:24:14.108389 [debug] [Thread-4 (]: Finished running node model.sales_etl.rpt_transactions_by_batch
[0m01:24:14.109856 [debug] [MainThread]: Connection 'master' was properly closed.
[0m01:24:14.110356 [debug] [MainThread]: Connection 'model.sales_etl.silver_stores' was left open.
[0m01:24:14.110781 [debug] [MainThread]: On model.sales_etl.silver_stores: Close
[0m01:24:14.405268 [debug] [MainThread]: Connection 'model.sales_etl.rpt_top_5_sales_stores' was left open.
[0m01:24:14.405963 [debug] [MainThread]: On model.sales_etl.rpt_top_5_sales_stores: Close
[0m01:24:14.709215 [debug] [MainThread]: Connection 'model.sales_etl.rpt_sales_by_transaction_date' was left open.
[0m01:24:14.710523 [debug] [MainThread]: On model.sales_etl.rpt_sales_by_transaction_date: Close
[0m01:24:15.040329 [debug] [MainThread]: Connection 'model.sales_etl.rpt_transactions_by_batch' was left open.
[0m01:24:15.041180 [debug] [MainThread]: On model.sales_etl.rpt_transactions_by_batch: Close
[0m01:24:15.336508 [info ] [MainThread]: 
[0m01:24:15.338015 [info ] [MainThread]: Finished running 5 table models in 0 hours 0 minutes and 6.39 seconds (6.39s).
[0m01:24:15.340584 [debug] [MainThread]: Command end result
[0m01:24:15.365925 [debug] [MainThread]: Wrote artifact WritableManifest to /home/yamir/Documentos/interviews/R2/demo/sales_etl_platform/dbt/target/manifest.json
[0m01:24:15.367640 [debug] [MainThread]: Wrote artifact SemanticManifest to /home/yamir/Documentos/interviews/R2/demo/sales_etl_platform/dbt/target/semantic_manifest.json
[0m01:24:15.372387 [debug] [MainThread]: Wrote artifact RunExecutionResult to /home/yamir/Documentos/interviews/R2/demo/sales_etl_platform/dbt/target/run_results.json
[0m01:24:15.372714 [info ] [MainThread]: 
[0m01:24:15.372973 [info ] [MainThread]: [32mCompleted successfully[0m
[0m01:24:15.373190 [info ] [MainThread]: 
[0m01:24:15.373420 [info ] [MainThread]: Done. PASS=5 WARN=0 ERROR=0 SKIP=0 NO-OP=0 TOTAL=5
[0m01:24:15.374041 [debug] [MainThread]: Resource report: {"command_name": "run", "command_success": true, "command_wall_clock_time": 7.086803, "process_in_blocks": "0", "process_kernel_time": 0.148918, "process_mem_max_rss": "160024", "process_out_blocks": "2704", "process_user_time": 1.812012}
[0m01:24:15.374375 [debug] [MainThread]: Command `dbt run` succeeded at 01:24:15.374303 after 7.09 seconds
[0m01:24:15.374677 [debug] [MainThread]: Sending event: {'category': 'dbt', 'action': 'invocation', 'label': 'end', 'context': [<snowplow_tracker.self_describing_json.SelfDescribingJson object at 0x7589850df1a0>, <snowplow_tracker.self_describing_json.SelfDescribingJson object at 0x758983ddc6b0>, <snowplow_tracker.self_describing_json.SelfDescribingJson object at 0x758984536120>]}
[0m01:24:15.374920 [debug] [MainThread]: Flushing usage events
[0m01:24:16.063108 [debug] [MainThread]: An error was encountered while trying to flush usage events
[0m01:24:27.369031 [debug] [MainThread]: Sending event: {'category': 'dbt', 'action': 'invocation', 'label': 'start', 'context': [<snowplow_tracker.self_describing_json.SelfDescribingJson object at 0x7b80f10a60f0>, <snowplow_tracker.self_describing_json.SelfDescribingJson object at 0x7b80f17e0c20>, <snowplow_tracker.self_describing_json.SelfDescribingJson object at 0x7b80f124f5f0>]}


============================== 01:24:27.371061 | 6dceb0b6-5626-4f7d-b8ae-58b957dbdb8b ==============================
[0m01:24:27.371061 [info ] [MainThread]: Running with dbt=1.11.11
[0m01:24:27.371412 [debug] [MainThread]: running dbt with arguments {'send_anonymous_usage_stats': 'True', 'invocation_command': 'dbt test', 'printer_width': '80', 'version_check': 'True', 'debug': 'False', 'fail_fast': 'False', 'write_json': 'True', 'use_experimental_parser': 'False', 'warn_error_options': 'WarnErrorOptionsV2(error=[], warn=[], silence=[])', 'log_cache_events': 'False', 'log_format': 'default', 'cache_selected_only': 'False', 'no_print': 'None', 'warn_error': 'None', 'target_path': 'None', 'empty': 'None', 'log_path': '/home/yamir/Documentos/interviews/R2/demo/sales_etl_platform/dbt/logs', 'indirect_selection': 'eager', 'partial_parse': 'True', 'static_parser': 'True', 'use_colors': 'True', 'quiet': 'False', 'profiles_dir': '/home/yamir/Documentos/interviews/R2/demo/sales_etl_platform/dbt', 'introspect': 'True'}
[0m01:24:27.511737 [debug] [MainThread]: Snowflake adapter: Setting snowflake.connector to ERROR (file logging only)
[0m01:24:27.512111 [debug] [MainThread]: Snowflake adapter: Setting botocore to ERROR (file logging only)
[0m01:24:27.512344 [debug] [MainThread]: Snowflake adapter: Setting boto3 to ERROR (file logging only)
[0m01:24:27.662376 [debug] [MainThread]: Sending event: {'category': 'dbt', 'action': 'project_id', 'label': '6dceb0b6-5626-4f7d-b8ae-58b957dbdb8b', 'context': [<snowplow_tracker.self_describing_json.SelfDescribingJson object at 0x7b80f17e02c0>]}
[0m01:24:27.701998 [debug] [MainThread]: Sending event: {'category': 'dbt', 'action': 'adapter_info', 'label': '6dceb0b6-5626-4f7d-b8ae-58b957dbdb8b', 'context': [<snowplow_tracker.self_describing_json.SelfDescribingJson object at 0x7b80f30c7f50>]}
[0m01:24:27.702581 [info ] [MainThread]: Registered adapter: snowflake=1.11.5
[0m01:24:27.782130 [debug] [MainThread]: checksum: 30a8cc8fdcbf66701b0944d4ccce3fa46dd04b61e5df68b9f16d57b2e0e3f0be, vars: {}, profile: , target: , version: 1.11.11
[0m01:24:27.853008 [debug] [MainThread]: Partial parsing enabled: 0 files deleted, 0 files added, 0 files changed.
[0m01:24:27.853342 [debug] [MainThread]: Nothing changed, skipping partial parsing.
[0m01:24:27.853559 [debug] [MainThread]: Partial parsing enabled, no changes found, skipping parsing
[0m01:24:27.883601 [debug] [MainThread]: Sending event: {'category': 'dbt', 'action': 'load_project', 'label': '6dceb0b6-5626-4f7d-b8ae-58b957dbdb8b', 'context': [<snowplow_tracker.self_describing_json.SelfDescribingJson object at 0x7b80eef1b920>]}
[0m01:24:27.944020 [debug] [MainThread]: Wrote artifact WritableManifest to /home/yamir/Documentos/interviews/R2/demo/sales_etl_platform/dbt/target/manifest.json
[0m01:24:27.945095 [debug] [MainThread]: Wrote artifact SemanticManifest to /home/yamir/Documentos/interviews/R2/demo/sales_etl_platform/dbt/target/semantic_manifest.json
[0m01:24:27.955007 [debug] [MainThread]: Sending event: {'category': 'dbt', 'action': 'resource_counts', 'label': '6dceb0b6-5626-4f7d-b8ae-58b957dbdb8b', 'context': [<snowplow_tracker.self_describing_json.SelfDescribingJson object at 0x7b80ed708320>]}
[0m01:24:27.955342 [info ] [MainThread]: Found 5 models, 7 data tests, 3 sources, 536 macros
[0m01:24:27.955605 [debug] [MainThread]: Sending event: {'category': 'dbt', 'action': 'runnable_timing', 'label': '6dceb0b6-5626-4f7d-b8ae-58b957dbdb8b', 'context': [<snowplow_tracker.self_describing_json.SelfDescribingJson object at 0x7b80ed8e8440>]}
[0m01:24:27.956896 [info ] [MainThread]: 
[0m01:24:27.957142 [info ] [MainThread]: Concurrency: 4 threads (target='dev')
[0m01:24:27.957354 [info ] [MainThread]: 
[0m01:24:27.957662 [debug] [MainThread]: Acquiring new snowflake connection 'master'
[0m01:24:27.960490 [debug] [ThreadPool]: Acquiring new snowflake connection 'list_SALES_DB_RAW_SILVER'
[0m01:24:27.968856 [debug] [ThreadPool]: Acquiring new snowflake connection 'list_SALES_DB_RAW_GOLD'
[0m01:24:27.992807 [debug] [ThreadPool]: Using snowflake connection "list_SALES_DB_RAW_SILVER"
[0m01:24:27.993143 [debug] [ThreadPool]: On list_SALES_DB_RAW_SILVER: show objects in SALES_DB.RAW_SILVER
    limit 10000
    

/* {"app": "dbt", "dbt_version": "1.11.11", "profile_name": "sales_etl", "target_name": "dev", "connection_name": "list_SALES_DB_RAW_SILVER"} */;
[0m01:24:27.993360 [debug] [ThreadPool]: Opening a new connection, currently in state init
[0m01:24:27.994546 [debug] [ThreadPool]: Using snowflake connection "list_SALES_DB_RAW_GOLD"
[0m01:24:27.994836 [debug] [ThreadPool]: On list_SALES_DB_RAW_GOLD: show objects in SALES_DB.RAW_GOLD
    limit 10000
    

/* {"app": "dbt", "dbt_version": "1.11.11", "profile_name": "sales_etl", "target_name": "dev", "connection_name": "list_SALES_DB_RAW_GOLD"} */;
[0m01:24:27.995031 [debug] [ThreadPool]: Opening a new connection, currently in state init
[0m01:24:29.340491 [debug] [ThreadPool]: SQL status: SUCCESS 2 in 1.347 seconds
[0m01:24:29.417567 [debug] [ThreadPool]: SQL status: SUCCESS 3 in 1.422 seconds
[0m01:24:29.423399 [debug] [MainThread]: Sending event: {'category': 'dbt', 'action': 'runnable_timing', 'label': '6dceb0b6-5626-4f7d-b8ae-58b957dbdb8b', 'context': [<snowplow_tracker.self_describing_json.SelfDescribingJson object at 0x7b80edf9fd10>]}
[0m01:24:29.427594 [debug] [Thread-2 (]: Began running node test.sales_etl.not_null_silver_sales_amount.02a892d606
[0m01:24:29.428554 [debug] [Thread-3 (]: Began running node test.sales_etl.not_null_silver_sales_store_token.a775148663
[0m01:24:29.429703 [debug] [Thread-4 (]: Began running node test.sales_etl.not_null_silver_sales_transaction_id.728e50eea6
[0m01:24:29.430871 [debug] [Thread-5 (]: Began running node test.sales_etl.not_null_silver_stores_store_token.6cfdf18669
[0m01:24:29.432014 [info ] [Thread-2 (]: 1 of 6 START test not_null_silver_sales_amount ................................. [RUN]
[0m01:24:29.433237 [info ] [Thread-3 (]: 2 of 6 START test not_null_silver_sales_store_token ............................ [RUN]
[0m01:24:29.434500 [info ] [Thread-4 (]: 3 of 6 START test not_null_silver_sales_transaction_id ......................... [RUN]
[0m01:24:29.435796 [info ] [Thread-5 (]: 4 of 6 START test not_null_silver_stores_store_token ........................... [RUN]
[0m01:24:29.437023 [debug] [Thread-2 (]: Re-using an available connection from the pool (formerly list_SALES_DB_RAW_GOLD, now test.sales_etl.not_null_silver_sales_amount.02a892d606)
[0m01:24:29.438221 [debug] [Thread-3 (]: Re-using an available connection from the pool (formerly list_SALES_DB_RAW_SILVER, now test.sales_etl.not_null_silver_sales_store_token.a775148663)
[0m01:24:29.439701 [debug] [Thread-4 (]: Acquiring new snowflake connection 'test.sales_etl.not_null_silver_sales_transaction_id.728e50eea6'
[0m01:24:29.440983 [debug] [Thread-5 (]: Acquiring new snowflake connection 'test.sales_etl.not_null_silver_stores_store_token.6cfdf18669'
[0m01:24:29.442056 [debug] [Thread-2 (]: Began compiling node test.sales_etl.not_null_silver_sales_amount.02a892d606
[0m01:24:29.443189 [debug] [Thread-3 (]: Began compiling node test.sales_etl.not_null_silver_sales_store_token.a775148663
[0m01:24:29.444337 [debug] [Thread-4 (]: Began compiling node test.sales_etl.not_null_silver_sales_transaction_id.728e50eea6
[0m01:24:29.445352 [debug] [Thread-5 (]: Began compiling node test.sales_etl.not_null_silver_stores_store_token.6cfdf18669
[0m01:24:29.466738 [debug] [Thread-2 (]: Writing injected SQL for node "test.sales_etl.not_null_silver_sales_amount.02a892d606"
[0m01:24:29.469857 [debug] [Thread-3 (]: Writing injected SQL for node "test.sales_etl.not_null_silver_sales_store_token.a775148663"
[0m01:24:29.472576 [debug] [Thread-4 (]: Writing injected SQL for node "test.sales_etl.not_null_silver_sales_transaction_id.728e50eea6"
[0m01:24:29.475964 [debug] [Thread-5 (]: Writing injected SQL for node "test.sales_etl.not_null_silver_stores_store_token.6cfdf18669"
[0m01:24:29.476616 [debug] [Thread-2 (]: Began executing node test.sales_etl.not_null_silver_sales_amount.02a892d606
[0m01:24:29.477091 [debug] [Thread-3 (]: Began executing node test.sales_etl.not_null_silver_sales_store_token.a775148663
[0m01:24:29.477424 [debug] [Thread-4 (]: Began executing node test.sales_etl.not_null_silver_sales_transaction_id.728e50eea6
[0m01:24:29.483362 [debug] [Thread-5 (]: Began executing node test.sales_etl.not_null_silver_stores_store_token.6cfdf18669
[0m01:24:29.499062 [debug] [Thread-3 (]: Writing runtime sql for node "test.sales_etl.not_null_silver_sales_store_token.a775148663"
[0m01:24:29.499768 [debug] [Thread-2 (]: Writing runtime sql for node "test.sales_etl.not_null_silver_sales_amount.02a892d606"
[0m01:24:29.501808 [debug] [Thread-4 (]: Writing runtime sql for node "test.sales_etl.not_null_silver_sales_transaction_id.728e50eea6"
[0m01:24:29.503623 [debug] [Thread-5 (]: Writing runtime sql for node "test.sales_etl.not_null_silver_stores_store_token.6cfdf18669"
[0m01:24:29.504339 [debug] [Thread-3 (]: Using snowflake connection "test.sales_etl.not_null_silver_sales_store_token.a775148663"
[0m01:24:29.505069 [debug] [Thread-4 (]: Using snowflake connection "test.sales_etl.not_null_silver_sales_transaction_id.728e50eea6"
[0m01:24:29.505666 [debug] [Thread-3 (]: On test.sales_etl.not_null_silver_sales_store_token.a775148663: select
      count(*) as failures,
      count(*) != 0 as should_warn,
      count(*) != 0 as should_error
    from (
      
    
  
    
    



select store_token
from SALES_DB.RAW_SILVER.silver_sales
where store_token is null



  
  
      
    ) dbt_internal_test
/* {"app": "dbt", "dbt_version": "1.11.11", "profile_name": "sales_etl", "target_name": "dev", "node_id": "test.sales_etl.not_null_silver_sales_store_token.a775148663"} */
[0m01:24:29.506138 [debug] [Thread-5 (]: Using snowflake connection "test.sales_etl.not_null_silver_stores_store_token.6cfdf18669"
[0m01:24:29.506645 [debug] [Thread-4 (]: On test.sales_etl.not_null_silver_sales_transaction_id.728e50eea6: select
      count(*) as failures,
      count(*) != 0 as should_warn,
      count(*) != 0 as should_error
    from (
      
    
  
    
    



select transaction_id
from SALES_DB.RAW_SILVER.silver_sales
where transaction_id is null



  
  
      
    ) dbt_internal_test
/* {"app": "dbt", "dbt_version": "1.11.11", "profile_name": "sales_etl", "target_name": "dev", "node_id": "test.sales_etl.not_null_silver_sales_transaction_id.728e50eea6"} */
[0m01:24:29.507306 [debug] [Thread-2 (]: Using snowflake connection "test.sales_etl.not_null_silver_sales_amount.02a892d606"
[0m01:24:29.508777 [debug] [Thread-5 (]: On test.sales_etl.not_null_silver_stores_store_token.6cfdf18669: select
      count(*) as failures,
      count(*) != 0 as should_warn,
      count(*) != 0 as should_error
    from (
      
    
  
    
    



select store_token
from SALES_DB.RAW_SILVER.silver_stores
where store_token is null



  
  
      
    ) dbt_internal_test
/* {"app": "dbt", "dbt_version": "1.11.11", "profile_name": "sales_etl", "target_name": "dev", "node_id": "test.sales_etl.not_null_silver_stores_store_token.6cfdf18669"} */
[0m01:24:29.509139 [debug] [Thread-4 (]: Opening a new connection, currently in state init
[0m01:24:29.509563 [debug] [Thread-2 (]: On test.sales_etl.not_null_silver_sales_amount.02a892d606: select
      count(*) as failures,
      count(*) != 0 as should_warn,
      count(*) != 0 as should_error
    from (
      
    
  
    
    



select amount
from SALES_DB.RAW_SILVER.silver_sales
where amount is null



  
  
      
    ) dbt_internal_test
/* {"app": "dbt", "dbt_version": "1.11.11", "profile_name": "sales_etl", "target_name": "dev", "node_id": "test.sales_etl.not_null_silver_sales_amount.02a892d606"} */
[0m01:24:29.509916 [debug] [Thread-5 (]: Opening a new connection, currently in state init
[0m01:24:29.710298 [debug] [Thread-3 (]: SQL status: SUCCESS 1 in 0.202 seconds
[0m01:24:29.717570 [info ] [Thread-3 (]: 2 of 6 PASS not_null_silver_sales_store_token .................................. [[32mPASS[0m in 0.28s]
[0m01:24:29.717974 [debug] [Thread-3 (]: Finished running node test.sales_etl.not_null_silver_sales_store_token.a775148663
[0m01:24:29.718234 [debug] [Thread-3 (]: Began running node test.sales_etl.unique_silver_stores_store_token.2ae0e77f54
[0m01:24:29.718485 [info ] [Thread-3 (]: 5 of 6 START test unique_silver_stores_store_token ............................. [RUN]
[0m01:24:29.718914 [debug] [Thread-3 (]: Re-using an available connection from the pool (formerly test.sales_etl.not_null_silver_sales_store_token.a775148663, now test.sales_etl.unique_silver_stores_store_token.2ae0e77f54)
[0m01:24:29.719172 [debug] [Thread-3 (]: Began compiling node test.sales_etl.unique_silver_stores_store_token.2ae0e77f54
[0m01:24:29.722974 [debug] [Thread-3 (]: Writing injected SQL for node "test.sales_etl.unique_silver_stores_store_token.2ae0e77f54"
[0m01:24:29.723991 [debug] [Thread-2 (]: SQL status: SUCCESS 1 in 0.214 seconds
[0m01:24:29.725332 [info ] [Thread-2 (]: 1 of 6 PASS not_null_silver_sales_amount ....................................... [[32mPASS[0m in 0.29s]
[0m01:24:29.725745 [debug] [Thread-2 (]: Finished running node test.sales_etl.not_null_silver_sales_amount.02a892d606
[0m01:24:29.726017 [debug] [Thread-2 (]: Began running node test.sales_etl.unique_transaction
[0m01:24:29.726243 [info ] [Thread-2 (]: 6 of 6 START test unique_transaction ........................................... [RUN]
[0m01:24:29.726646 [debug] [Thread-2 (]: Re-using an available connection from the pool (formerly test.sales_etl.not_null_silver_sales_amount.02a892d606, now test.sales_etl.unique_transaction)
[0m01:24:29.727252 [debug] [Thread-2 (]: Began compiling node test.sales_etl.unique_transaction
[0m01:24:29.729073 [debug] [Thread-2 (]: Writing injected SQL for node "test.sales_etl.unique_transaction"
[0m01:24:29.729404 [debug] [Thread-3 (]: Began executing node test.sales_etl.unique_silver_stores_store_token.2ae0e77f54
[0m01:24:29.732105 [debug] [Thread-3 (]: Writing runtime sql for node "test.sales_etl.unique_silver_stores_store_token.2ae0e77f54"
[0m01:24:29.732715 [debug] [Thread-3 (]: Using snowflake connection "test.sales_etl.unique_silver_stores_store_token.2ae0e77f54"
[0m01:24:29.733023 [debug] [Thread-3 (]: On test.sales_etl.unique_silver_stores_store_token.2ae0e77f54: select
      count(*) as failures,
      count(*) != 0 as should_warn,
      count(*) != 0 as should_error
    from (
      
    
  
    
    

select
    store_token as unique_field,
    count(*) as n_records

from SALES_DB.RAW_SILVER.silver_stores
where store_token is not null
group by store_token
having count(*) > 1



  
  
      
    ) dbt_internal_test
/* {"app": "dbt", "dbt_version": "1.11.11", "profile_name": "sales_etl", "target_name": "dev", "node_id": "test.sales_etl.unique_silver_stores_store_token.2ae0e77f54"} */
[0m01:24:29.733494 [debug] [Thread-2 (]: Began executing node test.sales_etl.unique_transaction
[0m01:24:29.736803 [debug] [Thread-2 (]: Writing runtime sql for node "test.sales_etl.unique_transaction"
[0m01:24:29.737779 [debug] [Thread-2 (]: Using snowflake connection "test.sales_etl.unique_transaction"
[0m01:24:29.738682 [debug] [Thread-2 (]: On test.sales_etl.unique_transaction: select
      count(*) as failures,
      count(*) != 0 as should_warn,
      count(*) != 0 as should_error
    from (
      
    
  selectss
    store_token,
    transaction_id,
    count(*)
from SALES_DB.RAW_SILVER.silver_sales
group by
    store_token,
    transaction_id
having count(*) > 1
  
  
      
    ) dbt_internal_test
/* {"app": "dbt", "dbt_version": "1.11.11", "profile_name": "sales_etl", "target_name": "dev", "node_id": "test.sales_etl.unique_transaction"} */
[0m01:24:29.921100 [debug] [Thread-2 (]: Snowflake adapter: Snowflake query id: 01c4d108-0001-e968-001c-ae67000b4182
[0m01:24:29.921638 [debug] [Thread-2 (]: Snowflake adapter: Snowflake error: 001003 (42000): SQL compilation error:
syntax error line 8 at position 2 unexpected 'selectss'.
syntax error line 11 at position 9 unexpected '('.
syntax error line 20 at position 4 unexpected ')'.
[0m01:24:29.924757 [debug] [Thread-2 (]: Database Error in test unique_transaction (tests/unique_transaction.sql)
  001003 (42000): SQL compilation error:
  syntax error line 8 at position 2 unexpected 'selectss'.
  syntax error line 11 at position 9 unexpected '('.
  syntax error line 20 at position 4 unexpected ')'.
  compiled code at target/run/sales_etl/tests/unique_transaction.sql
[0m01:24:29.925296 [error] [Thread-2 (]: 6 of 6 ERROR unique_transaction ................................................ [[31mERROR[0m in 0.20s]
[0m01:24:29.925952 [debug] [Thread-2 (]: Finished running node test.sales_etl.unique_transaction
[0m01:24:29.926602 [debug] [Thread-8 (]: Marking all children of 'test.sales_etl.unique_transaction' to be skipped because of status 'error'.  Reason: Database Error in test unique_transaction (tests/unique_transaction.sql)
  001003 (42000): SQL compilation error:
  syntax error line 8 at position 2 unexpected 'selectss'.
  syntax error line 11 at position 9 unexpected '('.
  syntax error line 20 at position 4 unexpected ')'.
  compiled code at target/run/sales_etl/tests/unique_transaction.sql.
[0m01:24:29.968176 [debug] [Thread-3 (]: SQL status: SUCCESS 1 in 0.234 seconds
[0m01:24:29.970234 [info ] [Thread-3 (]: 5 of 6 PASS unique_silver_stores_store_token ................................... [[32mPASS[0m in 0.25s]
[0m01:24:29.970692 [debug] [Thread-3 (]: Finished running node test.sales_etl.unique_silver_stores_store_token.2ae0e77f54
[0m01:24:30.249060 [debug] [Thread-5 (]: SQL status: SUCCESS 1 in 0.739 seconds
[0m01:24:30.252488 [info ] [Thread-5 (]: 4 of 6 PASS not_null_silver_stores_store_token ................................. [[32mPASS[0m in 0.81s]
[0m01:24:30.252879 [debug] [Thread-5 (]: Finished running node test.sales_etl.not_null_silver_stores_store_token.6cfdf18669
[0m01:24:31.037477 [debug] [Thread-4 (]: SQL status: SUCCESS 1 in 1.528 seconds
[0m01:24:31.040389 [info ] [Thread-4 (]: 3 of 6 PASS not_null_silver_sales_transaction_id ............................... [[32mPASS[0m in 1.60s]
[0m01:24:31.040768 [debug] [Thread-4 (]: Finished running node test.sales_etl.not_null_silver_sales_transaction_id.728e50eea6
[0m01:24:31.042975 [debug] [MainThread]: Connection 'master' was properly closed.
[0m01:24:31.043730 [debug] [MainThread]: Connection 'test.sales_etl.unique_silver_stores_store_token.2ae0e77f54' was left open.
[0m01:24:31.044402 [debug] [MainThread]: On test.sales_etl.unique_silver_stores_store_token.2ae0e77f54: Close
[0m01:24:31.356585 [debug] [MainThread]: Connection 'test.sales_etl.unique_transaction' was left open.
[0m01:24:31.357154 [debug] [MainThread]: On test.sales_etl.unique_transaction: Close
[0m01:24:31.652513 [debug] [MainThread]: Connection 'test.sales_etl.not_null_silver_sales_transaction_id.728e50eea6' was left open.
[0m01:24:31.652935 [debug] [MainThread]: On test.sales_etl.not_null_silver_sales_transaction_id.728e50eea6: Close
[0m01:24:31.956089 [debug] [MainThread]: Connection 'test.sales_etl.not_null_silver_stores_store_token.6cfdf18669' was left open.
[0m01:24:31.957395 [debug] [MainThread]: On test.sales_etl.not_null_silver_stores_store_token.6cfdf18669: Close
[0m01:24:32.268808 [info ] [MainThread]: 
[0m01:24:32.269972 [info ] [MainThread]: Finished running 6 data tests in 0 hours 0 minutes and 4.31 seconds (4.31s).
[0m01:24:32.273203 [debug] [MainThread]: Command end result
[0m01:24:32.301238 [debug] [MainThread]: Wrote artifact WritableManifest to /home/yamir/Documentos/interviews/R2/demo/sales_etl_platform/dbt/target/manifest.json
[0m01:24:32.303049 [debug] [MainThread]: Wrote artifact SemanticManifest to /home/yamir/Documentos/interviews/R2/demo/sales_etl_platform/dbt/target/semantic_manifest.json
[0m01:24:32.307597 [debug] [MainThread]: Wrote artifact RunExecutionResult to /home/yamir/Documentos/interviews/R2/demo/sales_etl_platform/dbt/target/run_results.json
[0m01:24:32.307871 [info ] [MainThread]: 
[0m01:24:32.308315 [info ] [MainThread]: [31mCompleted with 1 error, 0 partial successes, and 0 warnings:[0m
[0m01:24:32.308620 [info ] [MainThread]: 
[0m01:24:32.308913 [error] [MainThread]: [31mFailure in test unique_transaction (tests/unique_transaction.sql)[0m
[0m01:24:32.309204 [error] [MainThread]:   Database Error in test unique_transaction (tests/unique_transaction.sql)
  001003 (42000): SQL compilation error:
  syntax error line 8 at position 2 unexpected 'selectss'.
  syntax error line 11 at position 9 unexpected '('.
  syntax error line 20 at position 4 unexpected ')'.
  compiled code at target/run/sales_etl/tests/unique_transaction.sql
[0m01:24:32.309407 [info ] [MainThread]: 
[0m01:24:32.309679 [info ] [MainThread]:   compiled code at target/compiled/sales_etl/tests/unique_transaction.sql
[0m01:24:32.309921 [info ] [MainThread]: 
[0m01:24:32.310128 [info ] [MainThread]: Done. PASS=5 WARN=0 ERROR=1 SKIP=0 NO-OP=0 TOTAL=6
[0m01:24:32.310784 [debug] [MainThread]: Resource report: {"command_name": "test", "command_success": false, "command_wall_clock_time": 4.9793215, "process_in_blocks": "0", "process_kernel_time": 0.169479, "process_mem_max_rss": "161444", "process_out_blocks": "2704", "process_user_time": 1.774555}
[0m01:24:32.311110 [debug] [MainThread]: Command `dbt test` failed at 01:24:32.311049 after 4.98 seconds
[0m01:24:32.311374 [debug] [MainThread]: Sending event: {'category': 'dbt', 'action': 'invocation', 'label': 'end', 'context': [<snowplow_tracker.self_describing_json.SelfDescribingJson object at 0x7b80f06a74d0>, <snowplow_tracker.self_describing_json.SelfDescribingJson object at 0x7b80f0d3dbe0>, <snowplow_tracker.self_describing_json.SelfDescribingJson object at 0x7b80f0d3ce60>]}
[0m01:24:32.311932 [debug] [MainThread]: Flushing usage events
[0m01:24:32.872542 [debug] [MainThread]: An error was encountered while trying to flush usage events
[0m01:26:13.143074 [debug] [MainThread]: Sending event: {'category': 'dbt', 'action': 'invocation', 'label': 'start', 'context': [<snowplow_tracker.self_describing_json.SelfDescribingJson object at 0x7671ed04f9e0>, <snowplow_tracker.self_describing_json.SelfDescribingJson object at 0x7671ece26750>, <snowplow_tracker.self_describing_json.SelfDescribingJson object at 0x7671ed0f5be0>]}


============================== 01:26:13.145587 | 7a858cfd-fa3f-4007-8a54-b22a30cf9e91 ==============================
[0m01:26:13.145587 [info ] [MainThread]: Running with dbt=1.11.11
[0m01:26:13.146050 [debug] [MainThread]: running dbt with arguments {'fail_fast': 'False', 'partial_parse': 'True', 'use_colors': 'True', 'indirect_selection': 'eager', 'use_experimental_parser': 'False', 'printer_width': '80', 'log_cache_events': 'False', 'log_path': '/home/yamir/Documentos/interviews/R2/demo/sales_etl_platform/dbt/logs', 'profiles_dir': '/home/yamir/Documentos/interviews/R2/demo/sales_etl_platform/dbt', 'empty': 'None', 'quiet': 'False', 'warn_error': 'None', 'debug': 'False', 'version_check': 'True', 'warn_error_options': 'WarnErrorOptionsV2(error=[], warn=[], silence=[])', 'write_json': 'True', 'target_path': 'None', 'log_format': 'default', 'cache_selected_only': 'False', 'send_anonymous_usage_stats': 'True', 'invocation_command': 'dbt test', 'static_parser': 'True', 'introspect': 'True', 'no_print': 'None'}
[0m01:26:13.286236 [debug] [MainThread]: Snowflake adapter: Setting snowflake.connector to ERROR (file logging only)
[0m01:26:13.286609 [debug] [MainThread]: Snowflake adapter: Setting botocore to ERROR (file logging only)
[0m01:26:13.286851 [debug] [MainThread]: Snowflake adapter: Setting boto3 to ERROR (file logging only)
[0m01:26:13.448105 [debug] [MainThread]: Sending event: {'category': 'dbt', 'action': 'project_id', 'label': '7a858cfd-fa3f-4007-8a54-b22a30cf9e91', 'context': [<snowplow_tracker.self_describing_json.SelfDescribingJson object at 0x7671ec527fe0>]}
[0m01:26:13.490119 [debug] [MainThread]: Sending event: {'category': 'dbt', 'action': 'adapter_info', 'label': '7a858cfd-fa3f-4007-8a54-b22a30cf9e91', 'context': [<snowplow_tracker.self_describing_json.SelfDescribingJson object at 0x7671ec6844a0>]}
[0m01:26:13.490764 [info ] [MainThread]: Registered adapter: snowflake=1.11.5
[0m01:26:13.574117 [debug] [MainThread]: checksum: 30a8cc8fdcbf66701b0944d4ccce3fa46dd04b61e5df68b9f16d57b2e0e3f0be, vars: {}, profile: , target: , version: 1.11.11
[0m01:26:13.650998 [debug] [MainThread]: Partial parsing enabled: 0 files deleted, 0 files added, 1 files changed.
[0m01:26:13.651536 [debug] [MainThread]: Partial parsing: updated file: sales_etl://tests/unique_transaction.sql
[0m01:26:13.778936 [debug] [MainThread]: Sending event: {'category': 'dbt', 'action': 'load_project', 'label': '7a858cfd-fa3f-4007-8a54-b22a30cf9e91', 'context': [<snowplow_tracker.self_describing_json.SelfDescribingJson object at 0x7671ea0a9d00>]}
[0m01:26:13.840079 [debug] [MainThread]: Wrote artifact WritableManifest to /home/yamir/Documentos/interviews/R2/demo/sales_etl_platform/dbt/target/manifest.json
[0m01:26:13.841338 [debug] [MainThread]: Wrote artifact SemanticManifest to /home/yamir/Documentos/interviews/R2/demo/sales_etl_platform/dbt/target/semantic_manifest.json
[0m01:26:13.852163 [debug] [MainThread]: Sending event: {'category': 'dbt', 'action': 'resource_counts', 'label': '7a858cfd-fa3f-4007-8a54-b22a30cf9e91', 'context': [<snowplow_tracker.self_describing_json.SelfDescribingJson object at 0x7671e9746570>]}
[0m01:26:13.852536 [info ] [MainThread]: Found 5 models, 7 data tests, 3 sources, 536 macros
[0m01:26:13.852814 [debug] [MainThread]: Sending event: {'category': 'dbt', 'action': 'runnable_timing', 'label': '7a858cfd-fa3f-4007-8a54-b22a30cf9e91', 'context': [<snowplow_tracker.self_describing_json.SelfDescribingJson object at 0x7671ed0cdb20>]}
[0m01:26:13.854202 [info ] [MainThread]: 
[0m01:26:13.854507 [info ] [MainThread]: Concurrency: 4 threads (target='dev')
[0m01:26:13.854770 [info ] [MainThread]: 
[0m01:26:13.855132 [debug] [MainThread]: Acquiring new snowflake connection 'master'
[0m01:26:13.858262 [debug] [ThreadPool]: Acquiring new snowflake connection 'list_SALES_DB_RAW_GOLD'
[0m01:26:13.858974 [debug] [ThreadPool]: Acquiring new snowflake connection 'list_SALES_DB_RAW_SILVER'
[0m01:26:13.894647 [debug] [ThreadPool]: Using snowflake connection "list_SALES_DB_RAW_GOLD"
[0m01:26:13.895072 [debug] [ThreadPool]: On list_SALES_DB_RAW_GOLD: show objects in SALES_DB.RAW_GOLD
    limit 10000
    

/* {"app": "dbt", "dbt_version": "1.11.11", "profile_name": "sales_etl", "target_name": "dev", "connection_name": "list_SALES_DB_RAW_GOLD"} */;
[0m01:26:13.895312 [debug] [ThreadPool]: Opening a new connection, currently in state init
[0m01:26:13.895806 [debug] [ThreadPool]: Using snowflake connection "list_SALES_DB_RAW_SILVER"
[0m01:26:13.896090 [debug] [ThreadPool]: On list_SALES_DB_RAW_SILVER: show objects in SALES_DB.RAW_SILVER
    limit 10000
    

/* {"app": "dbt", "dbt_version": "1.11.11", "profile_name": "sales_etl", "target_name": "dev", "connection_name": "list_SALES_DB_RAW_SILVER"} */;
[0m01:26:13.896304 [debug] [ThreadPool]: Opening a new connection, currently in state init
[0m01:26:15.400089 [debug] [ThreadPool]: SQL status: SUCCESS 2 in 1.504 seconds
[0m01:26:15.413066 [debug] [ThreadPool]: SQL status: SUCCESS 3 in 1.518 seconds
[0m01:26:15.415191 [debug] [MainThread]: Sending event: {'category': 'dbt', 'action': 'runnable_timing', 'label': '7a858cfd-fa3f-4007-8a54-b22a30cf9e91', 'context': [<snowplow_tracker.self_describing_json.SelfDescribingJson object at 0x7671ea0f5eb0>]}
[0m01:26:15.417350 [debug] [Thread-2 (]: Began running node test.sales_etl.not_null_silver_sales_amount.02a892d606
[0m01:26:15.417835 [debug] [Thread-3 (]: Began running node test.sales_etl.not_null_silver_sales_store_token.a775148663
[0m01:26:15.418235 [info ] [Thread-2 (]: 1 of 6 START test not_null_silver_sales_amount ................................. [RUN]
[0m01:26:15.419052 [debug] [Thread-4 (]: Began running node test.sales_etl.not_null_silver_sales_transaction_id.728e50eea6
[0m01:26:15.418697 [info ] [Thread-3 (]: 2 of 6 START test not_null_silver_sales_store_token ............................ [RUN]
[0m01:26:15.419565 [debug] [Thread-5 (]: Began running node test.sales_etl.not_null_silver_stores_store_token.6cfdf18669
[0m01:26:15.420029 [debug] [Thread-2 (]: Re-using an available connection from the pool (formerly list_SALES_DB_RAW_GOLD, now test.sales_etl.not_null_silver_sales_amount.02a892d606)
[0m01:26:15.420491 [info ] [Thread-4 (]: 3 of 6 START test not_null_silver_sales_transaction_id ......................... [RUN]
[0m01:26:15.420971 [debug] [Thread-3 (]: Re-using an available connection from the pool (formerly list_SALES_DB_RAW_SILVER, now test.sales_etl.not_null_silver_sales_store_token.a775148663)
[0m01:26:15.421444 [info ] [Thread-5 (]: 4 of 6 START test not_null_silver_stores_store_token ........................... [RUN]
[0m01:26:15.421943 [debug] [Thread-2 (]: Began compiling node test.sales_etl.not_null_silver_sales_amount.02a892d606
[0m01:26:15.422476 [debug] [Thread-4 (]: Acquiring new snowflake connection 'test.sales_etl.not_null_silver_sales_transaction_id.728e50eea6'
[0m01:26:15.437225 [debug] [Thread-4 (]: Began compiling node test.sales_etl.not_null_silver_sales_transaction_id.728e50eea6
[0m01:26:15.423361 [debug] [Thread-5 (]: Acquiring new snowflake connection 'test.sales_etl.not_null_silver_stores_store_token.6cfdf18669'
[0m01:26:15.441921 [debug] [Thread-5 (]: Began compiling node test.sales_etl.not_null_silver_stores_store_token.6cfdf18669
[0m01:26:15.422902 [debug] [Thread-3 (]: Began compiling node test.sales_etl.not_null_silver_sales_store_token.a775148663
[0m01:26:15.445612 [debug] [Thread-5 (]: Writing injected SQL for node "test.sales_etl.not_null_silver_stores_store_token.6cfdf18669"
[0m01:26:15.436446 [debug] [Thread-2 (]: Writing injected SQL for node "test.sales_etl.not_null_silver_sales_amount.02a892d606"
[0m01:26:15.441409 [debug] [Thread-4 (]: Writing injected SQL for node "test.sales_etl.not_null_silver_sales_transaction_id.728e50eea6"
[0m01:26:15.449223 [debug] [Thread-3 (]: Writing injected SQL for node "test.sales_etl.not_null_silver_sales_store_token.a775148663"
[0m01:26:15.450539 [debug] [Thread-2 (]: Began executing node test.sales_etl.not_null_silver_sales_amount.02a892d606
[0m01:26:15.451225 [debug] [Thread-5 (]: Began executing node test.sales_etl.not_null_silver_stores_store_token.6cfdf18669
[0m01:26:15.451663 [debug] [Thread-4 (]: Began executing node test.sales_etl.not_null_silver_sales_transaction_id.728e50eea6
[0m01:26:15.481993 [debug] [Thread-4 (]: Writing runtime sql for node "test.sales_etl.not_null_silver_sales_transaction_id.728e50eea6"
[0m01:26:15.482395 [debug] [Thread-5 (]: Writing runtime sql for node "test.sales_etl.not_null_silver_stores_store_token.6cfdf18669"
[0m01:26:15.483059 [debug] [Thread-2 (]: Writing runtime sql for node "test.sales_etl.not_null_silver_sales_amount.02a892d606"
[0m01:26:15.483532 [debug] [Thread-3 (]: Began executing node test.sales_etl.not_null_silver_sales_store_token.a775148663
[0m01:26:15.484553 [debug] [Thread-4 (]: Using snowflake connection "test.sales_etl.not_null_silver_sales_transaction_id.728e50eea6"
[0m01:26:15.485162 [debug] [Thread-2 (]: Using snowflake connection "test.sales_etl.not_null_silver_sales_amount.02a892d606"
[0m01:26:15.485726 [debug] [Thread-5 (]: Using snowflake connection "test.sales_etl.not_null_silver_stores_store_token.6cfdf18669"
[0m01:26:15.487679 [debug] [Thread-3 (]: Writing runtime sql for node "test.sales_etl.not_null_silver_sales_store_token.a775148663"
[0m01:26:15.488062 [debug] [Thread-4 (]: On test.sales_etl.not_null_silver_sales_transaction_id.728e50eea6: select
      count(*) as failures,
      count(*) != 0 as should_warn,
      count(*) != 0 as should_error
    from (
      
    
  
    
    



select transaction_id
from SALES_DB.RAW_SILVER.silver_sales
where transaction_id is null



  
  
      
    ) dbt_internal_test
/* {"app": "dbt", "dbt_version": "1.11.11", "profile_name": "sales_etl", "target_name": "dev", "node_id": "test.sales_etl.not_null_silver_sales_transaction_id.728e50eea6"} */
[0m01:26:15.488401 [debug] [Thread-2 (]: On test.sales_etl.not_null_silver_sales_amount.02a892d606: select
      count(*) as failures,
      count(*) != 0 as should_warn,
      count(*) != 0 as should_error
    from (
      
    
  
    
    



select amount
from SALES_DB.RAW_SILVER.silver_sales
where amount is null



  
  
      
    ) dbt_internal_test
/* {"app": "dbt", "dbt_version": "1.11.11", "profile_name": "sales_etl", "target_name": "dev", "node_id": "test.sales_etl.not_null_silver_sales_amount.02a892d606"} */
[0m01:26:15.488761 [debug] [Thread-5 (]: On test.sales_etl.not_null_silver_stores_store_token.6cfdf18669: select
      count(*) as failures,
      count(*) != 0 as should_warn,
      count(*) != 0 as should_error
    from (
      
    
  
    
    



select store_token
from SALES_DB.RAW_SILVER.silver_stores
where store_token is null



  
  
      
    ) dbt_internal_test
/* {"app": "dbt", "dbt_version": "1.11.11", "profile_name": "sales_etl", "target_name": "dev", "node_id": "test.sales_etl.not_null_silver_stores_store_token.6cfdf18669"} */
[0m01:26:15.489253 [debug] [Thread-4 (]: Opening a new connection, currently in state init
[0m01:26:15.489857 [debug] [Thread-3 (]: Using snowflake connection "test.sales_etl.not_null_silver_sales_store_token.a775148663"
[0m01:26:15.490502 [debug] [Thread-5 (]: Opening a new connection, currently in state init
[0m01:26:15.491737 [debug] [Thread-3 (]: On test.sales_etl.not_null_silver_sales_store_token.a775148663: select
      count(*) as failures,
      count(*) != 0 as should_warn,
      count(*) != 0 as should_error
    from (
      
    
  
    
    



select store_token
from SALES_DB.RAW_SILVER.silver_sales
where store_token is null



  
  
      
    ) dbt_internal_test
/* {"app": "dbt", "dbt_version": "1.11.11", "profile_name": "sales_etl", "target_name": "dev", "node_id": "test.sales_etl.not_null_silver_sales_store_token.a775148663"} */
[0m01:26:15.762671 [debug] [Thread-3 (]: SQL status: SUCCESS 1 in 0.268 seconds
[0m01:26:15.772203 [info ] [Thread-3 (]: 2 of 6 PASS not_null_silver_sales_store_token .................................. [[32mPASS[0m in 0.35s]
[0m01:26:15.772906 [debug] [Thread-3 (]: Finished running node test.sales_etl.not_null_silver_sales_store_token.a775148663
[0m01:26:15.773352 [debug] [Thread-3 (]: Began running node test.sales_etl.unique_silver_stores_store_token.2ae0e77f54
[0m01:26:15.773773 [info ] [Thread-3 (]: 5 of 6 START test unique_silver_stores_store_token ............................. [RUN]
[0m01:26:15.774242 [debug] [Thread-3 (]: Re-using an available connection from the pool (formerly test.sales_etl.not_null_silver_sales_store_token.a775148663, now test.sales_etl.unique_silver_stores_store_token.2ae0e77f54)
[0m01:26:15.774579 [debug] [Thread-3 (]: Began compiling node test.sales_etl.unique_silver_stores_store_token.2ae0e77f54
[0m01:26:15.778821 [debug] [Thread-3 (]: Writing injected SQL for node "test.sales_etl.unique_silver_stores_store_token.2ae0e77f54"
[0m01:26:15.779596 [debug] [Thread-3 (]: Began executing node test.sales_etl.unique_silver_stores_store_token.2ae0e77f54
[0m01:26:15.781315 [debug] [Thread-3 (]: Writing runtime sql for node "test.sales_etl.unique_silver_stores_store_token.2ae0e77f54"
[0m01:26:15.781991 [debug] [Thread-3 (]: Using snowflake connection "test.sales_etl.unique_silver_stores_store_token.2ae0e77f54"
[0m01:26:15.782263 [debug] [Thread-3 (]: On test.sales_etl.unique_silver_stores_store_token.2ae0e77f54: select
      count(*) as failures,
      count(*) != 0 as should_warn,
      count(*) != 0 as should_error
    from (
      
    
  
    
    

select
    store_token as unique_field,
    count(*) as n_records

from SALES_DB.RAW_SILVER.silver_stores
where store_token is not null
group by store_token
having count(*) > 1



  
  
      
    ) dbt_internal_test
/* {"app": "dbt", "dbt_version": "1.11.11", "profile_name": "sales_etl", "target_name": "dev", "node_id": "test.sales_etl.unique_silver_stores_store_token.2ae0e77f54"} */
[0m01:26:15.938006 [debug] [Thread-2 (]: SQL status: SUCCESS 1 in 0.448 seconds
[0m01:26:15.939516 [info ] [Thread-2 (]: 1 of 6 PASS not_null_silver_sales_amount ....................................... [[32mPASS[0m in 0.52s]
[0m01:26:15.939903 [debug] [Thread-2 (]: Finished running node test.sales_etl.not_null_silver_sales_amount.02a892d606
[0m01:26:15.940189 [debug] [Thread-2 (]: Began running node test.sales_etl.unique_transaction
[0m01:26:15.940437 [info ] [Thread-2 (]: 6 of 6 START test unique_transaction ........................................... [RUN]
[0m01:26:15.940861 [debug] [Thread-2 (]: Re-using an available connection from the pool (formerly test.sales_etl.not_null_silver_sales_amount.02a892d606, now test.sales_etl.unique_transaction)
[0m01:26:15.941141 [debug] [Thread-2 (]: Began compiling node test.sales_etl.unique_transaction
[0m01:26:15.943055 [debug] [Thread-2 (]: Writing injected SQL for node "test.sales_etl.unique_transaction"
[0m01:26:15.943438 [debug] [Thread-2 (]: Began executing node test.sales_etl.unique_transaction
[0m01:26:15.944825 [debug] [Thread-2 (]: Writing runtime sql for node "test.sales_etl.unique_transaction"
[0m01:26:15.945398 [debug] [Thread-2 (]: Using snowflake connection "test.sales_etl.unique_transaction"
[0m01:26:15.945651 [debug] [Thread-2 (]: On test.sales_etl.unique_transaction: select
      count(*) as failures,
      count(*) != 0 as should_warn,
      count(*) != 0 as should_error
    from (
      
    
  select
    store_token,
    transaction_id,
    count(*)
from SALES_DB.RAW_SILVER.silver_sales
group by
    store_token,
    transaction_id
having count(*) > 1
  
  
      
    ) dbt_internal_test
/* {"app": "dbt", "dbt_version": "1.11.11", "profile_name": "sales_etl", "target_name": "dev", "node_id": "test.sales_etl.unique_transaction"} */
[0m01:26:16.015695 [debug] [Thread-3 (]: SQL status: SUCCESS 1 in 0.233 seconds
[0m01:26:16.017121 [info ] [Thread-3 (]: 5 of 6 PASS unique_silver_stores_store_token ................................... [[32mPASS[0m in 0.24s]
[0m01:26:16.017535 [debug] [Thread-3 (]: Finished running node test.sales_etl.unique_silver_stores_store_token.2ae0e77f54
[0m01:26:16.179302 [debug] [Thread-2 (]: SQL status: SUCCESS 1 in 0.233 seconds
[0m01:26:16.180843 [info ] [Thread-2 (]: 6 of 6 PASS unique_transaction ................................................. [[32mPASS[0m in 0.24s]
[0m01:26:16.181282 [debug] [Thread-2 (]: Finished running node test.sales_etl.unique_transaction
[0m01:26:16.238678 [debug] [Thread-4 (]: SQL status: SUCCESS 1 in 0.749 seconds
[0m01:26:16.240310 [info ] [Thread-4 (]: 3 of 6 PASS not_null_silver_sales_transaction_id ............................... [[32mPASS[0m in 0.82s]
[0m01:26:16.240776 [debug] [Thread-4 (]: Finished running node test.sales_etl.not_null_silver_sales_transaction_id.728e50eea6
[0m01:26:16.322934 [debug] [Thread-5 (]: SQL status: SUCCESS 1 in 0.832 seconds
[0m01:26:16.324848 [info ] [Thread-5 (]: 4 of 6 PASS not_null_silver_stores_store_token ................................. [[32mPASS[0m in 0.90s]
[0m01:26:16.325435 [debug] [Thread-5 (]: Finished running node test.sales_etl.not_null_silver_stores_store_token.6cfdf18669
[0m01:26:16.327079 [debug] [MainThread]: Connection 'master' was properly closed.
[0m01:26:16.327477 [debug] [MainThread]: Connection 'test.sales_etl.unique_transaction' was left open.
[0m01:26:16.327829 [debug] [MainThread]: On test.sales_etl.unique_transaction: Close
[0m01:26:16.655583 [debug] [MainThread]: Connection 'test.sales_etl.unique_silver_stores_store_token.2ae0e77f54' was left open.
[0m01:26:16.656043 [debug] [MainThread]: On test.sales_etl.unique_silver_stores_store_token.2ae0e77f54: Close
[0m01:26:16.954685 [debug] [MainThread]: Connection 'test.sales_etl.not_null_silver_sales_transaction_id.728e50eea6' was left open.
[0m01:26:16.955065 [debug] [MainThread]: On test.sales_etl.not_null_silver_sales_transaction_id.728e50eea6: Close
[0m01:26:17.303893 [debug] [MainThread]: Connection 'test.sales_etl.not_null_silver_stores_store_token.6cfdf18669' was left open.
[0m01:26:17.304245 [debug] [MainThread]: On test.sales_etl.not_null_silver_stores_store_token.6cfdf18669: Close
[0m01:26:17.617450 [info ] [MainThread]: 
[0m01:26:17.617820 [info ] [MainThread]: Finished running 6 data tests in 0 hours 0 minutes and 3.76 seconds (3.76s).
[0m01:26:17.618678 [debug] [MainThread]: Command end result
[0m01:26:17.641279 [debug] [MainThread]: Wrote artifact WritableManifest to /home/yamir/Documentos/interviews/R2/demo/sales_etl_platform/dbt/target/manifest.json
[0m01:26:17.642849 [debug] [MainThread]: Wrote artifact SemanticManifest to /home/yamir/Documentos/interviews/R2/demo/sales_etl_platform/dbt/target/semantic_manifest.json
[0m01:26:17.648660 [debug] [MainThread]: Wrote artifact RunExecutionResult to /home/yamir/Documentos/interviews/R2/demo/sales_etl_platform/dbt/target/run_results.json
[0m01:26:17.649029 [info ] [MainThread]: 
[0m01:26:17.649450 [info ] [MainThread]: [32mCompleted successfully[0m
[0m01:26:17.649701 [info ] [MainThread]: 
[0m01:26:17.649940 [info ] [MainThread]: Done. PASS=6 WARN=0 ERROR=0 SKIP=0 NO-OP=0 TOTAL=6
[0m01:26:17.650665 [debug] [MainThread]: Resource report: {"command_name": "test", "command_success": true, "command_wall_clock_time": 4.5467763, "process_in_blocks": "0", "process_kernel_time": 0.163059, "process_mem_max_rss": "162888", "process_out_blocks": "3928", "process_user_time": 1.85389}
[0m01:26:17.651002 [debug] [MainThread]: Command `dbt test` succeeded at 01:26:17.650938 after 4.55 seconds
[0m01:26:17.651273 [debug] [MainThread]: Sending event: {'category': 'dbt', 'action': 'invocation', 'label': 'end', 'context': [<snowplow_tracker.self_describing_json.SelfDescribingJson object at 0x7671ecb58a70>, <snowplow_tracker.self_describing_json.SelfDescribingJson object at 0x7671f0b639e0>, <snowplow_tracker.self_describing_json.SelfDescribingJson object at 0x7671ec76f380>]}
[0m01:26:17.651554 [debug] [MainThread]: Flushing usage events
[0m01:26:18.196497 [debug] [MainThread]: An error was encountered while trying to flush usage events
[0m01:30:14.730709 [debug] [MainThread]: Sending event: {'category': 'dbt', 'action': 'invocation', 'label': 'start', 'context': [<snowplow_tracker.self_describing_json.SelfDescribingJson object at 0x76f10827fb30>, <snowplow_tracker.self_describing_json.SelfDescribingJson object at 0x76f107bee390>, <snowplow_tracker.self_describing_json.SelfDescribingJson object at 0x76f10827dbb0>]}


============================== 01:30:14.733682 | a74200c5-9aff-4380-87de-7ff785345384 ==============================
[0m01:30:14.733682 [info ] [MainThread]: Running with dbt=1.11.11
[0m01:30:14.734250 [debug] [MainThread]: running dbt with arguments {'introspect': 'True', 'warn_error_options': 'WarnErrorOptionsV2(error=[], warn=[], silence=[])', 'indirect_selection': 'eager', 'log_cache_events': 'False', 'static_parser': 'True', 'empty': 'None', 'quiet': 'False', 'use_colors': 'True', 'partial_parse': 'True', 'no_print': 'None', 'cache_selected_only': 'False', 'profiles_dir': '/home/yamir/Documentos/interviews/R2/demo/sales_etl_platform/dbt', 'log_path': '/home/yamir/Documentos/interviews/R2/demo/sales_etl_platform/dbt/logs', 'printer_width': '80', 'warn_error': 'None', 'log_format': 'default', 'target_path': 'None', 'use_experimental_parser': 'False', 'send_anonymous_usage_stats': 'True', 'write_json': 'True', 'invocation_command': 'dbt debug', 'debug': 'False', 'fail_fast': 'False', 'version_check': 'True'}
[0m01:30:14.741410 [info ] [MainThread]: dbt version: 1.11.11
[0m01:30:14.741730 [info ] [MainThread]: python version: 3.12.3
[0m01:30:14.741939 [info ] [MainThread]: python path: /home/yamir/Documentos/interviews/R2/demo/sales_etl_platform/dbt/venv/bin/python3
[0m01:30:14.742130 [info ] [MainThread]: os info: Linux-6.8.0-51-generic-x86_64-with-glibc2.39
[0m01:30:14.877468 [debug] [MainThread]: Snowflake adapter: Setting snowflake.connector to ERROR (file logging only)
[0m01:30:14.877820 [debug] [MainThread]: Snowflake adapter: Setting botocore to ERROR (file logging only)
[0m01:30:14.878036 [debug] [MainThread]: Snowflake adapter: Setting boto3 to ERROR (file logging only)
[0m01:30:14.955865 [info ] [MainThread]: Using profiles dir at /home/yamir/Documentos/interviews/R2/demo/sales_etl_platform/dbt
[0m01:30:14.956194 [info ] [MainThread]: Using profiles.yml file at /home/yamir/Documentos/interviews/R2/demo/sales_etl_platform/dbt/profiles.yml
[0m01:30:14.956404 [info ] [MainThread]: Using dbt_project.yml file at /home/yamir/Documentos/interviews/R2/demo/sales_etl_platform/dbt/dbt_project.yml
[0m01:30:14.956684 [info ] [MainThread]: adapter type: snowflake
[0m01:30:14.956886 [info ] [MainThread]: adapter version: 1.11.5
[0m01:30:15.026451 [info ] [MainThread]: Configuration:
[0m01:30:15.026823 [info ] [MainThread]:   profiles.yml file [[32mOK found and valid[0m]
[0m01:30:15.027058 [info ] [MainThread]:   dbt_project.yml file [[32mOK found and valid[0m]
[0m01:30:15.027274 [info ] [MainThread]: Required dependencies:
[0m01:30:15.027495 [debug] [MainThread]: Executing "git --help"
[0m01:30:15.029174 [debug] [MainThread]: STDOUT: "b"usage: git [-v | --version] [-h | --help] [-C <path>] [-c <name>=<value>]\n           [--exec-path[=<path>]] [--html-path] [--man-path] [--info-path]\n           [-p | --paginate | -P | --no-pager] [--no-replace-objects] [--bare]\n           [--git-dir=<path>] [--work-tree=<path>] [--namespace=<name>]\n           [--config-env=<name>=<envvar>] <command> [<args>]\n\nThese are common Git commands used in various situations:\n\nstart a working area (see also: git help tutorial)\n   clone     Clone a repository into a new directory\n   init      Create an empty Git repository or reinitialize an existing one\n\nwork on the current change (see also: git help everyday)\n   add       Add file contents to the index\n   mv        Move or rename a file, a directory, or a symlink\n   restore   Restore working tree files\n   rm        Remove files from the working tree and from the index\n\nexamine the history and state (see also: git help revisions)\n   bisect    Use binary search to find the commit that introduced a bug\n   diff      Show changes between commits, commit and working tree, etc\n   grep      Print lines matching a pattern\n   log       Show commit logs\n   show      Show various types of objects\n   status    Show the working tree status\n\ngrow, mark and tweak your common history\n   branch    List, create, or delete branches\n   commit    Record changes to the repository\n   merge     Join two or more development histories together\n   rebase    Reapply commits on top of another base tip\n   reset     Reset current HEAD to the specified state\n   switch    Switch branches\n   tag       Create, list, delete or verify a tag object signed with GPG\n\ncollaborate (see also: git help workflows)\n   fetch     Download objects and refs from another repository\n   pull      Fetch from and integrate with another repository or a local branch\n   push      Update remote refs along with associated objects\n\n'git help -a' and 'git help -g' list available subcommands and some\nconcept guides. See 'git help <command>' or 'git help <concept>'\nto read about a specific subcommand or concept.\nSee 'git help git' for an overview of the system.\n""
[0m01:30:15.029461 [debug] [MainThread]: STDERR: "b''"
[0m01:30:15.029682 [info ] [MainThread]:  - git [[32mOK found[0m]

[0m01:30:15.029883 [info ] [MainThread]: Connection:
[0m01:30:15.030088 [info ] [MainThread]:   account: GTFKWVR-TDC55215
[0m01:30:15.030275 [info ] [MainThread]:   user: yaminpal
[0m01:30:15.030475 [info ] [MainThread]:   database: SALES_DB
[0m01:30:15.030653 [info ] [MainThread]:   warehouse: COMPUTE_WH
[0m01:30:15.030833 [info ] [MainThread]:   role: ACCOUNTADMIN
[0m01:30:15.031001 [info ] [MainThread]:   schema: RAW
[0m01:30:15.031179 [info ] [MainThread]:   authenticator: None
[0m01:30:15.031365 [info ] [MainThread]:   oauth_client_id: None
[0m01:30:15.031556 [info ] [MainThread]:   query_tag: None
[0m01:30:15.031736 [info ] [MainThread]:   client_session_keep_alive: False
[0m01:30:15.031921 [info ] [MainThread]:   host: None
[0m01:30:15.032100 [info ] [MainThread]:   port: None
[0m01:30:15.032276 [info ] [MainThread]:   proxy_host: None
[0m01:30:15.032461 [info ] [MainThread]:   proxy_port: None
[0m01:30:15.032643 [info ] [MainThread]:   protocol: None
[0m01:30:15.032822 [info ] [MainThread]:   connect_retries: 1
[0m01:30:15.032998 [info ] [MainThread]:   connect_timeout: None
[0m01:30:15.033174 [info ] [MainThread]:   retry_on_database_errors: False
[0m01:30:15.033355 [info ] [MainThread]:   retry_all: False
[0m01:30:15.033545 [info ] [MainThread]:   insecure_mode: False
[0m01:30:15.033723 [info ] [MainThread]:   reuse_connections: True
[0m01:30:15.033906 [info ] [MainThread]:   s3_stage_vpce_dns_name: None
[0m01:30:15.034088 [info ] [MainThread]:   platform_detection_timeout_seconds: 0.0
[0m01:30:15.034377 [info ] [MainThread]: Registered adapter: snowflake=1.11.5
[0m01:30:15.110532 [debug] [MainThread]: Acquiring new snowflake connection 'debug'
[0m01:30:15.123044 [debug] [MainThread]: Using snowflake connection "debug"
[0m01:30:15.123322 [debug] [MainThread]: On debug: select 1 as id
[0m01:30:15.123550 [debug] [MainThread]: Opening a new connection, currently in state init
[0m01:30:18.125387 [debug] [MainThread]: SQL status: SUCCESS 1 in 3.002 seconds
[0m01:30:18.127463 [info ] [MainThread]:   Connection test: [[32mOK connection ok[0m]

[0m01:30:18.128321 [info ] [MainThread]: [32mAll checks passed![0m
[0m01:30:18.129398 [debug] [MainThread]: Resource report: {"command_name": "debug", "command_success": true, "command_wall_clock_time": 3.4350607, "process_in_blocks": "0", "process_kernel_time": 0.108727, "process_mem_max_rss": "144008", "process_out_blocks": "40", "process_user_time": 1.219946}
[0m01:30:18.129712 [debug] [MainThread]: Command `dbt debug` succeeded at 01:30:18.129636 after 3.44 seconds
[0m01:30:18.129922 [debug] [MainThread]: Connection 'debug' was left open.
[0m01:30:18.130113 [debug] [MainThread]: On debug: Close
[0m01:30:18.435405 [debug] [MainThread]: Sending event: {'category': 'dbt', 'action': 'invocation', 'label': 'end', 'context': [<snowplow_tracker.self_describing_json.SelfDescribingJson object at 0x76f10bb2f9b0>, <snowplow_tracker.self_describing_json.SelfDescribingJson object at 0x76f104708260>, <snowplow_tracker.self_describing_json.SelfDescribingJson object at 0x76f1047084a0>]}
[0m01:30:18.436199 [debug] [MainThread]: Flushing usage events
[0m01:30:18.999706 [debug] [MainThread]: An error was encountered while trying to flush usage events
[0m01:30:27.593299 [debug] [MainThread]: Sending event: {'category': 'dbt', 'action': 'invocation', 'label': 'start', 'context': [<snowplow_tracker.self_describing_json.SelfDescribingJson object at 0x71fec4ba2180>, <snowplow_tracker.self_describing_json.SelfDescribingJson object at 0x71fec4d61880>, <snowplow_tracker.self_describing_json.SelfDescribingJson object at 0x71fec6f814f0>]}


============================== 01:30:27.595736 | c7c067e3-afb8-4370-8e4e-973effcd6510 ==============================
[0m01:30:27.595736 [info ] [MainThread]: Running with dbt=1.11.11
[0m01:30:27.596099 [debug] [MainThread]: running dbt with arguments {'printer_width': '80', 'profiles_dir': '/home/yamir/Documentos/interviews/R2/demo/sales_etl_platform/dbt', 'cache_selected_only': 'False', 'version_check': 'True', 'log_path': '/home/yamir/Documentos/interviews/R2/demo/sales_etl_platform/dbt/logs', 'use_experimental_parser': 'False', 'quiet': 'False', 'indirect_selection': 'eager', 'invocation_command': 'dbt run', 'fail_fast': 'False', 'write_json': 'True', 'introspect': 'True', 'warn_error_options': 'WarnErrorOptionsV2(error=[], warn=[], silence=[])', 'partial_parse': 'True', 'log_cache_events': 'False', 'empty': 'False', 'debug': 'False', 'send_anonymous_usage_stats': 'True', 'target_path': 'None', 'warn_error': 'None', 'use_colors': 'True', 'static_parser': 'True', 'no_print': 'None', 'log_format': 'default'}
[0m01:30:27.740393 [debug] [MainThread]: Snowflake adapter: Setting snowflake.connector to ERROR (file logging only)
[0m01:30:27.740778 [debug] [MainThread]: Snowflake adapter: Setting botocore to ERROR (file logging only)
[0m01:30:27.741024 [debug] [MainThread]: Snowflake adapter: Setting boto3 to ERROR (file logging only)
[0m01:30:27.895736 [debug] [MainThread]: Sending event: {'category': 'dbt', 'action': 'project_id', 'label': 'c7c067e3-afb8-4370-8e4e-973effcd6510', 'context': [<snowplow_tracker.self_describing_json.SelfDescribingJson object at 0x71fec2524680>]}
[0m01:30:27.938080 [debug] [MainThread]: Sending event: {'category': 'dbt', 'action': 'adapter_info', 'label': 'c7c067e3-afb8-4370-8e4e-973effcd6510', 'context': [<snowplow_tracker.self_describing_json.SelfDescribingJson object at 0x71fec5414bf0>]}
[0m01:30:27.938686 [info ] [MainThread]: Registered adapter: snowflake=1.11.5
[0m01:30:28.017319 [debug] [MainThread]: checksum: 30a8cc8fdcbf66701b0944d4ccce3fa46dd04b61e5df68b9f16d57b2e0e3f0be, vars: {}, profile: , target: , version: 1.11.11
[0m01:30:28.086710 [info ] [MainThread]: Unable to do partial parsing because a project config has changed
[0m01:30:28.087101 [debug] [MainThread]: Sending event: {'category': 'dbt', 'action': 'partial_parser', 'label': 'c7c067e3-afb8-4370-8e4e-973effcd6510', 'context': [<snowplow_tracker.self_describing_json.SelfDescribingJson object at 0x71fec49408c0>]}
[0m01:30:29.110992 [debug] [MainThread]: Sending event: {'category': 'dbt', 'action': 'load_project', 'label': 'c7c067e3-afb8-4370-8e4e-973effcd6510', 'context': [<snowplow_tracker.self_describing_json.SelfDescribingJson object at 0x71fec0fcfcb0>]}
[0m01:30:29.169042 [debug] [MainThread]: Wrote artifact WritableManifest to /home/yamir/Documentos/interviews/R2/demo/sales_etl_platform/dbt/target/manifest.json
[0m01:30:29.170333 [debug] [MainThread]: Wrote artifact SemanticManifest to /home/yamir/Documentos/interviews/R2/demo/sales_etl_platform/dbt/target/semantic_manifest.json
[0m01:30:29.175196 [debug] [MainThread]: Sending event: {'category': 'dbt', 'action': 'resource_counts', 'label': 'c7c067e3-afb8-4370-8e4e-973effcd6510', 'context': [<snowplow_tracker.self_describing_json.SelfDescribingJson object at 0x71fec0f9f830>]}
[0m01:30:29.175517 [info ] [MainThread]: Found 5 models, 7 data tests, 3 sources, 536 macros
[0m01:30:29.175763 [debug] [MainThread]: Sending event: {'category': 'dbt', 'action': 'runnable_timing', 'label': 'c7c067e3-afb8-4370-8e4e-973effcd6510', 'context': [<snowplow_tracker.self_describing_json.SelfDescribingJson object at 0x71fec1ba1b80>]}
[0m01:30:29.177027 [info ] [MainThread]: 
[0m01:30:29.177279 [info ] [MainThread]: Concurrency: 4 threads (target='dev')
[0m01:30:29.177530 [info ] [MainThread]: 
[0m01:30:29.177859 [debug] [MainThread]: Acquiring new snowflake connection 'master'
[0m01:30:29.180778 [debug] [ThreadPool]: Acquiring new snowflake connection 'list_SALES_DB'
[0m01:30:29.181351 [debug] [ThreadPool]: Acquiring new snowflake connection 'list_SALES_DB'
[0m01:30:29.215221 [debug] [ThreadPool]: Using snowflake connection "list_SALES_DB"
[0m01:30:29.215638 [debug] [ThreadPool]: On list_SALES_DB: show terse schemas in database SALES_DB
    limit 10000
/* {"app": "dbt", "dbt_version": "1.11.11", "profile_name": "sales_etl", "target_name": "dev", "connection_name": "list_SALES_DB"} */
[0m01:30:29.215912 [debug] [ThreadPool]: Opening a new connection, currently in state init
[0m01:30:29.216260 [debug] [ThreadPool]: Using snowflake connection "list_SALES_DB"
[0m01:30:29.216827 [debug] [ThreadPool]: On list_SALES_DB: show terse schemas in database SALES_DB
    limit 10000
/* {"app": "dbt", "dbt_version": "1.11.11", "profile_name": "sales_etl", "target_name": "dev", "connection_name": "list_SALES_DB"} */
[0m01:30:29.217179 [debug] [ThreadPool]: Opening a new connection, currently in state init
[0m01:30:30.671381 [debug] [ThreadPool]: SQL status: SUCCESS 10 in 1.454 seconds
[0m01:30:30.689865 [debug] [ThreadPool]: SQL status: SUCCESS 10 in 1.474 seconds
[0m01:30:30.694537 [debug] [ThreadPool]: Re-using an available connection from the pool (formerly list_SALES_DB, now list_SALES_DB_RAW_SILVER)
[0m01:30:30.696341 [debug] [ThreadPool]: Re-using an available connection from the pool (formerly list_SALES_DB, now list_SALES_DB_RAW_GOLD)
[0m01:30:30.708365 [debug] [ThreadPool]: Using snowflake connection "list_SALES_DB_RAW_SILVER"
[0m01:30:30.711406 [debug] [ThreadPool]: Using snowflake connection "list_SALES_DB_RAW_GOLD"
[0m01:30:30.711964 [debug] [ThreadPool]: On list_SALES_DB_RAW_SILVER: show objects in SALES_DB.RAW_SILVER
    limit 10000
    

/* {"app": "dbt", "dbt_version": "1.11.11", "profile_name": "sales_etl", "target_name": "dev", "connection_name": "list_SALES_DB_RAW_SILVER"} */;
[0m01:30:30.712313 [debug] [ThreadPool]: On list_SALES_DB_RAW_GOLD: show objects in SALES_DB.RAW_GOLD
    limit 10000
    

/* {"app": "dbt", "dbt_version": "1.11.11", "profile_name": "sales_etl", "target_name": "dev", "connection_name": "list_SALES_DB_RAW_GOLD"} */;
[0m01:30:30.922364 [debug] [ThreadPool]: SQL status: SUCCESS 3 in 0.209 seconds
[0m01:30:30.932379 [debug] [ThreadPool]: SQL status: SUCCESS 2 in 0.219 seconds
[0m01:30:30.936181 [debug] [MainThread]: Sending event: {'category': 'dbt', 'action': 'runnable_timing', 'label': 'c7c067e3-afb8-4370-8e4e-973effcd6510', 'context': [<snowplow_tracker.self_describing_json.SelfDescribingJson object at 0x71fec0ff15b0>]}
[0m01:30:30.940718 [debug] [Thread-2 (]: Began running node model.sales_etl.silver_sales
[0m01:30:30.941147 [debug] [Thread-3 (]: Began running node model.sales_etl.silver_stores
[0m01:30:30.941753 [info ] [Thread-2 (]: 1 of 5 START sql table model RAW_SILVER.silver_sales ........................... [RUN]
[0m01:30:30.942299 [info ] [Thread-3 (]: 2 of 5 START sql table model RAW_SILVER.silver_stores .......................... [RUN]
[0m01:30:30.942839 [debug] [Thread-2 (]: Re-using an available connection from the pool (formerly list_SALES_DB_RAW_SILVER, now model.sales_etl.silver_sales)
[0m01:30:30.943745 [debug] [Thread-3 (]: Re-using an available connection from the pool (formerly list_SALES_DB_RAW_GOLD, now model.sales_etl.silver_stores)
[0m01:30:30.944730 [debug] [Thread-2 (]: Began compiling node model.sales_etl.silver_sales
[0m01:30:30.945719 [debug] [Thread-3 (]: Began compiling node model.sales_etl.silver_stores
[0m01:30:30.954146 [debug] [Thread-2 (]: Writing injected SQL for node "model.sales_etl.silver_sales"
[0m01:30:30.957527 [debug] [Thread-3 (]: Writing injected SQL for node "model.sales_etl.silver_stores"
[0m01:30:30.959384 [debug] [Thread-2 (]: Began executing node model.sales_etl.silver_sales
[0m01:30:30.960307 [debug] [Thread-3 (]: Began executing node model.sales_etl.silver_stores
[0m01:30:30.992362 [debug] [Thread-2 (]: Writing runtime sql for node "model.sales_etl.silver_sales"
[0m01:30:30.993044 [debug] [Thread-3 (]: Writing runtime sql for node "model.sales_etl.silver_stores"
[0m01:30:30.994135 [debug] [Thread-2 (]: Using snowflake connection "model.sales_etl.silver_sales"
[0m01:30:30.994654 [debug] [Thread-2 (]: On model.sales_etl.silver_sales: create or replace transient table SALES_DB.RAW_SILVER.silver_sales
    
    
    
    as (with source as (

    select *
    from SALES_DB.RAW.sales

),

typed as (

    select
        store_token,
        transaction_id,
        receipt_token,
        try_to_timestamp(
            transaction_time,
            'YYYYMMDD"T"HH24MISS.FF3'
        ) as transaction_timestamp,
        try_to_number(amount,11,2) as amount,
        user_role,
        batch_date,
        source_file,
        load_timestamp
    from source

),

deduped as (

    select *
    from typed
    qualify row_number() over (
        partition by
            store_token,
            transaction_id
        order by
            load_timestamp desc
    ) = 1

)

select *
from deduped
    )

/* {"app": "dbt", "dbt_version": "1.11.11", "profile_name": "sales_etl", "target_name": "dev", "node_id": "model.sales_etl.silver_sales"} */;
[0m01:30:30.995453 [debug] [Thread-3 (]: Using snowflake connection "model.sales_etl.silver_stores"
[0m01:30:30.995705 [debug] [Thread-3 (]: On model.sales_etl.silver_stores: create or replace transient table SALES_DB.RAW_SILVER.silver_stores
    
    
    
    as (with source as (

    select *
    from SALES_DB.RAW.stores

),

deduped as (

    select *
    from source
    qualify row_number() over (
        partition by store_token
        order by load_timestamp desc
    ) = 1

)

select *
from deduped
    )

/* {"app": "dbt", "dbt_version": "1.11.11", "profile_name": "sales_etl", "target_name": "dev", "node_id": "model.sales_etl.silver_stores"} */;
[0m01:30:31.986510 [debug] [Thread-3 (]: SQL status: SUCCESS 72 in 0.990 seconds
[0m01:30:32.002596 [debug] [Thread-3 (]: Sending event: {'category': 'dbt', 'action': 'run_model', 'label': 'c7c067e3-afb8-4370-8e4e-973effcd6510', 'context': [<snowplow_tracker.self_describing_json.SelfDescribingJson object at 0x71fec405f710>]}
[0m01:30:32.003099 [info ] [Thread-3 (]: 2 of 5 OK created sql table model RAW_SILVER.silver_stores ..................... [[32mSUCCESS 72[0m in 1.06s]
[0m01:30:32.003517 [debug] [Thread-3 (]: Finished running node model.sales_etl.silver_stores
[0m01:30:32.094920 [debug] [Thread-2 (]: SQL status: SUCCESS 1280 in 1.100 seconds
[0m01:30:32.096811 [debug] [Thread-2 (]: Sending event: {'category': 'dbt', 'action': 'run_model', 'label': 'c7c067e3-afb8-4370-8e4e-973effcd6510', 'context': [<snowplow_tracker.self_describing_json.SelfDescribingJson object at 0x71fec0094650>]}
[0m01:30:32.097293 [info ] [Thread-2 (]: 1 of 5 OK created sql table model RAW_SILVER.silver_sales ...................... [[32mSUCCESS 1280[0m in 1.15s]
[0m01:30:32.097731 [debug] [Thread-2 (]: Finished running node model.sales_etl.silver_sales
[0m01:30:32.098638 [debug] [Thread-5 (]: Began running node model.sales_etl.rpt_sales_by_transaction_date
[0m01:30:32.099174 [info ] [Thread-5 (]: 3 of 5 START sql table model RAW_GOLD.rpt_sales_by_transaction_date ............ [RUN]
[0m01:30:32.099926 [debug] [Thread-4 (]: Began running node model.sales_etl.rpt_top_5_sales_stores
[0m01:30:32.100618 [debug] [Thread-5 (]: Acquiring new snowflake connection 'model.sales_etl.rpt_sales_by_transaction_date'
[0m01:30:32.101189 [debug] [Thread-3 (]: Began running node model.sales_etl.rpt_transactions_by_batch
[0m01:30:32.101778 [info ] [Thread-4 (]: 4 of 5 START sql table model RAW_GOLD.rpt_top_5_sales_stores ................... [RUN]
[0m01:30:32.102325 [debug] [Thread-5 (]: Began compiling node model.sales_etl.rpt_sales_by_transaction_date
[0m01:30:32.102970 [info ] [Thread-3 (]: 5 of 5 START sql table model RAW_GOLD.rpt_transactions_by_batch ................ [RUN]
[0m01:30:32.103585 [debug] [Thread-4 (]: Acquiring new snowflake connection 'model.sales_etl.rpt_top_5_sales_stores'
[0m01:30:32.106116 [debug] [Thread-5 (]: Writing injected SQL for node "model.sales_etl.rpt_sales_by_transaction_date"
[0m01:30:32.106692 [debug] [Thread-3 (]: Re-using an available connection from the pool (formerly model.sales_etl.silver_stores, now model.sales_etl.rpt_transactions_by_batch)
[0m01:30:32.107161 [debug] [Thread-4 (]: Began compiling node model.sales_etl.rpt_top_5_sales_stores
[0m01:30:32.107870 [debug] [Thread-3 (]: Began compiling node model.sales_etl.rpt_transactions_by_batch
[0m01:30:32.110726 [debug] [Thread-4 (]: Writing injected SQL for node "model.sales_etl.rpt_top_5_sales_stores"
[0m01:30:32.111291 [debug] [Thread-5 (]: Began executing node model.sales_etl.rpt_sales_by_transaction_date
[0m01:30:32.115053 [debug] [Thread-3 (]: Writing injected SQL for node "model.sales_etl.rpt_transactions_by_batch"
[0m01:30:32.115694 [debug] [Thread-4 (]: Began executing node model.sales_etl.rpt_top_5_sales_stores
[0m01:30:32.117634 [debug] [Thread-5 (]: Writing runtime sql for node "model.sales_etl.rpt_sales_by_transaction_date"
[0m01:30:32.119969 [debug] [Thread-4 (]: Writing runtime sql for node "model.sales_etl.rpt_top_5_sales_stores"
[0m01:30:32.121144 [debug] [Thread-5 (]: Using snowflake connection "model.sales_etl.rpt_sales_by_transaction_date"
[0m01:30:32.121685 [debug] [Thread-5 (]: On model.sales_etl.rpt_sales_by_transaction_date: create or replace transient table SALES_DB.RAW_GOLD.rpt_sales_by_transaction_date
    
    
    
    as (with sales as (

    select *
    from SALES_DB.RAW_SILVER.silver_sales

),

daily as (

    select
        current_date() as snapshot_date,
        cast(transaction_timestamp as date)
            as transaction_date,
        count(distinct store_token)
            as stores_with_transactions,
        sum(amount)
            as total_sales_amount,
        avg(amount)
            as total_sales_average
    from sales
    group by 2

),

monthly as (

    select
        *,
        sum(total_sales_amount) over (
            partition by
                date_trunc(
                    month,
                    transaction_date
                )
            order by transaction_date
        ) as monthly_accumulated_sales
    from daily
    
)

select *
from monthly
qualify row_number() over (
    order by transaction_date desc
) <= 40
    )

/* {"app": "dbt", "dbt_version": "1.11.11", "profile_name": "sales_etl", "target_name": "dev", "node_id": "model.sales_etl.rpt_sales_by_transaction_date"} */;
[0m01:30:32.122018 [debug] [Thread-5 (]: Opening a new connection, currently in state init
[0m01:30:32.123000 [debug] [Thread-4 (]: Using snowflake connection "model.sales_etl.rpt_top_5_sales_stores"
[0m01:30:32.123720 [debug] [Thread-3 (]: Began executing node model.sales_etl.rpt_transactions_by_batch
[0m01:30:32.124079 [debug] [Thread-4 (]: On model.sales_etl.rpt_top_5_sales_stores: create or replace transient table SALES_DB.RAW_GOLD.rpt_top_5_sales_stores
    
    
    
    as (with sales as (

    select *
    from SALES_DB.RAW_SILVER.silver_sales

),

stores as (

    select *
    from SALES_DB.RAW_SILVER.silver_stores

),

daily_sales as (

    select
        cast(
            transaction_timestamp as date
        ) as transaction_date,
        store_token,
        sum(amount) as total_sales
    from sales
    group by 1,2

),

ranked as (

    select
        *,
        dense_rank() over (
            partition by transaction_date
            order by total_sales desc
        ) as rank_id

    from daily_sales

)

select
    current_date() as snapshot_date,
    r.transaction_date,
    r.rank_id,
    r.total_sales,
    r.store_token,
    s.store_name
from ranked r
join stores s
    on r.store_token = s.store_token
where rank_id <= 5
qualify row_number() over (
    order by transaction_date desc
) <= 50
    )

/* {"app": "dbt", "dbt_version": "1.11.11", "profile_name": "sales_etl", "target_name": "dev", "node_id": "model.sales_etl.rpt_top_5_sales_stores"} */;
[0m01:30:32.126863 [debug] [Thread-3 (]: Writing runtime sql for node "model.sales_etl.rpt_transactions_by_batch"
[0m01:30:32.130952 [debug] [Thread-4 (]: Opening a new connection, currently in state init
[0m01:30:32.136455 [debug] [Thread-3 (]: Using snowflake connection "model.sales_etl.rpt_transactions_by_batch"
[0m01:30:32.138353 [debug] [Thread-3 (]: On model.sales_etl.rpt_transactions_by_batch: create or replace transient table SALES_DB.RAW_GOLD.rpt_transactions_by_batch
    
    
    
    as (with sales as (

    select *
    from SALES_DB.RAW_SILVER.silver_sales

),

audit as (

    select *
    from SALES_DB.RAW.file_audit

)

select
    current_date() as snapshot_date,
    batch_date,
    count(*) as total_processed_raw_transactions,
    count(*) as valid_transactions,
    0 as invalid_transactions,
    max(load_timestamp)::date as processing_date
from sales
group by batch_date
qualify row_number() over (
    order by batch_date desc
) <= 40
    )

/* {"app": "dbt", "dbt_version": "1.11.11", "profile_name": "sales_etl", "target_name": "dev", "node_id": "model.sales_etl.rpt_transactions_by_batch"} */;
[0m01:30:33.440395 [debug] [Thread-3 (]: SQL status: SUCCESS 3 in 1.301 seconds
[0m01:30:33.442526 [debug] [Thread-3 (]: Sending event: {'category': 'dbt', 'action': 'run_model', 'label': 'c7c067e3-afb8-4370-8e4e-973effcd6510', 'context': [<snowplow_tracker.self_describing_json.SelfDescribingJson object at 0x71fec009da90>]}
[0m01:30:33.443050 [info ] [Thread-3 (]: 5 of 5 OK created sql table model RAW_GOLD.rpt_transactions_by_batch ........... [[32mSUCCESS 3[0m in 1.34s]
[0m01:30:33.443464 [debug] [Thread-3 (]: Finished running node model.sales_etl.rpt_transactions_by_batch
[0m01:30:33.523938 [debug] [Thread-5 (]: SQL status: SUCCESS 3 in 1.402 seconds
[0m01:30:33.525791 [debug] [Thread-5 (]: Sending event: {'category': 'dbt', 'action': 'run_model', 'label': 'c7c067e3-afb8-4370-8e4e-973effcd6510', 'context': [<snowplow_tracker.self_describing_json.SelfDescribingJson object at 0x71febbf3c350>]}
[0m01:30:33.526276 [info ] [Thread-5 (]: 3 of 5 OK created sql table model RAW_GOLD.rpt_sales_by_transaction_date ....... [[32mSUCCESS 3[0m in 1.43s]
[0m01:30:33.526683 [debug] [Thread-5 (]: Finished running node model.sales_etl.rpt_sales_by_transaction_date
[0m01:30:33.739995 [debug] [Thread-4 (]: SQL status: SUCCESS 15 in 1.609 seconds
[0m01:30:33.742117 [debug] [Thread-4 (]: Sending event: {'category': 'dbt', 'action': 'run_model', 'label': 'c7c067e3-afb8-4370-8e4e-973effcd6510', 'context': [<snowplow_tracker.self_describing_json.SelfDescribingJson object at 0x71fec00bb560>]}
[0m01:30:33.742619 [info ] [Thread-4 (]: 4 of 5 OK created sql table model RAW_GOLD.rpt_top_5_sales_stores .............. [[32mSUCCESS 15[0m in 1.64s]
[0m01:30:33.743046 [debug] [Thread-4 (]: Finished running node model.sales_etl.rpt_top_5_sales_stores
[0m01:30:33.744591 [debug] [MainThread]: Connection 'master' was properly closed.
[0m01:30:33.744847 [debug] [MainThread]: Connection 'model.sales_etl.silver_sales' was left open.
[0m01:30:33.745072 [debug] [MainThread]: On model.sales_etl.silver_sales: Close
[0m01:30:34.061197 [debug] [MainThread]: Connection 'model.sales_etl.rpt_transactions_by_batch' was left open.
[0m01:30:34.061623 [debug] [MainThread]: On model.sales_etl.rpt_transactions_by_batch: Close
[0m01:30:34.360602 [debug] [MainThread]: Connection 'model.sales_etl.rpt_sales_by_transaction_date' was left open.
[0m01:30:34.361064 [debug] [MainThread]: On model.sales_etl.rpt_sales_by_transaction_date: Close
[0m01:30:34.662658 [debug] [MainThread]: Connection 'model.sales_etl.rpt_top_5_sales_stores' was left open.
[0m01:30:34.663137 [debug] [MainThread]: On model.sales_etl.rpt_top_5_sales_stores: Close
[0m01:30:34.958012 [info ] [MainThread]: 
[0m01:30:34.959039 [info ] [MainThread]: Finished running 5 table models in 0 hours 0 minutes and 5.78 seconds (5.78s).
[0m01:30:34.961319 [debug] [MainThread]: Command end result
[0m01:30:34.982755 [debug] [MainThread]: Wrote artifact WritableManifest to /home/yamir/Documentos/interviews/R2/demo/sales_etl_platform/dbt/target/manifest.json
[0m01:30:34.984304 [debug] [MainThread]: Wrote artifact SemanticManifest to /home/yamir/Documentos/interviews/R2/demo/sales_etl_platform/dbt/target/semantic_manifest.json
[0m01:30:34.989786 [debug] [MainThread]: Wrote artifact RunExecutionResult to /home/yamir/Documentos/interviews/R2/demo/sales_etl_platform/dbt/target/run_results.json
[0m01:30:34.990153 [info ] [MainThread]: 
[0m01:30:34.990548 [info ] [MainThread]: [32mCompleted successfully[0m
[0m01:30:34.990889 [info ] [MainThread]: 
[0m01:30:34.991224 [info ] [MainThread]: Done. PASS=5 WARN=0 ERROR=0 SKIP=0 NO-OP=0 TOTAL=5
[0m01:30:34.992080 [debug] [MainThread]: Resource report: {"command_name": "run", "command_success": true, "command_wall_clock_time": 7.439346, "process_in_blocks": "0", "process_kernel_time": 0.177957, "process_mem_max_rss": "165516", "process_out_blocks": "3920", "process_user_time": 2.769344}
[0m01:30:34.992549 [debug] [MainThread]: Command `dbt run` succeeded at 01:30:34.992461 after 7.44 seconds
[0m01:30:34.992839 [debug] [MainThread]: Sending event: {'category': 'dbt', 'action': 'invocation', 'label': 'end', 'context': [<snowplow_tracker.self_describing_json.SelfDescribingJson object at 0x71fec4b16720>, <snowplow_tracker.self_describing_json.SelfDescribingJson object at 0x71fec48d66c0>, <snowplow_tracker.self_describing_json.SelfDescribingJson object at 0x71fec2b48f20>]}
[0m01:30:34.993094 [debug] [MainThread]: Flushing usage events
[0m01:30:35.671561 [debug] [MainThread]: An error was encountered while trying to flush usage events
[0m01:37:50.045994 [debug] [MainThread]: Sending event: {'category': 'dbt', 'action': 'invocation', 'label': 'start', 'context': [<snowplow_tracker.self_describing_json.SelfDescribingJson object at 0x79c8e95e8500>, <snowplow_tracker.self_describing_json.SelfDescribingJson object at 0x79c8e8e43e00>, <snowplow_tracker.self_describing_json.SelfDescribingJson object at 0x79c8e8e41040>]}


============================== 01:37:50.047954 | da4fadf8-b505-4062-958f-93cb50d8737d ==============================
[0m01:37:50.047954 [info ] [MainThread]: Running with dbt=1.11.11
[0m01:37:50.048323 [debug] [MainThread]: running dbt with arguments {'introspect': 'True', 'version_check': 'True', 'use_colors': 'True', 'profiles_dir': '/home/yamir/Documentos/interviews/R2/demo/sales_etl_platform/dbt', 'printer_width': '80', 'use_experimental_parser': 'False', 'cache_selected_only': 'False', 'empty': 'False', 'log_cache_events': 'False', 'log_path': '/home/yamir/Documentos/interviews/R2/demo/sales_etl_platform/dbt/logs', 'write_json': 'True', 'invocation_command': 'dbt run --full-refresh', 'partial_parse': 'True', 'target_path': 'None', 'fail_fast': 'False', 'quiet': 'False', 'static_parser': 'True', 'send_anonymous_usage_stats': 'True', 'warn_error': 'None', 'indirect_selection': 'eager', 'no_print': 'None', 'log_format': 'default', 'warn_error_options': 'WarnErrorOptionsV2(error=[], warn=[], silence=[])', 'debug': 'False'}
[0m01:37:50.174777 [debug] [MainThread]: Snowflake adapter: Setting snowflake.connector to ERROR (file logging only)
[0m01:37:50.175139 [debug] [MainThread]: Snowflake adapter: Setting botocore to ERROR (file logging only)
[0m01:37:50.175363 [debug] [MainThread]: Snowflake adapter: Setting boto3 to ERROR (file logging only)
[0m01:37:50.319872 [debug] [MainThread]: Sending event: {'category': 'dbt', 'action': 'project_id', 'label': 'da4fadf8-b505-4062-958f-93cb50d8737d', 'context': [<snowplow_tracker.self_describing_json.SelfDescribingJson object at 0x79c8e855bfe0>]}
[0m01:37:50.358907 [debug] [MainThread]: Sending event: {'category': 'dbt', 'action': 'adapter_info', 'label': 'da4fadf8-b505-4062-958f-93cb50d8737d', 'context': [<snowplow_tracker.self_describing_json.SelfDescribingJson object at 0x79c8e6e678f0>]}
[0m01:37:50.359432 [info ] [MainThread]: Registered adapter: snowflake=1.11.5
[0m01:37:50.439606 [debug] [MainThread]: checksum: 30a8cc8fdcbf66701b0944d4ccce3fa46dd04b61e5df68b9f16d57b2e0e3f0be, vars: {}, profile: , target: , version: 1.11.11
[0m01:37:50.512390 [debug] [MainThread]: Partial parsing enabled: 0 files deleted, 1 files added, 0 files changed.
[0m01:37:50.512853 [debug] [MainThread]: Partial parsing: added file: sales_etl://macros/generate_schema_name.sql
[0m01:37:50.514367 [info ] [MainThread]: Unable to do partial parsing because change detected to override macro. Starting full parse.
[0m01:37:51.464546 [debug] [MainThread]: Sending event: {'category': 'dbt', 'action': 'load_project', 'label': 'da4fadf8-b505-4062-958f-93cb50d8737d', 'context': [<snowplow_tracker.self_describing_json.SelfDescribingJson object at 0x79c8e575a120>]}
[0m01:37:51.526426 [debug] [MainThread]: Wrote artifact WritableManifest to /home/yamir/Documentos/interviews/R2/demo/sales_etl_platform/dbt/target/manifest.json
[0m01:37:51.527666 [debug] [MainThread]: Wrote artifact SemanticManifest to /home/yamir/Documentos/interviews/R2/demo/sales_etl_platform/dbt/target/semantic_manifest.json
[0m01:37:51.532434 [debug] [MainThread]: Sending event: {'category': 'dbt', 'action': 'resource_counts', 'label': 'da4fadf8-b505-4062-958f-93cb50d8737d', 'context': [<snowplow_tracker.self_describing_json.SelfDescribingJson object at 0x79c8e57d5310>]}
[0m01:37:51.532765 [info ] [MainThread]: Found 5 models, 7 data tests, 3 sources, 537 macros
[0m01:37:51.533003 [debug] [MainThread]: Sending event: {'category': 'dbt', 'action': 'runnable_timing', 'label': 'da4fadf8-b505-4062-958f-93cb50d8737d', 'context': [<snowplow_tracker.self_describing_json.SelfDescribingJson object at 0x79c8e59a92e0>]}
[0m01:37:51.534285 [info ] [MainThread]: 
[0m01:37:51.534553 [info ] [MainThread]: Concurrency: 4 threads (target='dev')
[0m01:37:51.534754 [info ] [MainThread]: 
[0m01:37:51.535071 [debug] [MainThread]: Acquiring new snowflake connection 'master'
[0m01:37:51.538404 [debug] [ThreadPool]: Acquiring new snowflake connection 'list_SALES_DB'
[0m01:37:51.538962 [debug] [ThreadPool]: Acquiring new snowflake connection 'list_SALES_DB'
[0m01:37:51.572082 [debug] [ThreadPool]: Using snowflake connection "list_SALES_DB"
[0m01:37:51.572667 [debug] [ThreadPool]: Using snowflake connection "list_SALES_DB"
[0m01:37:51.573099 [debug] [ThreadPool]: On list_SALES_DB: show terse schemas in database SALES_DB
    limit 10000
/* {"app": "dbt", "dbt_version": "1.11.11", "profile_name": "sales_etl", "target_name": "dev", "connection_name": "list_SALES_DB"} */
[0m01:37:51.573412 [debug] [ThreadPool]: On list_SALES_DB: show terse schemas in database SALES_DB
    limit 10000
/* {"app": "dbt", "dbt_version": "1.11.11", "profile_name": "sales_etl", "target_name": "dev", "connection_name": "list_SALES_DB"} */
[0m01:37:51.573941 [debug] [ThreadPool]: Opening a new connection, currently in state init
[0m01:37:51.574239 [debug] [ThreadPool]: Opening a new connection, currently in state init
[0m01:37:53.063111 [debug] [ThreadPool]: SQL status: SUCCESS 10 in 1.489 seconds
[0m01:37:53.068030 [debug] [ThreadPool]: SQL status: SUCCESS 10 in 1.494 seconds
[0m01:37:53.071046 [debug] [ThreadPool]: Re-using an available connection from the pool (formerly list_SALES_DB, now list_SALES_DB_SILVER)
[0m01:37:53.079576 [debug] [ThreadPool]: Using snowflake connection "list_SALES_DB_SILVER"
[0m01:37:53.079843 [debug] [ThreadPool]: On list_SALES_DB_SILVER: show objects in SALES_DB.SILVER
    limit 10000
    

/* {"app": "dbt", "dbt_version": "1.11.11", "profile_name": "sales_etl", "target_name": "dev", "connection_name": "list_SALES_DB_SILVER"} */;
[0m01:37:53.080204 [debug] [ThreadPool]: Re-using an available connection from the pool (formerly list_SALES_DB, now list_SALES_DB_GOLD)
[0m01:37:53.081924 [debug] [ThreadPool]: Using snowflake connection "list_SALES_DB_GOLD"
[0m01:37:53.083102 [debug] [ThreadPool]: On list_SALES_DB_GOLD: show objects in SALES_DB.GOLD
    limit 10000
    

/* {"app": "dbt", "dbt_version": "1.11.11", "profile_name": "sales_etl", "target_name": "dev", "connection_name": "list_SALES_DB_GOLD"} */;
[0m01:37:53.264586 [debug] [ThreadPool]: SQL status: SUCCESS 0 in 0.184 seconds
[0m01:37:53.269334 [debug] [ThreadPool]: SQL status: SUCCESS 0 in 0.185 seconds
[0m01:37:53.273267 [debug] [MainThread]: Sending event: {'category': 'dbt', 'action': 'runnable_timing', 'label': 'da4fadf8-b505-4062-958f-93cb50d8737d', 'context': [<snowplow_tracker.self_describing_json.SelfDescribingJson object at 0x79c8e4b99b80>]}
[0m01:37:53.278324 [debug] [Thread-2 (]: Began running node model.sales_etl.silver_sales
[0m01:37:53.279513 [debug] [Thread-3 (]: Began running node model.sales_etl.silver_stores
[0m01:37:53.281062 [info ] [Thread-2 (]: 1 of 5 START sql table model SILVER.silver_sales ............................... [RUN]
[0m01:37:53.282621 [info ] [Thread-3 (]: 2 of 5 START sql table model SILVER.silver_stores .............................. [RUN]
[0m01:37:53.283922 [debug] [Thread-2 (]: Re-using an available connection from the pool (formerly list_SALES_DB_GOLD, now model.sales_etl.silver_sales)
[0m01:37:53.285191 [debug] [Thread-3 (]: Re-using an available connection from the pool (formerly list_SALES_DB_SILVER, now model.sales_etl.silver_stores)
[0m01:37:53.286630 [debug] [Thread-2 (]: Began compiling node model.sales_etl.silver_sales
[0m01:37:53.287782 [debug] [Thread-3 (]: Began compiling node model.sales_etl.silver_stores
[0m01:37:53.302005 [debug] [Thread-2 (]: Writing injected SQL for node "model.sales_etl.silver_sales"
[0m01:37:53.307235 [debug] [Thread-3 (]: Writing injected SQL for node "model.sales_etl.silver_stores"
[0m01:37:53.309481 [debug] [Thread-2 (]: Began executing node model.sales_etl.silver_sales
[0m01:37:53.310489 [debug] [Thread-3 (]: Began executing node model.sales_etl.silver_stores
[0m01:37:53.370500 [debug] [Thread-2 (]: Writing runtime sql for node "model.sales_etl.silver_sales"
[0m01:37:53.372778 [debug] [Thread-3 (]: Writing runtime sql for node "model.sales_etl.silver_stores"
[0m01:37:53.373785 [debug] [Thread-3 (]: Using snowflake connection "model.sales_etl.silver_stores"
[0m01:37:53.374603 [debug] [Thread-2 (]: Using snowflake connection "model.sales_etl.silver_sales"
[0m01:37:53.375167 [debug] [Thread-3 (]: On model.sales_etl.silver_stores: create or replace transient table SALES_DB.SILVER.silver_stores
    
    
    
    as (with source as (

    select *
    from SALES_DB.RAW.stores

),

deduped as (

    select *
    from source
    qualify row_number() over (
        partition by store_token
        order by load_timestamp desc
    ) = 1

)

select *
from deduped
    )

/* {"app": "dbt", "dbt_version": "1.11.11", "profile_name": "sales_etl", "target_name": "dev", "node_id": "model.sales_etl.silver_stores"} */;
[0m01:37:53.375630 [debug] [Thread-2 (]: On model.sales_etl.silver_sales: create or replace transient table SALES_DB.SILVER.silver_sales
    
    
    
    as (with source as (

    select *
    from SALES_DB.RAW.sales

),

typed as (

    select
        store_token,
        transaction_id,
        receipt_token,
        try_to_timestamp(
            transaction_time,
            'YYYYMMDD"T"HH24MISS.FF3'
        ) as transaction_timestamp,
        try_to_number(amount,11,2) as amount,
        user_role,
        batch_date,
        source_file,
        load_timestamp
    from source

),

deduped as (

    select *
    from typed
    qualify row_number() over (
        partition by
            store_token,
            transaction_id
        order by
            load_timestamp desc
    ) = 1

)

select *
from deduped
    )

/* {"app": "dbt", "dbt_version": "1.11.11", "profile_name": "sales_etl", "target_name": "dev", "node_id": "model.sales_etl.silver_sales"} */;
[0m01:37:54.623629 [debug] [Thread-3 (]: SQL status: SUCCESS 72 in 1.248 seconds
[0m01:37:54.638065 [debug] [Thread-3 (]: Sending event: {'category': 'dbt', 'action': 'run_model', 'label': 'da4fadf8-b505-4062-958f-93cb50d8737d', 'context': [<snowplow_tracker.self_describing_json.SelfDescribingJson object at 0x79c8e9534c20>]}
[0m01:37:54.638587 [info ] [Thread-3 (]: 2 of 5 OK created sql table model SILVER.silver_stores ......................... [[32mSUCCESS 72[0m in 1.35s]
[0m01:37:54.639026 [debug] [Thread-3 (]: Finished running node model.sales_etl.silver_stores
[0m01:37:54.650189 [debug] [Thread-2 (]: SQL status: SUCCESS 1280 in 1.274 seconds
[0m01:37:54.651394 [debug] [Thread-2 (]: Sending event: {'category': 'dbt', 'action': 'run_model', 'label': 'da4fadf8-b505-4062-958f-93cb50d8737d', 'context': [<snowplow_tracker.self_describing_json.SelfDescribingJson object at 0x79c8e4388140>]}
[0m01:37:54.651829 [info ] [Thread-2 (]: 1 of 5 OK created sql table model SILVER.silver_sales .......................... [[32mSUCCESS 1280[0m in 1.37s]
[0m01:37:54.652213 [debug] [Thread-2 (]: Finished running node model.sales_etl.silver_sales
[0m01:37:54.652891 [debug] [Thread-5 (]: Began running node model.sales_etl.rpt_sales_by_transaction_date
[0m01:37:54.653438 [info ] [Thread-5 (]: 3 of 5 START sql table model GOLD.rpt_sales_by_transaction_date ................ [RUN]
[0m01:37:54.654136 [debug] [Thread-5 (]: Acquiring new snowflake connection 'model.sales_etl.rpt_sales_by_transaction_date'
[0m01:37:54.654794 [debug] [Thread-5 (]: Began compiling node model.sales_etl.rpt_sales_by_transaction_date
[0m01:37:54.657519 [debug] [Thread-5 (]: Writing injected SQL for node "model.sales_etl.rpt_sales_by_transaction_date"
[0m01:37:54.658122 [debug] [Thread-5 (]: Began executing node model.sales_etl.rpt_sales_by_transaction_date
[0m01:37:54.660313 [debug] [Thread-5 (]: Writing runtime sql for node "model.sales_etl.rpt_sales_by_transaction_date"
[0m01:37:54.660767 [debug] [Thread-4 (]: Began running node model.sales_etl.rpt_top_5_sales_stores
[0m01:37:54.661887 [info ] [Thread-4 (]: 4 of 5 START sql table model GOLD.rpt_top_5_sales_stores ....................... [RUN]
[0m01:37:54.661304 [debug] [Thread-3 (]: Began running node model.sales_etl.rpt_transactions_by_batch
[0m01:37:54.664162 [info ] [Thread-3 (]: 5 of 5 START sql table model GOLD.rpt_transactions_by_batch .................... [RUN]
[0m01:37:54.663637 [debug] [Thread-4 (]: Acquiring new snowflake connection 'model.sales_etl.rpt_top_5_sales_stores'
[0m01:37:54.663112 [debug] [Thread-5 (]: Using snowflake connection "model.sales_etl.rpt_sales_by_transaction_date"
[0m01:37:54.666142 [debug] [Thread-5 (]: On model.sales_etl.rpt_sales_by_transaction_date: create or replace transient table SALES_DB.GOLD.rpt_sales_by_transaction_date
    
    
    
    as (with sales as (

    select *
    from SALES_DB.SILVER.silver_sales

),

daily as (

    select
        current_date() as snapshot_date,
        cast(transaction_timestamp as date)
            as transaction_date,
        count(distinct store_token)
            as stores_with_transactions,
        sum(amount)
            as total_sales_amount,
        avg(amount)
            as total_sales_average
    from sales
    group by 2

),

monthly as (

    select
        *,
        sum(total_sales_amount) over (
            partition by
                date_trunc(
                    month,
                    transaction_date
                )
            order by transaction_date
        ) as monthly_accumulated_sales
    from daily
    
)

select *
from monthly
qualify row_number() over (
    order by transaction_date desc
) <= 40
    )

/* {"app": "dbt", "dbt_version": "1.11.11", "profile_name": "sales_etl", "target_name": "dev", "node_id": "model.sales_etl.rpt_sales_by_transaction_date"} */;
[0m01:37:54.666613 [debug] [Thread-5 (]: Opening a new connection, currently in state init
[0m01:37:54.664746 [debug] [Thread-3 (]: Re-using an available connection from the pool (formerly model.sales_etl.silver_stores, now model.sales_etl.rpt_transactions_by_batch)
[0m01:37:54.665240 [debug] [Thread-4 (]: Began compiling node model.sales_etl.rpt_top_5_sales_stores
[0m01:37:54.667763 [debug] [Thread-3 (]: Began compiling node model.sales_etl.rpt_transactions_by_batch
[0m01:37:54.670565 [debug] [Thread-4 (]: Writing injected SQL for node "model.sales_etl.rpt_top_5_sales_stores"
[0m01:37:54.674558 [debug] [Thread-3 (]: Writing injected SQL for node "model.sales_etl.rpt_transactions_by_batch"
[0m01:37:54.677221 [debug] [Thread-3 (]: Began executing node model.sales_etl.rpt_transactions_by_batch
[0m01:37:54.677563 [debug] [Thread-4 (]: Began executing node model.sales_etl.rpt_top_5_sales_stores
[0m01:37:54.679343 [debug] [Thread-3 (]: Writing runtime sql for node "model.sales_etl.rpt_transactions_by_batch"
[0m01:37:54.684560 [debug] [Thread-4 (]: Writing runtime sql for node "model.sales_etl.rpt_top_5_sales_stores"
[0m01:37:54.685673 [debug] [Thread-3 (]: Using snowflake connection "model.sales_etl.rpt_transactions_by_batch"
[0m01:37:54.686103 [debug] [Thread-3 (]: On model.sales_etl.rpt_transactions_by_batch: create or replace transient table SALES_DB.GOLD.rpt_transactions_by_batch
    
    
    
    as (with sales as (

    select *
    from SALES_DB.SILVER.silver_sales

),

audit as (

    select *
    from SALES_DB.RAW.file_audit

)

select
    current_date() as snapshot_date,
    batch_date,
    count(*) as total_processed_raw_transactions,
    count(*) as valid_transactions,
    0 as invalid_transactions,
    max(load_timestamp)::date as processing_date
from sales
group by batch_date
qualify row_number() over (
    order by batch_date desc
) <= 40
    )

/* {"app": "dbt", "dbt_version": "1.11.11", "profile_name": "sales_etl", "target_name": "dev", "node_id": "model.sales_etl.rpt_transactions_by_batch"} */;
[0m01:37:54.689894 [debug] [Thread-4 (]: Using snowflake connection "model.sales_etl.rpt_top_5_sales_stores"
[0m01:37:54.690433 [debug] [Thread-4 (]: On model.sales_etl.rpt_top_5_sales_stores: create or replace transient table SALES_DB.GOLD.rpt_top_5_sales_stores
    
    
    
    as (with sales as (

    select *
    from SALES_DB.SILVER.silver_sales

),

stores as (

    select *
    from SALES_DB.SILVER.silver_stores

),

daily_sales as (

    select
        cast(
            transaction_timestamp as date
        ) as transaction_date,
        store_token,
        sum(amount) as total_sales
    from sales
    group by 1,2

),

ranked as (

    select
        *,
        dense_rank() over (
            partition by transaction_date
            order by total_sales desc
        ) as rank_id

    from daily_sales

)

select
    current_date() as snapshot_date,
    r.transaction_date,
    r.rank_id,
    r.total_sales,
    r.store_token,
    s.store_name
from ranked r
join stores s
    on r.store_token = s.store_token
where rank_id <= 5
qualify row_number() over (
    order by transaction_date desc
) <= 50
    )

/* {"app": "dbt", "dbt_version": "1.11.11", "profile_name": "sales_etl", "target_name": "dev", "node_id": "model.sales_etl.rpt_top_5_sales_stores"} */;
[0m01:37:54.691089 [debug] [Thread-4 (]: Opening a new connection, currently in state init
[0m01:37:55.616021 [debug] [Thread-3 (]: SQL status: SUCCESS 3 in 0.929 seconds
[0m01:37:55.619511 [debug] [Thread-3 (]: Sending event: {'category': 'dbt', 'action': 'run_model', 'label': 'da4fadf8-b505-4062-958f-93cb50d8737d', 'context': [<snowplow_tracker.self_describing_json.SelfDescribingJson object at 0x79c8e4376540>]}
[0m01:37:55.620158 [info ] [Thread-3 (]: 5 of 5 OK created sql table model GOLD.rpt_transactions_by_batch ............... [[32mSUCCESS 3[0m in 0.95s]
[0m01:37:55.620811 [debug] [Thread-3 (]: Finished running node model.sales_etl.rpt_transactions_by_batch
[0m01:37:56.079821 [debug] [Thread-4 (]: SQL status: SUCCESS 15 in 1.388 seconds
[0m01:37:56.083597 [debug] [Thread-4 (]: Sending event: {'category': 'dbt', 'action': 'run_model', 'label': 'da4fadf8-b505-4062-958f-93cb50d8737d', 'context': [<snowplow_tracker.self_describing_json.SelfDescribingJson object at 0x79c8e421b980>]}
[0m01:37:56.084639 [info ] [Thread-4 (]: 4 of 5 OK created sql table model GOLD.rpt_top_5_sales_stores .................. [[32mSUCCESS 15[0m in 1.42s]
[0m01:37:56.085781 [debug] [Thread-4 (]: Finished running node model.sales_etl.rpt_top_5_sales_stores
[0m01:37:56.546036 [debug] [Thread-5 (]: SQL status: SUCCESS 3 in 1.879 seconds
[0m01:37:56.550060 [debug] [Thread-5 (]: Sending event: {'category': 'dbt', 'action': 'run_model', 'label': 'da4fadf8-b505-4062-958f-93cb50d8737d', 'context': [<snowplow_tracker.self_describing_json.SelfDescribingJson object at 0x79c8e4278260>]}
[0m01:37:56.551339 [info ] [Thread-5 (]: 3 of 5 OK created sql table model GOLD.rpt_sales_by_transaction_date ........... [[32mSUCCESS 3[0m in 1.90s]
[0m01:37:56.552467 [debug] [Thread-5 (]: Finished running node model.sales_etl.rpt_sales_by_transaction_date
[0m01:37:56.554992 [debug] [MainThread]: Connection 'master' was properly closed.
[0m01:37:56.555596 [debug] [MainThread]: Connection 'model.sales_etl.rpt_transactions_by_batch' was left open.
[0m01:37:56.556079 [debug] [MainThread]: On model.sales_etl.rpt_transactions_by_batch: Close
[0m01:37:56.834133 [debug] [MainThread]: Connection 'model.sales_etl.silver_sales' was left open.
[0m01:37:56.835136 [debug] [MainThread]: On model.sales_etl.silver_sales: Close
[0m01:37:57.142712 [debug] [MainThread]: Connection 'model.sales_etl.rpt_sales_by_transaction_date' was left open.
[0m01:37:57.143887 [debug] [MainThread]: On model.sales_etl.rpt_sales_by_transaction_date: Close
[0m01:37:57.449357 [debug] [MainThread]: Connection 'model.sales_etl.rpt_top_5_sales_stores' was left open.
[0m01:37:57.449700 [debug] [MainThread]: On model.sales_etl.rpt_top_5_sales_stores: Close
[0m01:37:57.747797 [info ] [MainThread]: 
[0m01:37:57.748225 [info ] [MainThread]: Finished running 5 table models in 0 hours 0 minutes and 6.21 seconds (6.21s).
[0m01:37:57.749504 [debug] [MainThread]: Command end result
[0m01:37:57.772658 [debug] [MainThread]: Wrote artifact WritableManifest to /home/yamir/Documentos/interviews/R2/demo/sales_etl_platform/dbt/target/manifest.json
[0m01:37:57.774401 [debug] [MainThread]: Wrote artifact SemanticManifest to /home/yamir/Documentos/interviews/R2/demo/sales_etl_platform/dbt/target/semantic_manifest.json
[0m01:37:57.779656 [debug] [MainThread]: Wrote artifact RunExecutionResult to /home/yamir/Documentos/interviews/R2/demo/sales_etl_platform/dbt/target/run_results.json
[0m01:37:57.779942 [info ] [MainThread]: 
[0m01:37:57.780434 [info ] [MainThread]: [32mCompleted successfully[0m
[0m01:37:57.780839 [info ] [MainThread]: 
[0m01:37:57.781117 [info ] [MainThread]: Done. PASS=5 WARN=0 ERROR=0 SKIP=0 NO-OP=0 TOTAL=5
[0m01:37:57.782454 [debug] [MainThread]: Resource report: {"command_name": "run", "command_success": true, "command_wall_clock_time": 7.772771, "process_in_blocks": "0", "process_kernel_time": 0.181085, "process_mem_max_rss": "166032", "process_out_blocks": "3920", "process_user_time": 2.705282}
[0m01:37:57.783154 [debug] [MainThread]: Command `dbt run` succeeded at 01:37:57.783017 after 7.77 seconds
[0m01:37:57.783678 [debug] [MainThread]: Sending event: {'category': 'dbt', 'action': 'invocation', 'label': 'end', 'context': [<snowplow_tracker.self_describing_json.SelfDescribingJson object at 0x79c8e86ea150>, <snowplow_tracker.self_describing_json.SelfDescribingJson object at 0x79c8e86c10d0>, <snowplow_tracker.self_describing_json.SelfDescribingJson object at 0x79c8e59a9a00>]}
[0m01:37:57.784071 [debug] [MainThread]: Flushing usage events
[0m01:37:58.471646 [debug] [MainThread]: An error was encountered while trying to flush usage events
[0m01:54:20.049214 [debug] [MainThread]: Sending event: {'category': 'dbt', 'action': 'invocation', 'label': 'start', 'context': [<snowplow_tracker.self_describing_json.SelfDescribingJson object at 0x7d6c11b08710>, <snowplow_tracker.self_describing_json.SelfDescribingJson object at 0x7d6c11cd50d0>, <snowplow_tracker.self_describing_json.SelfDescribingJson object at 0x7d6c11cd4fb0>]}


============================== 01:54:20.051347 | 0346e8ad-dab4-413e-b795-cd1f90cddda9 ==============================
[0m01:54:20.051347 [info ] [MainThread]: Running with dbt=1.11.11
[0m01:54:20.051747 [debug] [MainThread]: running dbt with arguments {'send_anonymous_usage_stats': 'True', 'use_colors': 'True', 'debug': 'False', 'version_check': 'True', 'profiles_dir': '/home/yamir/Documentos/interviews/R2/demo/sales_etl_platform/dbt', 'empty': 'None', 'introspect': 'True', 'log_path': '/home/yamir/Documentos/interviews/R2/demo/sales_etl_platform/dbt/logs', 'fail_fast': 'False', 'write_json': 'True', 'invocation_command': 'dbt test', 'log_cache_events': 'False', 'indirect_selection': 'eager', 'target_path': 'None', 'partial_parse': 'True', 'warn_error_options': 'WarnErrorOptionsV2(error=[], warn=[], silence=[])', 'warn_error': 'None', 'no_print': 'None', 'log_format': 'default', 'static_parser': 'True', 'cache_selected_only': 'False', 'quiet': 'False', 'printer_width': '80', 'use_experimental_parser': 'False'}
[0m01:54:20.186244 [debug] [MainThread]: Snowflake adapter: Setting snowflake.connector to ERROR (file logging only)
[0m01:54:20.186618 [debug] [MainThread]: Snowflake adapter: Setting botocore to ERROR (file logging only)
[0m01:54:20.186853 [debug] [MainThread]: Snowflake adapter: Setting boto3 to ERROR (file logging only)
[0m01:54:20.342085 [debug] [MainThread]: Sending event: {'category': 'dbt', 'action': 'project_id', 'label': '0346e8ad-dab4-413e-b795-cd1f90cddda9', 'context': [<snowplow_tracker.self_describing_json.SelfDescribingJson object at 0x7d6c0ee9ec00>]}
[0m01:54:20.383637 [debug] [MainThread]: Sending event: {'category': 'dbt', 'action': 'adapter_info', 'label': '0346e8ad-dab4-413e-b795-cd1f90cddda9', 'context': [<snowplow_tracker.self_describing_json.SelfDescribingJson object at 0x7d6c0fa5a0f0>]}
[0m01:54:20.384255 [info ] [MainThread]: Registered adapter: snowflake=1.11.5
[0m01:54:20.484757 [debug] [MainThread]: checksum: 30a8cc8fdcbf66701b0944d4ccce3fa46dd04b61e5df68b9f16d57b2e0e3f0be, vars: {}, profile: , target: , version: 1.11.11
[0m01:54:20.558230 [debug] [MainThread]: Partial parsing enabled: 0 files deleted, 0 files added, 1 files changed.
[0m01:54:20.558709 [debug] [MainThread]: Partial parsing: updated file: sales_etl://tests/valid_store_token.sql
[0m01:54:20.676628 [debug] [MainThread]: Sending event: {'category': 'dbt', 'action': 'load_project', 'label': '0346e8ad-dab4-413e-b795-cd1f90cddda9', 'context': [<snowplow_tracker.self_describing_json.SelfDescribingJson object at 0x7d6c0dc368d0>]}
[0m01:54:20.734771 [debug] [MainThread]: Wrote artifact WritableManifest to /home/yamir/Documentos/interviews/R2/demo/sales_etl_platform/dbt/target/manifest.json
[0m01:54:20.736005 [debug] [MainThread]: Wrote artifact SemanticManifest to /home/yamir/Documentos/interviews/R2/demo/sales_etl_platform/dbt/target/semantic_manifest.json
[0m01:54:20.746469 [debug] [MainThread]: Sending event: {'category': 'dbt', 'action': 'resource_counts', 'label': '0346e8ad-dab4-413e-b795-cd1f90cddda9', 'context': [<snowplow_tracker.self_describing_json.SelfDescribingJson object at 0x7d6c0db6c380>]}
[0m01:54:20.746821 [info ] [MainThread]: Found 5 models, 7 data tests, 3 sources, 537 macros
[0m01:54:20.747078 [debug] [MainThread]: Sending event: {'category': 'dbt', 'action': 'runnable_timing', 'label': '0346e8ad-dab4-413e-b795-cd1f90cddda9', 'context': [<snowplow_tracker.self_describing_json.SelfDescribingJson object at 0x7d6c0dfa10a0>]}
[0m01:54:20.748474 [info ] [MainThread]: 
[0m01:54:20.748761 [info ] [MainThread]: Concurrency: 4 threads (target='dev')
[0m01:54:20.748995 [info ] [MainThread]: 
[0m01:54:20.749368 [debug] [MainThread]: Acquiring new snowflake connection 'master'
[0m01:54:20.752319 [debug] [ThreadPool]: Acquiring new snowflake connection 'list_SALES_DB_GOLD'
[0m01:54:20.766229 [debug] [ThreadPool]: Acquiring new snowflake connection 'list_SALES_DB_SILVER'
[0m01:54:20.794166 [debug] [ThreadPool]: Using snowflake connection "list_SALES_DB_SILVER"
[0m01:54:20.794547 [debug] [ThreadPool]: On list_SALES_DB_SILVER: show objects in SALES_DB.SILVER
    limit 10000
    

/* {"app": "dbt", "dbt_version": "1.11.11", "profile_name": "sales_etl", "target_name": "dev", "connection_name": "list_SALES_DB_SILVER"} */;
[0m01:54:20.794789 [debug] [ThreadPool]: Opening a new connection, currently in state init
[0m01:54:20.795235 [debug] [ThreadPool]: Using snowflake connection "list_SALES_DB_GOLD"
[0m01:54:20.795514 [debug] [ThreadPool]: On list_SALES_DB_GOLD: show objects in SALES_DB.GOLD
    limit 10000
    

/* {"app": "dbt", "dbt_version": "1.11.11", "profile_name": "sales_etl", "target_name": "dev", "connection_name": "list_SALES_DB_GOLD"} */;
[0m01:54:20.795704 [debug] [ThreadPool]: Opening a new connection, currently in state init
[0m01:54:22.457933 [debug] [ThreadPool]: SQL status: SUCCESS 2 in 1.663 seconds
[0m01:54:22.464163 [debug] [ThreadPool]: SQL status: SUCCESS 3 in 1.668 seconds
[0m01:54:22.466129 [debug] [MainThread]: Sending event: {'category': 'dbt', 'action': 'runnable_timing', 'label': '0346e8ad-dab4-413e-b795-cd1f90cddda9', 'context': [<snowplow_tracker.self_describing_json.SelfDescribingJson object at 0x7d6c0de77800>]}
[0m01:54:22.467819 [debug] [Thread-2 (]: Began running node test.sales_etl.not_null_silver_sales_amount.02a892d606
[0m01:54:22.468248 [debug] [Thread-3 (]: Began running node test.sales_etl.not_null_silver_sales_store_token.a775148663
[0m01:54:22.468727 [info ] [Thread-2 (]: 1 of 7 START test not_null_silver_sales_amount ................................. [RUN]
[0m01:54:22.469198 [info ] [Thread-3 (]: 2 of 7 START test not_null_silver_sales_store_token ............................ [RUN]
[0m01:54:22.469673 [debug] [Thread-4 (]: Began running node test.sales_etl.not_null_silver_sales_transaction_id.728e50eea6
[0m01:54:22.470119 [debug] [Thread-5 (]: Began running node test.sales_etl.not_null_silver_stores_store_token.6cfdf18669
[0m01:54:22.470578 [debug] [Thread-2 (]: Re-using an available connection from the pool (formerly list_SALES_DB_GOLD, now test.sales_etl.not_null_silver_sales_amount.02a892d606)
[0m01:54:22.470953 [debug] [Thread-3 (]: Re-using an available connection from the pool (formerly list_SALES_DB_SILVER, now test.sales_etl.not_null_silver_sales_store_token.a775148663)
[0m01:54:22.471382 [info ] [Thread-4 (]: 3 of 7 START test not_null_silver_sales_transaction_id ......................... [RUN]
[0m01:54:22.471840 [info ] [Thread-5 (]: 4 of 7 START test not_null_silver_stores_store_token ........................... [RUN]
[0m01:54:22.472212 [debug] [Thread-2 (]: Began compiling node test.sales_etl.not_null_silver_sales_amount.02a892d606
[0m01:54:22.472488 [debug] [Thread-3 (]: Began compiling node test.sales_etl.not_null_silver_sales_store_token.a775148663
[0m01:54:22.472887 [debug] [Thread-4 (]: Acquiring new snowflake connection 'test.sales_etl.not_null_silver_sales_transaction_id.728e50eea6'
[0m01:54:22.473368 [debug] [Thread-5 (]: Acquiring new snowflake connection 'test.sales_etl.not_null_silver_stores_store_token.6cfdf18669'
[0m01:54:22.483833 [debug] [Thread-2 (]: Writing injected SQL for node "test.sales_etl.not_null_silver_sales_amount.02a892d606"
[0m01:54:22.487287 [debug] [Thread-3 (]: Writing injected SQL for node "test.sales_etl.not_null_silver_sales_store_token.a775148663"
[0m01:54:22.487755 [debug] [Thread-4 (]: Began compiling node test.sales_etl.not_null_silver_sales_transaction_id.728e50eea6
[0m01:54:22.488180 [debug] [Thread-5 (]: Began compiling node test.sales_etl.not_null_silver_stores_store_token.6cfdf18669
[0m01:54:22.491823 [debug] [Thread-4 (]: Writing injected SQL for node "test.sales_etl.not_null_silver_sales_transaction_id.728e50eea6"
[0m01:54:22.492246 [debug] [Thread-2 (]: Began executing node test.sales_etl.not_null_silver_sales_amount.02a892d606
[0m01:54:22.494958 [debug] [Thread-5 (]: Writing injected SQL for node "test.sales_etl.not_null_silver_stores_store_token.6cfdf18669"
[0m01:54:22.495287 [debug] [Thread-3 (]: Began executing node test.sales_etl.not_null_silver_sales_store_token.a775148663
[0m01:54:22.495886 [debug] [Thread-4 (]: Began executing node test.sales_etl.not_null_silver_sales_transaction_id.728e50eea6
[0m01:54:22.510166 [debug] [Thread-2 (]: Writing runtime sql for node "test.sales_etl.not_null_silver_sales_amount.02a892d606"
[0m01:54:22.512015 [debug] [Thread-3 (]: Writing runtime sql for node "test.sales_etl.not_null_silver_sales_store_token.a775148663"
[0m01:54:22.512463 [debug] [Thread-5 (]: Began executing node test.sales_etl.not_null_silver_stores_store_token.6cfdf18669
[0m01:54:22.514819 [debug] [Thread-4 (]: Writing runtime sql for node "test.sales_etl.not_null_silver_sales_transaction_id.728e50eea6"
[0m01:54:22.515699 [debug] [Thread-3 (]: Using snowflake connection "test.sales_etl.not_null_silver_sales_store_token.a775148663"
[0m01:54:22.516300 [debug] [Thread-2 (]: Using snowflake connection "test.sales_etl.not_null_silver_sales_amount.02a892d606"
[0m01:54:22.517994 [debug] [Thread-5 (]: Writing runtime sql for node "test.sales_etl.not_null_silver_stores_store_token.6cfdf18669"
[0m01:54:22.518667 [debug] [Thread-4 (]: Using snowflake connection "test.sales_etl.not_null_silver_sales_transaction_id.728e50eea6"
[0m01:54:22.519071 [debug] [Thread-3 (]: On test.sales_etl.not_null_silver_sales_store_token.a775148663: select
      count(*) as failures,
      count(*) != 0 as should_warn,
      count(*) != 0 as should_error
    from (
      
    
  
    
    



select store_token
from SALES_DB.SILVER.silver_sales
where store_token is null



  
  
      
    ) dbt_internal_test
/* {"app": "dbt", "dbt_version": "1.11.11", "profile_name": "sales_etl", "target_name": "dev", "node_id": "test.sales_etl.not_null_silver_sales_store_token.a775148663"} */
[0m01:54:22.519398 [debug] [Thread-2 (]: On test.sales_etl.not_null_silver_sales_amount.02a892d606: select
      count(*) as failures,
      count(*) != 0 as should_warn,
      count(*) != 0 as should_error
    from (
      
    
  
    
    



select amount
from SALES_DB.SILVER.silver_sales
where amount is null



  
  
      
    ) dbt_internal_test
/* {"app": "dbt", "dbt_version": "1.11.11", "profile_name": "sales_etl", "target_name": "dev", "node_id": "test.sales_etl.not_null_silver_sales_amount.02a892d606"} */
[0m01:54:22.519920 [debug] [Thread-4 (]: On test.sales_etl.not_null_silver_sales_transaction_id.728e50eea6: select
      count(*) as failures,
      count(*) != 0 as should_warn,
      count(*) != 0 as should_error
    from (
      
    
  
    
    



select transaction_id
from SALES_DB.SILVER.silver_sales
where transaction_id is null



  
  
      
    ) dbt_internal_test
/* {"app": "dbt", "dbt_version": "1.11.11", "profile_name": "sales_etl", "target_name": "dev", "node_id": "test.sales_etl.not_null_silver_sales_transaction_id.728e50eea6"} */
[0m01:54:22.520627 [debug] [Thread-5 (]: Using snowflake connection "test.sales_etl.not_null_silver_stores_store_token.6cfdf18669"
[0m01:54:22.523016 [debug] [Thread-4 (]: Opening a new connection, currently in state init
[0m01:54:22.523507 [debug] [Thread-5 (]: On test.sales_etl.not_null_silver_stores_store_token.6cfdf18669: select
      count(*) as failures,
      count(*) != 0 as should_warn,
      count(*) != 0 as should_error
    from (
      
    
  
    
    



select store_token
from SALES_DB.SILVER.silver_stores
where store_token is null



  
  
      
    ) dbt_internal_test
/* {"app": "dbt", "dbt_version": "1.11.11", "profile_name": "sales_etl", "target_name": "dev", "node_id": "test.sales_etl.not_null_silver_stores_store_token.6cfdf18669"} */
[0m01:54:22.525210 [debug] [Thread-5 (]: Opening a new connection, currently in state init
[0m01:54:23.135659 [debug] [Thread-2 (]: SQL status: SUCCESS 1 in 0.614 seconds
[0m01:54:23.142050 [debug] [Thread-3 (]: SQL status: SUCCESS 1 in 0.621 seconds
[0m01:54:23.147333 [info ] [Thread-3 (]: 2 of 7 PASS not_null_silver_sales_store_token .................................. [[32mPASS[0m in 0.68s]
[0m01:54:23.148233 [debug] [Thread-3 (]: Finished running node test.sales_etl.not_null_silver_sales_store_token.a775148663
[0m01:54:23.148796 [debug] [Thread-3 (]: Began running node test.sales_etl.unique_silver_stores_store_token.2ae0e77f54
[0m01:54:23.149237 [info ] [Thread-3 (]: 5 of 7 START test unique_silver_stores_store_token ............................. [RUN]
[0m01:54:23.149930 [debug] [Thread-3 (]: Re-using an available connection from the pool (formerly test.sales_etl.not_null_silver_sales_store_token.a775148663, now test.sales_etl.unique_silver_stores_store_token.2ae0e77f54)
[0m01:54:23.150364 [debug] [Thread-3 (]: Began compiling node test.sales_etl.unique_silver_stores_store_token.2ae0e77f54
[0m01:54:23.154711 [debug] [Thread-3 (]: Writing injected SQL for node "test.sales_etl.unique_silver_stores_store_token.2ae0e77f54"
[0m01:54:23.155500 [info ] [Thread-2 (]: 1 of 7 PASS not_null_silver_sales_amount ....................................... [[32mPASS[0m in 0.68s]
[0m01:54:23.156167 [debug] [Thread-2 (]: Finished running node test.sales_etl.not_null_silver_sales_amount.02a892d606
[0m01:54:23.156476 [debug] [Thread-2 (]: Began running node test.sales_etl.unique_transaction
[0m01:54:23.156717 [info ] [Thread-2 (]: 6 of 7 START test unique_transaction ........................................... [RUN]
[0m01:54:23.157174 [debug] [Thread-2 (]: Re-using an available connection from the pool (formerly test.sales_etl.not_null_silver_sales_amount.02a892d606, now test.sales_etl.unique_transaction)
[0m01:54:23.157442 [debug] [Thread-2 (]: Began compiling node test.sales_etl.unique_transaction
[0m01:54:23.159022 [debug] [Thread-2 (]: Writing injected SQL for node "test.sales_etl.unique_transaction"
[0m01:54:23.159504 [debug] [Thread-2 (]: Began executing node test.sales_etl.unique_transaction
[0m01:54:23.161027 [debug] [Thread-2 (]: Writing runtime sql for node "test.sales_etl.unique_transaction"
[0m01:54:23.161959 [debug] [Thread-3 (]: Began executing node test.sales_etl.unique_silver_stores_store_token.2ae0e77f54
[0m01:54:23.163429 [debug] [Thread-2 (]: Using snowflake connection "test.sales_etl.unique_transaction"
[0m01:54:23.166318 [debug] [Thread-3 (]: Writing runtime sql for node "test.sales_etl.unique_silver_stores_store_token.2ae0e77f54"
[0m01:54:23.166837 [debug] [Thread-2 (]: On test.sales_etl.unique_transaction: select
      count(*) as failures,
      count(*) != 0 as should_warn,
      count(*) != 0 as should_error
    from (
      
    
  select
    store_token,
    transaction_id,
    count(*)
from SALES_DB.SILVER.silver_sales
group by
    store_token,
    transaction_id
having count(*) > 1
  
  
      
    ) dbt_internal_test
/* {"app": "dbt", "dbt_version": "1.11.11", "profile_name": "sales_etl", "target_name": "dev", "node_id": "test.sales_etl.unique_transaction"} */
[0m01:54:23.167703 [debug] [Thread-3 (]: Using snowflake connection "test.sales_etl.unique_silver_stores_store_token.2ae0e77f54"
[0m01:54:23.168574 [debug] [Thread-3 (]: On test.sales_etl.unique_silver_stores_store_token.2ae0e77f54: select
      count(*) as failures,
      count(*) != 0 as should_warn,
      count(*) != 0 as should_error
    from (
      
    
  
    
    

select
    store_token as unique_field,
    count(*) as n_records

from SALES_DB.SILVER.silver_stores
where store_token is not null
group by store_token
having count(*) > 1



  
  
      
    ) dbt_internal_test
/* {"app": "dbt", "dbt_version": "1.11.11", "profile_name": "sales_etl", "target_name": "dev", "node_id": "test.sales_etl.unique_silver_stores_store_token.2ae0e77f54"} */
[0m01:54:23.414059 [debug] [Thread-4 (]: SQL status: SUCCESS 1 in 0.891 seconds
[0m01:54:23.418366 [info ] [Thread-4 (]: 3 of 7 PASS not_null_silver_sales_transaction_id ............................... [[32mPASS[0m in 0.95s]
[0m01:54:23.419613 [debug] [Thread-4 (]: Finished running node test.sales_etl.not_null_silver_sales_transaction_id.728e50eea6
[0m01:54:23.420321 [debug] [Thread-4 (]: Began running node test.sales_etl.valid_store_token
[0m01:54:23.420912 [info ] [Thread-4 (]: 7 of 7 START test valid_store_token ............................................ [RUN]
[0m01:54:23.421587 [debug] [Thread-4 (]: Re-using an available connection from the pool (formerly test.sales_etl.not_null_silver_sales_transaction_id.728e50eea6, now test.sales_etl.valid_store_token)
[0m01:54:23.422079 [debug] [Thread-4 (]: Began compiling node test.sales_etl.valid_store_token
[0m01:54:23.424686 [debug] [Thread-4 (]: Writing injected SQL for node "test.sales_etl.valid_store_token"
[0m01:54:23.425081 [debug] [Thread-4 (]: Began executing node test.sales_etl.valid_store_token
[0m01:54:23.426485 [debug] [Thread-4 (]: Writing runtime sql for node "test.sales_etl.valid_store_token"
[0m01:54:23.427035 [debug] [Thread-4 (]: Using snowflake connection "test.sales_etl.valid_store_token"
[0m01:54:23.427290 [debug] [Thread-4 (]: On test.sales_etl.valid_store_token: select
      count(*) as failures,
      count(*) != 0 as should_warn,
      count(*) != 0 as should_error
    from (
      
    
  select
    s.store_token
from SALES_DB.SILVER.silver_sales s
left join SALES_DB.SILVER.silver_stores st
    on s.store_token = st.store_token
where st.store_token is null
  
  
      
    ) dbt_internal_test
/* {"app": "dbt", "dbt_version": "1.11.11", "profile_name": "sales_etl", "target_name": "dev", "node_id": "test.sales_etl.valid_store_token"} */
[0m01:54:23.466344 [debug] [Thread-2 (]: SQL status: SUCCESS 1 in 0.298 seconds
[0m01:54:23.467737 [info ] [Thread-2 (]: 6 of 7 PASS unique_transaction ................................................. [[32mPASS[0m in 0.31s]
[0m01:54:23.468164 [debug] [Thread-2 (]: Finished running node test.sales_etl.unique_transaction
[0m01:54:23.484877 [debug] [Thread-5 (]: SQL status: SUCCESS 1 in 0.960 seconds
[0m01:54:23.486465 [info ] [Thread-5 (]: 4 of 7 PASS not_null_silver_stores_store_token ................................. [[32mPASS[0m in 1.01s]
[0m01:54:23.487442 [debug] [Thread-5 (]: Finished running node test.sales_etl.not_null_silver_stores_store_token.6cfdf18669
[0m01:54:23.543376 [debug] [Thread-3 (]: SQL status: SUCCESS 1 in 0.374 seconds
[0m01:54:23.546161 [info ] [Thread-3 (]: 5 of 7 PASS unique_silver_stores_store_token ................................... [[32mPASS[0m in 0.40s]
[0m01:54:23.547005 [debug] [Thread-3 (]: Finished running node test.sales_etl.unique_silver_stores_store_token.2ae0e77f54
[0m01:54:23.682491 [debug] [Thread-4 (]: SQL status: SUCCESS 1 in 0.255 seconds
[0m01:54:23.688028 [info ] [Thread-4 (]: 7 of 7 PASS valid_store_token .................................................. [[32mPASS[0m in 0.27s]
[0m01:54:23.689327 [debug] [Thread-4 (]: Finished running node test.sales_etl.valid_store_token
[0m01:54:23.690963 [debug] [MainThread]: Connection 'master' was properly closed.
[0m01:54:23.691637 [debug] [MainThread]: Connection 'test.sales_etl.unique_transaction' was left open.
[0m01:54:23.692592 [debug] [MainThread]: On test.sales_etl.unique_transaction: Close
[0m01:54:24.283399 [debug] [MainThread]: Connection 'test.sales_etl.unique_silver_stores_store_token.2ae0e77f54' was left open.
[0m01:54:24.284547 [debug] [MainThread]: On test.sales_etl.unique_silver_stores_store_token.2ae0e77f54: Close
[0m01:54:24.582078 [debug] [MainThread]: Connection 'test.sales_etl.valid_store_token' was left open.
[0m01:54:24.583140 [debug] [MainThread]: On test.sales_etl.valid_store_token: Close
[0m01:54:24.867279 [debug] [MainThread]: Connection 'test.sales_etl.not_null_silver_stores_store_token.6cfdf18669' was left open.
[0m01:54:24.868355 [debug] [MainThread]: On test.sales_etl.not_null_silver_stores_store_token.6cfdf18669: Close
[0m01:54:25.178910 [info ] [MainThread]: 
[0m01:54:25.180037 [info ] [MainThread]: Finished running 7 data tests in 0 hours 0 minutes and 4.43 seconds (4.43s).
[0m01:54:25.181510 [debug] [MainThread]: Command end result
[0m01:54:25.262423 [debug] [MainThread]: Wrote artifact WritableManifest to /home/yamir/Documentos/interviews/R2/demo/sales_etl_platform/dbt/target/manifest.json
[0m01:54:25.263559 [debug] [MainThread]: Wrote artifact SemanticManifest to /home/yamir/Documentos/interviews/R2/demo/sales_etl_platform/dbt/target/semantic_manifest.json
[0m01:54:25.267487 [debug] [MainThread]: Wrote artifact RunExecutionResult to /home/yamir/Documentos/interviews/R2/demo/sales_etl_platform/dbt/target/run_results.json
[0m01:54:25.267726 [info ] [MainThread]: 
[0m01:54:25.267965 [info ] [MainThread]: [32mCompleted successfully[0m
[0m01:54:25.268163 [info ] [MainThread]: 
[0m01:54:25.268366 [info ] [MainThread]: Done. PASS=7 WARN=0 ERROR=0 SKIP=0 NO-OP=0 TOTAL=7
[0m01:54:25.268905 [debug] [MainThread]: Resource report: {"command_name": "test", "command_success": true, "command_wall_clock_time": 5.2571535, "process_in_blocks": "0", "process_kernel_time": 0.197472, "process_mem_max_rss": "163332", "process_out_blocks": "3960", "process_user_time": 1.897544}
[0m01:54:25.269203 [debug] [MainThread]: Command `dbt test` succeeded at 01:54:25.269144 after 5.26 seconds
[0m01:54:25.269449 [debug] [MainThread]: Sending event: {'category': 'dbt', 'action': 'invocation', 'label': 'end', 'context': [<snowplow_tracker.self_describing_json.SelfDescribingJson object at 0x7d6c14fb79b0>, <snowplow_tracker.self_describing_json.SelfDescribingJson object at 0x7d6c0cb21e20>, <snowplow_tracker.self_describing_json.SelfDescribingJson object at 0x7d6c0cb229f0>]}
[0m01:54:25.269698 [debug] [MainThread]: Flushing usage events
[0m01:54:25.822575 [debug] [MainThread]: An error was encountered while trying to flush usage events
[0m02:14:14.762883 [debug] [MainThread]: Sending event: {'category': 'dbt', 'action': 'invocation', 'label': 'start', 'context': [<snowplow_tracker.self_describing_json.SelfDescribingJson object at 0x7fa83f779130>, <snowplow_tracker.self_describing_json.SelfDescribingJson object at 0x7fa83f8f6240>, <snowplow_tracker.self_describing_json.SelfDescribingJson object at 0x7fa83f59e3c0>]}


============================== 02:14:14.764854 | 1272edf6-c9b8-4f87-a5b2-8ef2b2fc0bb7 ==============================
[0m02:14:14.764854 [info ] [MainThread]: Running with dbt=1.11.11
[0m02:14:14.765208 [debug] [MainThread]: running dbt with arguments {'log_cache_events': 'False', 'warn_error': 'None', 'fail_fast': 'False', 'partial_parse': 'True', 'printer_width': '80', 'introspect': 'True', 'quiet': 'False', 'version_check': 'True', 'target_path': 'None', 'log_format': 'default', 'profiles_dir': '/home/yamir/Documentos/interviews/R2/demo/sales_etl_platform/dbt', 'write_json': 'True', 'indirect_selection': 'eager', 'warn_error_options': 'WarnErrorOptionsV2(error=[], warn=[], silence=[])', 'empty': 'False', 'no_print': 'None', 'static_parser': 'True', 'debug': 'False', 'cache_selected_only': 'False', 'use_colors': 'True', 'invocation_command': 'dbt run --full-refresh', 'send_anonymous_usage_stats': 'True', 'use_experimental_parser': 'False', 'log_path': '/home/yamir/Documentos/interviews/R2/demo/sales_etl_platform/dbt/logs'}
[0m02:14:14.889645 [debug] [MainThread]: Snowflake adapter: Setting snowflake.connector to ERROR (file logging only)
[0m02:14:14.889980 [debug] [MainThread]: Snowflake adapter: Setting botocore to ERROR (file logging only)
[0m02:14:14.890211 [debug] [MainThread]: Snowflake adapter: Setting boto3 to ERROR (file logging only)
[0m02:14:15.038539 [debug] [MainThread]: Sending event: {'category': 'dbt', 'action': 'project_id', 'label': '1272edf6-c9b8-4f87-a5b2-8ef2b2fc0bb7', 'context': [<snowplow_tracker.self_describing_json.SelfDescribingJson object at 0x7fa83fde0c20>]}
[0m02:14:15.078048 [debug] [MainThread]: Sending event: {'category': 'dbt', 'action': 'adapter_info', 'label': '1272edf6-c9b8-4f87-a5b2-8ef2b2fc0bb7', 'context': [<snowplow_tracker.self_describing_json.SelfDescribingJson object at 0x7fa83e0748c0>]}
[0m02:14:15.078638 [info ] [MainThread]: Registered adapter: snowflake=1.11.5
[0m02:14:15.156667 [debug] [MainThread]: checksum: 30a8cc8fdcbf66701b0944d4ccce3fa46dd04b61e5df68b9f16d57b2e0e3f0be, vars: {}, profile: , target: , version: 1.11.11
[0m02:14:15.228045 [debug] [MainThread]: Partial parsing enabled: 0 files deleted, 0 files added, 2 files changed.
[0m02:14:15.228522 [debug] [MainThread]: Partial parsing: updated file: sales_etl://models/silver/silver_sales.sql
[0m02:14:15.228812 [debug] [MainThread]: Partial parsing: updated file: sales_etl://models/gold/rpt_transactions_by_batch.sql
[0m02:14:15.491450 [debug] [MainThread]: Sending event: {'category': 'dbt', 'action': 'load_project', 'label': '1272edf6-c9b8-4f87-a5b2-8ef2b2fc0bb7', 'context': [<snowplow_tracker.self_describing_json.SelfDescribingJson object at 0x7fa83c17f2f0>]}
[0m02:14:15.548726 [debug] [MainThread]: Wrote artifact WritableManifest to /home/yamir/Documentos/interviews/R2/demo/sales_etl_platform/dbt/target/manifest.json
[0m02:14:15.549889 [debug] [MainThread]: Wrote artifact SemanticManifest to /home/yamir/Documentos/interviews/R2/demo/sales_etl_platform/dbt/target/semantic_manifest.json
[0m02:14:15.554444 [debug] [MainThread]: Sending event: {'category': 'dbt', 'action': 'resource_counts', 'label': '1272edf6-c9b8-4f87-a5b2-8ef2b2fc0bb7', 'context': [<snowplow_tracker.self_describing_json.SelfDescribingJson object at 0x7fa837fc9520>]}
[0m02:14:15.554755 [info ] [MainThread]: Found 5 models, 7 data tests, 3 sources, 537 macros
[0m02:14:15.554981 [debug] [MainThread]: Sending event: {'category': 'dbt', 'action': 'runnable_timing', 'label': '1272edf6-c9b8-4f87-a5b2-8ef2b2fc0bb7', 'context': [<snowplow_tracker.self_describing_json.SelfDescribingJson object at 0x7fa837b3d130>]}
[0m02:14:15.556151 [info ] [MainThread]: 
[0m02:14:15.556404 [info ] [MainThread]: Concurrency: 4 threads (target='dev')
[0m02:14:15.556611 [info ] [MainThread]: 
[0m02:14:15.556911 [debug] [MainThread]: Acquiring new snowflake connection 'master'
[0m02:14:15.559867 [debug] [ThreadPool]: Acquiring new snowflake connection 'list_SALES_DB'
[0m02:14:15.560415 [debug] [ThreadPool]: Acquiring new snowflake connection 'list_SALES_DB'
[0m02:14:15.588808 [debug] [ThreadPool]: Using snowflake connection "list_SALES_DB"
[0m02:14:15.589267 [debug] [ThreadPool]: Using snowflake connection "list_SALES_DB"
[0m02:14:15.589718 [debug] [ThreadPool]: On list_SALES_DB: show terse schemas in database SALES_DB
    limit 10000
/* {"app": "dbt", "dbt_version": "1.11.11", "profile_name": "sales_etl", "target_name": "dev", "connection_name": "list_SALES_DB"} */
[0m02:14:15.590041 [debug] [ThreadPool]: On list_SALES_DB: show terse schemas in database SALES_DB
    limit 10000
/* {"app": "dbt", "dbt_version": "1.11.11", "profile_name": "sales_etl", "target_name": "dev", "connection_name": "list_SALES_DB"} */
[0m02:14:15.590375 [debug] [ThreadPool]: Opening a new connection, currently in state init
[0m02:14:15.590702 [debug] [ThreadPool]: Opening a new connection, currently in state init
[0m02:14:17.131742 [debug] [ThreadPool]: SQL status: SUCCESS 6 in 1.541 seconds
[0m02:14:17.170266 [debug] [ThreadPool]: SQL status: SUCCESS 6 in 1.580 seconds
[0m02:14:17.173952 [debug] [ThreadPool]: Re-using an available connection from the pool (formerly list_SALES_DB, now list_SALES_DB_GOLD)
[0m02:14:17.175447 [debug] [ThreadPool]: Re-using an available connection from the pool (formerly list_SALES_DB, now list_SALES_DB_SILVER)
[0m02:14:17.190399 [debug] [ThreadPool]: Using snowflake connection "list_SALES_DB_SILVER"
[0m02:14:17.190829 [debug] [ThreadPool]: On list_SALES_DB_SILVER: show objects in SALES_DB.SILVER
    limit 10000
    

/* {"app": "dbt", "dbt_version": "1.11.11", "profile_name": "sales_etl", "target_name": "dev", "connection_name": "list_SALES_DB_SILVER"} */;
[0m02:14:17.193362 [debug] [ThreadPool]: Using snowflake connection "list_SALES_DB_GOLD"
[0m02:14:17.194241 [debug] [ThreadPool]: On list_SALES_DB_GOLD: show objects in SALES_DB.GOLD
    limit 10000
    

/* {"app": "dbt", "dbt_version": "1.11.11", "profile_name": "sales_etl", "target_name": "dev", "connection_name": "list_SALES_DB_GOLD"} */;
[0m02:14:17.387888 [debug] [ThreadPool]: SQL status: SUCCESS 2 in 0.194 seconds
[0m02:14:17.434969 [debug] [ThreadPool]: SQL status: SUCCESS 3 in 0.240 seconds
[0m02:14:17.438955 [debug] [MainThread]: Sending event: {'category': 'dbt', 'action': 'runnable_timing', 'label': '1272edf6-c9b8-4f87-a5b2-8ef2b2fc0bb7', 'context': [<snowplow_tracker.self_describing_json.SelfDescribingJson object at 0x7fa83ed8fbc0>]}
[0m02:14:17.444124 [debug] [Thread-2 (]: Began running node model.sales_etl.silver_sales
[0m02:14:17.445339 [debug] [Thread-3 (]: Began running node model.sales_etl.silver_stores
[0m02:14:17.446727 [info ] [Thread-2 (]: 1 of 5 START sql table model SILVER.silver_sales ............................... [RUN]
[0m02:14:17.448189 [info ] [Thread-3 (]: 2 of 5 START sql table model SILVER.silver_stores .............................. [RUN]
[0m02:14:17.449210 [debug] [Thread-2 (]: Re-using an available connection from the pool (formerly list_SALES_DB_GOLD, now model.sales_etl.silver_sales)
[0m02:14:17.450263 [debug] [Thread-3 (]: Re-using an available connection from the pool (formerly list_SALES_DB_SILVER, now model.sales_etl.silver_stores)
[0m02:14:17.451179 [debug] [Thread-2 (]: Began compiling node model.sales_etl.silver_sales
[0m02:14:17.452177 [debug] [Thread-3 (]: Began compiling node model.sales_etl.silver_stores
[0m02:14:17.464612 [debug] [Thread-2 (]: Writing injected SQL for node "model.sales_etl.silver_sales"
[0m02:14:17.471040 [debug] [Thread-3 (]: Writing injected SQL for node "model.sales_etl.silver_stores"
[0m02:14:17.471805 [debug] [Thread-2 (]: Began executing node model.sales_etl.silver_sales
[0m02:14:17.472195 [debug] [Thread-3 (]: Began executing node model.sales_etl.silver_stores
[0m02:14:17.505691 [debug] [Thread-2 (]: Writing runtime sql for node "model.sales_etl.silver_sales"
[0m02:14:17.508002 [debug] [Thread-3 (]: Writing runtime sql for node "model.sales_etl.silver_stores"
[0m02:14:17.508705 [debug] [Thread-3 (]: Using snowflake connection "model.sales_etl.silver_stores"
[0m02:14:17.509012 [debug] [Thread-3 (]: On model.sales_etl.silver_stores: create or replace transient table SALES_DB.SILVER.silver_stores
    
    
    
    as (with source as (

    select *
    from SALES_DB.RAW.stores

),

deduped as (

    select *
    from source
    qualify row_number() over (
        partition by store_token
        order by load_timestamp desc
    ) = 1

)

select *
from deduped
    )

/* {"app": "dbt", "dbt_version": "1.11.11", "profile_name": "sales_etl", "target_name": "dev", "node_id": "model.sales_etl.silver_stores"} */;
[0m02:14:17.510787 [debug] [Thread-2 (]: Using snowflake connection "model.sales_etl.silver_sales"
[0m02:14:17.511061 [debug] [Thread-2 (]: On model.sales_etl.silver_sales: create or replace transient table SALES_DB.SILVER.silver_sales
    
    
    
    as (with source as (

    select *
    from SALES_DB.RAW.sales

),

typed as (

    select
        store_token,
        transaction_id,
        receipt_token,
        try_to_timestamp(
            transaction_time,
            'YYYYMMDD"T"HH24MISS.FF3'
        ) as transaction_timestamp,
        try_to_number(amount,11,2) as amount,
        user_role,
        batch_date,
        source_file,
        load_timestamp
    from source

),

validated as (

    select
        *,
        case
            when amount is null then false
            when transaction_timestamp is null then false
            when store_token is null then false
            when transaction_id is null then false
            else true
        end as is_valid_record
    from typed

),

deduped as (

    select *
    from validated
    qualify row_number() over (
        partition by
            store_token,
            transaction_id
        order by
            load_timestamp desc
    ) = 1
)

select *
from deduped
    )

/* {"app": "dbt", "dbt_version": "1.11.11", "profile_name": "sales_etl", "target_name": "dev", "node_id": "model.sales_etl.silver_sales"} */;
[0m02:14:18.805595 [debug] [Thread-3 (]: SQL status: SUCCESS 72 in 1.296 seconds
[0m02:14:18.822066 [debug] [Thread-3 (]: Sending event: {'category': 'dbt', 'action': 'run_model', 'label': '1272edf6-c9b8-4f87-a5b2-8ef2b2fc0bb7', 'context': [<snowplow_tracker.self_describing_json.SelfDescribingJson object at 0x7fa83630efc0>]}
[0m02:14:18.822531 [info ] [Thread-3 (]: 2 of 5 OK created sql table model SILVER.silver_stores ......................... [[32mSUCCESS 72[0m in 1.37s]
[0m02:14:18.822923 [debug] [Thread-3 (]: Finished running node model.sales_etl.silver_stores
[0m02:14:18.915258 [debug] [Thread-2 (]: SQL status: SUCCESS 1280 in 1.404 seconds
[0m02:14:18.919715 [debug] [Thread-2 (]: Sending event: {'category': 'dbt', 'action': 'run_model', 'label': '1272edf6-c9b8-4f87-a5b2-8ef2b2fc0bb7', 'context': [<snowplow_tracker.self_describing_json.SelfDescribingJson object at 0x7fa836744830>]}
[0m02:14:18.920730 [info ] [Thread-2 (]: 1 of 5 OK created sql table model SILVER.silver_sales .......................... [[32mSUCCESS 1280[0m in 1.47s]
[0m02:14:18.921519 [debug] [Thread-2 (]: Finished running node model.sales_etl.silver_sales
[0m02:14:18.923102 [debug] [Thread-5 (]: Began running node model.sales_etl.rpt_sales_by_transaction_date
[0m02:14:18.924093 [debug] [Thread-4 (]: Began running node model.sales_etl.rpt_top_5_sales_stores
[0m02:14:18.925375 [info ] [Thread-5 (]: 3 of 5 START sql table model GOLD.rpt_sales_by_transaction_date ................ [RUN]
[0m02:14:18.926446 [debug] [Thread-3 (]: Began running node model.sales_etl.rpt_transactions_by_batch
[0m02:14:18.927578 [info ] [Thread-4 (]: 4 of 5 START sql table model GOLD.rpt_top_5_sales_stores ....................... [RUN]
[0m02:14:18.928913 [debug] [Thread-5 (]: Acquiring new snowflake connection 'model.sales_etl.rpt_sales_by_transaction_date'
[0m02:14:18.930229 [info ] [Thread-3 (]: 5 of 5 START sql table model GOLD.rpt_transactions_by_batch .................... [RUN]
[0m02:14:18.931668 [debug] [Thread-4 (]: Acquiring new snowflake connection 'model.sales_etl.rpt_top_5_sales_stores'
[0m02:14:18.932890 [debug] [Thread-5 (]: Began compiling node model.sales_etl.rpt_sales_by_transaction_date
[0m02:14:18.934127 [debug] [Thread-3 (]: Re-using an available connection from the pool (formerly model.sales_etl.silver_stores, now model.sales_etl.rpt_transactions_by_batch)
[0m02:14:18.935282 [debug] [Thread-4 (]: Began compiling node model.sales_etl.rpt_top_5_sales_stores
[0m02:14:18.940087 [debug] [Thread-5 (]: Writing injected SQL for node "model.sales_etl.rpt_sales_by_transaction_date"
[0m02:14:18.940710 [debug] [Thread-3 (]: Began compiling node model.sales_etl.rpt_transactions_by_batch
[0m02:14:18.946849 [debug] [Thread-4 (]: Writing injected SQL for node "model.sales_etl.rpt_top_5_sales_stores"
[0m02:14:18.949199 [debug] [Thread-3 (]: Writing injected SQL for node "model.sales_etl.rpt_transactions_by_batch"
[0m02:14:18.949751 [debug] [Thread-5 (]: Began executing node model.sales_etl.rpt_sales_by_transaction_date
[0m02:14:18.950357 [debug] [Thread-4 (]: Began executing node model.sales_etl.rpt_top_5_sales_stores
[0m02:14:18.952696 [debug] [Thread-5 (]: Writing runtime sql for node "model.sales_etl.rpt_sales_by_transaction_date"
[0m02:14:18.953090 [debug] [Thread-3 (]: Began executing node model.sales_etl.rpt_transactions_by_batch
[0m02:14:18.956326 [debug] [Thread-4 (]: Writing runtime sql for node "model.sales_etl.rpt_top_5_sales_stores"
[0m02:14:19.044958 [debug] [Thread-3 (]: Writing runtime sql for node "model.sales_etl.rpt_transactions_by_batch"
[0m02:14:19.046118 [debug] [Thread-5 (]: Using snowflake connection "model.sales_etl.rpt_sales_by_transaction_date"
[0m02:14:19.047063 [debug] [Thread-4 (]: Using snowflake connection "model.sales_etl.rpt_top_5_sales_stores"
[0m02:14:19.047926 [debug] [Thread-3 (]: Using snowflake connection "model.sales_etl.rpt_transactions_by_batch"
[0m02:14:19.048347 [debug] [Thread-5 (]: On model.sales_etl.rpt_sales_by_transaction_date: create or replace transient table SALES_DB.GOLD.rpt_sales_by_transaction_date
    
    
    
    as (with sales as (

    select *
    from SALES_DB.SILVER.silver_sales

),

daily as (

    select
        current_date() as snapshot_date,
        cast(transaction_timestamp as date)
            as transaction_date,
        count(distinct store_token)
            as stores_with_transactions,
        sum(amount)
            as total_sales_amount,
        avg(amount)
            as total_sales_average
    from sales
    group by 2

),

monthly as (

    select
        *,
        sum(total_sales_amount) over (
            partition by
                date_trunc(
                    month,
                    transaction_date
                )
            order by transaction_date
        ) as monthly_accumulated_sales
    from daily
    
)

select *
from monthly
qualify row_number() over (
    order by transaction_date desc
) <= 40
    )

/* {"app": "dbt", "dbt_version": "1.11.11", "profile_name": "sales_etl", "target_name": "dev", "node_id": "model.sales_etl.rpt_sales_by_transaction_date"} */;
[0m02:14:19.048795 [debug] [Thread-4 (]: On model.sales_etl.rpt_top_5_sales_stores: create or replace transient table SALES_DB.GOLD.rpt_top_5_sales_stores
    
    
    
    as (with sales as (

    select *
    from SALES_DB.SILVER.silver_sales

),

stores as (

    select *
    from SALES_DB.SILVER.silver_stores

),

daily_sales as (

    select
        cast(
            transaction_timestamp as date
        ) as transaction_date,
        store_token,
        sum(amount) as total_sales
    from sales
    group by 1,2

),

ranked as (

    select
        *,
        dense_rank() over (
            partition by transaction_date
            order by total_sales desc
        ) as rank_id

    from daily_sales

)

select
    current_date() as snapshot_date,
    r.transaction_date,
    r.rank_id,
    r.total_sales,
    r.store_token,
    s.store_name
from ranked r
join stores s
    on r.store_token = s.store_token
where rank_id <= 5
qualify row_number() over (
    order by transaction_date desc
) <= 50
    )

/* {"app": "dbt", "dbt_version": "1.11.11", "profile_name": "sales_etl", "target_name": "dev", "node_id": "model.sales_etl.rpt_top_5_sales_stores"} */;
[0m02:14:19.049187 [debug] [Thread-3 (]: On model.sales_etl.rpt_transactions_by_batch: create or replace transient table SALES_DB.GOLD.rpt_transactions_by_batch
    
    
    
    as (with sales as (

    select *
    from SALES_DB.SILVER.silver_sales

),

audit as (

    select *
    from SALES_DB.RAW.file_audit
    where file_type = 'SALES'

)

select
    current_date() as snapshot_date,
    s.batch_date,
    max(a.rows_loaded) as total_processed_raw_transactions,
    count_if(s.is_valid_record) as valid_transactions,
    count_if(not s.is_valid_record) as invalid_transactions,
    max(a.load_timestamp)::date as processing_date
from sales s
left join audit a
    on s.batch_date = a.batch_date
group by
    s.batch_date
qualify row_number() over (
    order by s.batch_date desc
) <= 40
    )

/* {"app": "dbt", "dbt_version": "1.11.11", "profile_name": "sales_etl", "target_name": "dev", "node_id": "model.sales_etl.rpt_transactions_by_batch"} */;
[0m02:14:19.049540 [debug] [Thread-5 (]: Opening a new connection, currently in state init
[0m02:14:19.049876 [debug] [Thread-4 (]: Opening a new connection, currently in state init
[0m02:14:20.671629 [debug] [Thread-3 (]: SQL status: SUCCESS 3 in 1.621 seconds
[0m02:14:20.675099 [debug] [Thread-3 (]: Sending event: {'category': 'dbt', 'action': 'run_model', 'label': '1272edf6-c9b8-4f87-a5b2-8ef2b2fc0bb7', 'context': [<snowplow_tracker.self_describing_json.SelfDescribingJson object at 0x7fa836377dd0>]}
[0m02:14:20.675545 [info ] [Thread-3 (]: 5 of 5 OK created sql table model GOLD.rpt_transactions_by_batch ............... [[32mSUCCESS 3[0m in 1.74s]
[0m02:14:20.675898 [debug] [Thread-3 (]: Finished running node model.sales_etl.rpt_transactions_by_batch
[0m02:14:20.773719 [debug] [Thread-4 (]: SQL status: SUCCESS 15 in 1.723 seconds
[0m02:14:20.778037 [debug] [Thread-4 (]: Sending event: {'category': 'dbt', 'action': 'run_model', 'label': '1272edf6-c9b8-4f87-a5b2-8ef2b2fc0bb7', 'context': [<snowplow_tracker.self_describing_json.SelfDescribingJson object at 0x7fa83638c590>]}
[0m02:14:20.779195 [info ] [Thread-4 (]: 4 of 5 OK created sql table model GOLD.rpt_top_5_sales_stores .................. [[32mSUCCESS 15[0m in 1.85s]
[0m02:14:20.780133 [debug] [Thread-4 (]: Finished running node model.sales_etl.rpt_top_5_sales_stores
[0m02:14:21.109193 [debug] [Thread-5 (]: SQL status: SUCCESS 3 in 2.059 seconds
[0m02:14:21.113428 [debug] [Thread-5 (]: Sending event: {'category': 'dbt', 'action': 'run_model', 'label': '1272edf6-c9b8-4f87-a5b2-8ef2b2fc0bb7', 'context': [<snowplow_tracker.self_describing_json.SelfDescribingJson object at 0x7fa83639e0f0>]}
[0m02:14:21.114673 [info ] [Thread-5 (]: 3 of 5 OK created sql table model GOLD.rpt_sales_by_transaction_date ........... [[32mSUCCESS 3[0m in 2.18s]
[0m02:14:21.115151 [debug] [Thread-5 (]: Finished running node model.sales_etl.rpt_sales_by_transaction_date
[0m02:14:21.117174 [debug] [MainThread]: Connection 'master' was properly closed.
[0m02:14:21.117917 [debug] [MainThread]: Connection 'model.sales_etl.silver_sales' was left open.
[0m02:14:21.118611 [debug] [MainThread]: On model.sales_etl.silver_sales: Close
[0m02:14:21.445522 [debug] [MainThread]: Connection 'model.sales_etl.rpt_transactions_by_batch' was left open.
[0m02:14:21.446298 [debug] [MainThread]: On model.sales_etl.rpt_transactions_by_batch: Close
[0m02:14:21.747902 [debug] [MainThread]: Connection 'model.sales_etl.rpt_sales_by_transaction_date' was left open.
[0m02:14:21.748903 [debug] [MainThread]: On model.sales_etl.rpt_sales_by_transaction_date: Close
[0m02:14:22.051258 [debug] [MainThread]: Connection 'model.sales_etl.rpt_top_5_sales_stores' was left open.
[0m02:14:22.051659 [debug] [MainThread]: On model.sales_etl.rpt_top_5_sales_stores: Close
[0m02:14:22.341030 [info ] [MainThread]: 
[0m02:14:22.341884 [info ] [MainThread]: Finished running 5 table models in 0 hours 0 minutes and 6.78 seconds (6.78s).
[0m02:14:22.342664 [debug] [MainThread]: Command end result
[0m02:14:22.362081 [debug] [MainThread]: Wrote artifact WritableManifest to /home/yamir/Documentos/interviews/R2/demo/sales_etl_platform/dbt/target/manifest.json
[0m02:14:22.363722 [debug] [MainThread]: Wrote artifact SemanticManifest to /home/yamir/Documentos/interviews/R2/demo/sales_etl_platform/dbt/target/semantic_manifest.json
[0m02:14:22.368727 [debug] [MainThread]: Wrote artifact RunExecutionResult to /home/yamir/Documentos/interviews/R2/demo/sales_etl_platform/dbt/target/run_results.json
[0m02:14:22.369256 [info ] [MainThread]: 
[0m02:14:22.369791 [info ] [MainThread]: [32mCompleted successfully[0m
[0m02:14:22.370150 [info ] [MainThread]: 
[0m02:14:22.370453 [info ] [MainThread]: Done. PASS=5 WARN=0 ERROR=0 SKIP=0 NO-OP=0 TOTAL=5
[0m02:14:22.371139 [debug] [MainThread]: Resource report: {"command_name": "run", "command_success": true, "command_wall_clock_time": 7.6460657, "process_in_blocks": "0", "process_kernel_time": 0.143518, "process_mem_max_rss": "165792", "process_out_blocks": "3936", "process_user_time": 2.135717}
[0m02:14:22.371452 [debug] [MainThread]: Command `dbt run` succeeded at 02:14:22.371388 after 7.65 seconds
[0m02:14:22.371711 [debug] [MainThread]: Sending event: {'category': 'dbt', 'action': 'invocation', 'label': 'end', 'context': [<snowplow_tracker.self_describing_json.SelfDescribingJson object at 0x7fa83f34ecc0>, <snowplow_tracker.self_describing_json.SelfDescribingJson object at 0x7fa840e220f0>, <snowplow_tracker.self_describing_json.SelfDescribingJson object at 0x7fa840251280>]}
[0m02:14:22.371947 [debug] [MainThread]: Flushing usage events
[0m02:14:23.139767 [debug] [MainThread]: An error was encountered while trying to flush usage events
[0m05:46:39.848187 [debug] [MainThread]: Sending event: {'category': 'dbt', 'action': 'invocation', 'label': 'start', 'context': [<snowplow_tracker.self_describing_json.SelfDescribingJson object at 0x74d96ade29f0>, <snowplow_tracker.self_describing_json.SelfDescribingJson object at 0x74d969c6fef0>, <snowplow_tracker.self_describing_json.SelfDescribingJson object at 0x74d96b6f5310>]}


============================== 05:46:39.854624 | 860e00de-58d9-4651-b1b6-fd666d3940c1 ==============================
[0m05:46:39.854624 [info ] [MainThread]: Running with dbt=1.11.11
[0m05:46:39.855207 [debug] [MainThread]: running dbt with arguments {'warn_error_options': 'WarnErrorOptionsV2(error=[], warn=[], silence=[])', 'send_anonymous_usage_stats': 'True', 'profiles_dir': '/opt/airflow/dbt', 'indirect_selection': 'eager', 'version_check': 'True', 'no_print': 'None', 'debug': 'False', 'use_colors': 'True', 'empty': 'None', 'log_format': 'default', 'partial_parse': 'True', 'cache_selected_only': 'False', 'log_cache_events': 'False', 'target_path': 'None', 'warn_error': 'None', 'fail_fast': 'False', 'printer_width': '80', 'quiet': 'False', 'introspect': 'True', 'use_experimental_parser': 'False', 'log_path': '/opt/airflow/dbt/logs', 'write_json': 'True', 'static_parser': 'True', 'invocation_command': 'dbt debug'}
[0m05:46:39.860375 [info ] [MainThread]: dbt version: 1.11.11
[0m05:46:39.860631 [info ] [MainThread]: python version: 3.12.4
[0m05:46:39.860831 [info ] [MainThread]: python path: /home/airflow/.local/bin/python
[0m05:46:39.860999 [info ] [MainThread]: os info: Linux-6.8.0-51-generic-x86_64-with-glibc2.36
[0m05:46:40.280253 [debug] [MainThread]: Snowflake adapter: Setting snowflake.connector to ERROR (file logging only)
[0m05:46:40.280629 [debug] [MainThread]: Snowflake adapter: Setting botocore to ERROR (file logging only)
[0m05:46:40.280905 [debug] [MainThread]: Snowflake adapter: Setting boto3 to ERROR (file logging only)
[0m05:46:40.321189 [info ] [MainThread]: Using profiles dir at /opt/airflow/dbt
[0m05:46:40.321495 [info ] [MainThread]: Using profiles.yml file at /opt/airflow/dbt/profiles.yml
[0m05:46:40.321691 [info ] [MainThread]: Using dbt_project.yml file at /opt/airflow/dbt/dbt_project.yml
[0m05:46:40.321987 [info ] [MainThread]: adapter type: snowflake
[0m05:46:40.322238 [info ] [MainThread]: adapter version: 1.11.5
[0m05:46:40.398341 [info ] [MainThread]: Configuration:
[0m05:46:40.398706 [info ] [MainThread]:   profiles.yml file [[32mOK found and valid[0m]
[0m05:46:40.398939 [info ] [MainThread]:   dbt_project.yml file [[32mOK found and valid[0m]
[0m05:46:40.399120 [info ] [MainThread]: Required dependencies:
[0m05:46:40.399329 [debug] [MainThread]: Executing "git --help"
[0m05:46:40.400065 [info ] [MainThread]:  - git [[31mERROR[0m]

[0m05:46:40.400307 [info ] [MainThread]: Connection:
[0m05:46:40.400551 [info ] [MainThread]:   account: GTFKWVR-TDC55215
[0m05:46:40.400769 [info ] [MainThread]:   user: yaminpal
[0m05:46:40.400978 [info ] [MainThread]:   database: SALES_DB
[0m05:46:40.401175 [info ] [MainThread]:   warehouse: COMPUTE_WH
[0m05:46:40.401366 [info ] [MainThread]:   role: ACCOUNTADMIN
[0m05:46:40.401589 [info ] [MainThread]:   schema: RAW
[0m05:46:40.401793 [info ] [MainThread]:   authenticator: None
[0m05:46:40.401988 [info ] [MainThread]:   oauth_client_id: None
[0m05:46:40.402174 [info ] [MainThread]:   query_tag: None
[0m05:46:40.402368 [info ] [MainThread]:   client_session_keep_alive: False
[0m05:46:40.402574 [info ] [MainThread]:   host: None
[0m05:46:40.402768 [info ] [MainThread]:   port: None
[0m05:46:40.402954 [info ] [MainThread]:   proxy_host: None
[0m05:46:40.403137 [info ] [MainThread]:   proxy_port: None
[0m05:46:40.403316 [info ] [MainThread]:   protocol: None
[0m05:46:40.403525 [info ] [MainThread]:   connect_retries: 1
[0m05:46:40.403784 [info ] [MainThread]:   connect_timeout: None
[0m05:46:40.404067 [info ] [MainThread]:   retry_on_database_errors: False
[0m05:46:40.404353 [info ] [MainThread]:   retry_all: False
[0m05:46:40.404653 [info ] [MainThread]:   insecure_mode: False
[0m05:46:40.404936 [info ] [MainThread]:   reuse_connections: True
[0m05:46:40.405218 [info ] [MainThread]:   s3_stage_vpce_dns_name: None
[0m05:46:40.405507 [info ] [MainThread]:   platform_detection_timeout_seconds: 0.0
[0m05:46:40.405976 [info ] [MainThread]: Registered adapter: snowflake=1.11.5
[0m05:46:40.482534 [debug] [MainThread]: Acquiring new snowflake connection 'debug'
[0m05:46:40.498867 [debug] [MainThread]: Using snowflake connection "debug"
[0m05:46:40.499163 [debug] [MainThread]: On debug: select 1 as id
[0m05:46:40.499379 [debug] [MainThread]: Opening a new connection, currently in state init
[0m05:46:42.408071 [debug] [MainThread]: SQL status: SUCCESS 1 in 1.908 seconds
[0m05:46:42.410266 [info ] [MainThread]:   Connection test: [[32mOK connection ok[0m]

[0m05:46:42.410514 [info ] [MainThread]: [31m1 check failed:[0m
[0m05:46:42.410716 [info ] [MainThread]: Error from git --help: User does not have permissions for this command: "git"

[0m05:46:42.411342 [debug] [MainThread]: Resource report: {"command_name": "debug", "command_success": false, "command_wall_clock_time": 2.6009293, "process_in_blocks": "1512", "process_kernel_time": 1.135229, "process_mem_max_rss": "217412", "process_out_blocks": "2536", "process_user_time": 2.23542}
[0m05:46:42.411842 [debug] [MainThread]: Command `dbt debug` failed at 05:46:42.411755 after 2.60 seconds
[0m05:46:42.412084 [debug] [MainThread]: Connection 'debug' was left open.
[0m05:46:42.412281 [debug] [MainThread]: On debug: Close
[0m05:46:42.723225 [debug] [MainThread]: Sending event: {'category': 'dbt', 'action': 'invocation', 'label': 'end', 'context': [<snowplow_tracker.self_describing_json.SelfDescribingJson object at 0x74d95b876db0>, <snowplow_tracker.self_describing_json.SelfDescribingJson object at 0x74d96c068740>, <snowplow_tracker.self_describing_json.SelfDescribingJson object at 0x74d95f77c560>]}
[0m05:46:42.724344 [debug] [MainThread]: Flushing usage events
[0m05:46:43.288954 [debug] [MainThread]: An error was encountered while trying to flush usage events
[0m05:48:03.973095 [debug] [MainThread]: Sending event: {'category': 'dbt', 'action': 'invocation', 'label': 'start', 'context': [<snowplow_tracker.self_describing_json.SelfDescribingJson object at 0x7e23b22158b0>, <snowplow_tracker.self_describing_json.SelfDescribingJson object at 0x7e23b4238cb0>, <snowplow_tracker.self_describing_json.SelfDescribingJson object at 0x7e23b19a91f0>]}


============================== 05:48:03.977160 | 09cde559-5d43-4bf2-a2bc-4290ce465fed ==============================
[0m05:48:03.977160 [info ] [MainThread]: Running with dbt=1.11.11
[0m05:48:03.979341 [debug] [MainThread]: running dbt with arguments {'fail_fast': 'False', 'send_anonymous_usage_stats': 'True', 'cache_selected_only': 'False', 'invocation_command': 'dbt run --select silver', 'profiles_dir': '/opt/airflow/dbt', 'warn_error_options': 'WarnErrorOptionsV2(error=[], warn=[], silence=[])', 'log_format': 'default', 'partial_parse': 'True', 'warn_error': 'None', 'use_experimental_parser': 'False', 'quiet': 'False', 'target_path': 'None', 'use_colors': 'True', 'version_check': 'True', 'printer_width': '80', 'log_path': '/opt/airflow/dbt/logs', 'debug': 'False', 'static_parser': 'True', 'introspect': 'True', 'no_print': 'None', 'write_json': 'True', 'log_cache_events': 'False', 'indirect_selection': 'eager', 'empty': 'False'}
[0m05:48:04.368780 [debug] [MainThread]: Snowflake adapter: Setting snowflake.connector to ERROR (file logging only)
[0m05:48:04.369135 [debug] [MainThread]: Snowflake adapter: Setting botocore to ERROR (file logging only)
[0m05:48:04.369343 [debug] [MainThread]: Snowflake adapter: Setting boto3 to ERROR (file logging only)
[0m05:48:04.486651 [debug] [MainThread]: Sending event: {'category': 'dbt', 'action': 'project_id', 'label': '09cde559-5d43-4bf2-a2bc-4290ce465fed', 'context': [<snowplow_tracker.self_describing_json.SelfDescribingJson object at 0x7e23ad868260>]}
[0m05:48:04.528508 [debug] [MainThread]: Sending event: {'category': 'dbt', 'action': 'adapter_info', 'label': '09cde559-5d43-4bf2-a2bc-4290ce465fed', 'context': [<snowplow_tracker.self_describing_json.SelfDescribingJson object at 0x7e237baf8800>]}
[0m05:48:04.529085 [info ] [MainThread]: Registered adapter: snowflake=1.11.5
[0m05:48:04.608366 [debug] [MainThread]: checksum: 30a8cc8fdcbf66701b0944d4ccce3fa46dd04b61e5df68b9f16d57b2e0e3f0be, vars: {}, profile: , target: , version: 1.11.11
[0m05:48:04.690774 [debug] [MainThread]: Partial parsing enabled: 0 files deleted, 2 files added, 0 files changed.
[0m05:48:04.691204 [debug] [MainThread]: Partial parsing: added file: sales_etl://models/silver/silver.yml
[0m05:48:04.691483 [debug] [MainThread]: Partial parsing: added file: sales_etl://models/gold/gold.yml
[0m05:48:04.739903 [error] [MainThread]: Encountered an error:
Compilation Error
  dbt found two schema.yml entries for the same resource named silver_sales. Resources and their associated columns may only be described a single time. To fix this, remove the resource entry for silver_sales in one of these files:
   - models/silver/silver.yml
  models/silver/schema.yml
[0m05:48:04.740789 [debug] [MainThread]: Resource report: {"command_name": "run", "command_success": false, "command_wall_clock_time": 0.8045128, "process_in_blocks": "8", "process_kernel_time": 1.266166, "process_mem_max_rss": "210828", "process_out_blocks": "8", "process_user_time": 2.315475}
[0m05:48:04.741299 [debug] [MainThread]: Command `dbt run` failed at 05:48:04.741222 after 0.81 seconds
[0m05:48:04.741615 [debug] [MainThread]: Sending event: {'category': 'dbt', 'action': 'invocation', 'label': 'end', 'context': [<snowplow_tracker.self_describing_json.SelfDescribingJson object at 0x7e23b19d4f80>, <snowplow_tracker.self_describing_json.SelfDescribingJson object at 0x7e237a888050>, <snowplow_tracker.self_describing_json.SelfDescribingJson object at 0x7e237af747a0>]}
[0m05:48:04.741911 [debug] [MainThread]: Flushing usage events
[0m05:48:05.294710 [debug] [MainThread]: An error was encountered while trying to flush usage events
[0m05:52:56.255017 [debug] [MainThread]: Sending event: {'category': 'dbt', 'action': 'invocation', 'label': 'start', 'context': [<snowplow_tracker.self_describing_json.SelfDescribingJson object at 0x75ff18e95fa0>, <snowplow_tracker.self_describing_json.SelfDescribingJson object at 0x75ff1ac6a3f0>, <snowplow_tracker.self_describing_json.SelfDescribingJson object at 0x75ff1a9b4830>]}


============================== 05:52:56.261228 | c949f711-24ed-48a3-9bd6-a6830bfd011f ==============================
[0m05:52:56.261228 [info ] [MainThread]: Running with dbt=1.11.11
[0m05:52:56.261818 [debug] [MainThread]: running dbt with arguments {'warn_error_options': 'WarnErrorOptionsV2(error=[], warn=[], silence=[])', 'write_json': 'True', 'partial_parse': 'True', 'profiles_dir': '/opt/airflow/dbt', 'empty': 'False', 'use_experimental_parser': 'False', 'introspect': 'True', 'indirect_selection': 'eager', 'quiet': 'False', 'fail_fast': 'False', 'cache_selected_only': 'False', 'use_colors': 'True', 'debug': 'False', 'log_cache_events': 'False', 'printer_width': '80', 'target_path': 'None', 'send_anonymous_usage_stats': 'True', 'invocation_command': 'dbt run --select silver', 'log_path': '/opt/airflow/dbt/logs', 'log_format': 'default', 'no_print': 'None', 'version_check': 'True', 'static_parser': 'True', 'warn_error': 'None'}
[0m05:52:56.691978 [debug] [MainThread]: Snowflake adapter: Setting snowflake.connector to ERROR (file logging only)
[0m05:52:56.692408 [debug] [MainThread]: Snowflake adapter: Setting botocore to ERROR (file logging only)
[0m05:52:56.692676 [debug] [MainThread]: Snowflake adapter: Setting boto3 to ERROR (file logging only)
[0m05:52:56.817099 [debug] [MainThread]: Sending event: {'category': 'dbt', 'action': 'project_id', 'label': 'c949f711-24ed-48a3-9bd6-a6830bfd011f', 'context': [<snowplow_tracker.self_describing_json.SelfDescribingJson object at 0x75fee5f87ec0>]}
[0m05:52:56.860674 [debug] [MainThread]: Sending event: {'category': 'dbt', 'action': 'adapter_info', 'label': 'c949f711-24ed-48a3-9bd6-a6830bfd011f', 'context': [<snowplow_tracker.self_describing_json.SelfDescribingJson object at 0x75ff18e58ce0>]}
[0m05:52:56.861348 [info ] [MainThread]: Registered adapter: snowflake=1.11.5
[0m05:52:56.943238 [debug] [MainThread]: checksum: 30a8cc8fdcbf66701b0944d4ccce3fa46dd04b61e5df68b9f16d57b2e0e3f0be, vars: {}, profile: , target: , version: 1.11.11
[0m05:52:57.025885 [debug] [MainThread]: Partial parsing enabled: 0 files deleted, 1 files added, 1 files changed.
[0m05:52:57.026388 [debug] [MainThread]: Partial parsing: added file: sales_etl://models/silver/silver.yml
[0m05:52:57.026722 [debug] [MainThread]: Partial parsing: updated file: sales_etl://models/gold/schema.yml
[0m05:52:57.072439 [error] [MainThread]: Encountered an error:
Compilation Error
  dbt found two schema.yml entries for the same resource named silver_sales. Resources and their associated columns may only be described a single time. To fix this, remove the resource entry for silver_sales in one of these files:
   - models/silver/silver.yml
  models/silver/schema.yml
[0m05:52:57.073441 [debug] [MainThread]: Resource report: {"command_name": "run", "command_success": false, "command_wall_clock_time": 0.8553766, "process_in_blocks": "0", "process_kernel_time": 1.320731, "process_mem_max_rss": "210608", "process_out_blocks": "8", "process_user_time": 2.31153}
[0m05:52:57.074013 [debug] [MainThread]: Command `dbt run` failed at 05:52:57.073934 after 0.86 seconds
[0m05:52:57.074364 [debug] [MainThread]: Sending event: {'category': 'dbt', 'action': 'invocation', 'label': 'end', 'context': [<snowplow_tracker.self_describing_json.SelfDescribingJson object at 0x75ff17b4cad0>, <snowplow_tracker.self_describing_json.SelfDescribingJson object at 0x75fee5e74590>, <snowplow_tracker.self_describing_json.SelfDescribingJson object at 0x75fee4de45c0>]}
[0m05:52:57.074658 [debug] [MainThread]: Flushing usage events
[0m05:52:57.642604 [debug] [MainThread]: An error was encountered while trying to flush usage events
[0m05:53:30.006460 [debug] [MainThread]: Sending event: {'category': 'dbt', 'action': 'invocation', 'label': 'start', 'context': [<snowplow_tracker.self_describing_json.SelfDescribingJson object at 0x73e8b1d93590>, <snowplow_tracker.self_describing_json.SelfDescribingJson object at 0x73e8b16ce3f0>, <snowplow_tracker.self_describing_json.SelfDescribingJson object at 0x73e8b157d100>]}


============================== 05:53:30.012342 | 6a734dec-abb5-42ed-9f10-12031b05d006 ==============================
[0m05:53:30.012342 [info ] [MainThread]: Running with dbt=1.11.11
[0m05:53:30.012772 [debug] [MainThread]: running dbt with arguments {'fail_fast': 'False', 'indirect_selection': 'eager', 'write_json': 'True', 'partial_parse': 'True', 'no_print': 'None', 'log_path': '/opt/airflow/dbt/logs', 'log_format': 'default', 'empty': 'False', 'send_anonymous_usage_stats': 'True', 'static_parser': 'True', 'use_colors': 'True', 'quiet': 'False', 'warn_error_options': 'WarnErrorOptionsV2(error=[], warn=[], silence=[])', 'invocation_command': 'dbt run --select silver', 'profiles_dir': '/opt/airflow/dbt', 'warn_error': 'None', 'cache_selected_only': 'False', 'printer_width': '80', 'introspect': 'True', 'debug': 'False', 'use_experimental_parser': 'False', 'target_path': 'None', 'log_cache_events': 'False', 'version_check': 'True'}
[0m05:53:30.448170 [debug] [MainThread]: Snowflake adapter: Setting snowflake.connector to ERROR (file logging only)
[0m05:53:30.448540 [debug] [MainThread]: Snowflake adapter: Setting botocore to ERROR (file logging only)
[0m05:53:30.448778 [debug] [MainThread]: Snowflake adapter: Setting boto3 to ERROR (file logging only)
[0m05:53:30.576041 [debug] [MainThread]: Sending event: {'category': 'dbt', 'action': 'project_id', 'label': '6a734dec-abb5-42ed-9f10-12031b05d006', 'context': [<snowplow_tracker.self_describing_json.SelfDescribingJson object at 0x73e87e99fcb0>]}
[0m05:53:30.621355 [debug] [MainThread]: Sending event: {'category': 'dbt', 'action': 'adapter_info', 'label': '6a734dec-abb5-42ed-9f10-12031b05d006', 'context': [<snowplow_tracker.self_describing_json.SelfDescribingJson object at 0x73e8aaddf830>]}
[0m05:53:30.621941 [info ] [MainThread]: Registered adapter: snowflake=1.11.5
[0m05:53:30.702494 [debug] [MainThread]: checksum: 30a8cc8fdcbf66701b0944d4ccce3fa46dd04b61e5df68b9f16d57b2e0e3f0be, vars: {}, profile: , target: , version: 1.11.11
[0m05:53:30.785545 [debug] [MainThread]: Partial parsing enabled: 0 files deleted, 0 files added, 2 files changed.
[0m05:53:30.786123 [debug] [MainThread]: Partial parsing: updated file: sales_etl://models/silver/schema.yml
[0m05:53:30.786449 [debug] [MainThread]: Partial parsing: updated file: sales_etl://models/gold/schema.yml
[0m05:53:31.137520 [debug] [MainThread]: Sending event: {'category': 'dbt', 'action': 'load_project', 'label': '6a734dec-abb5-42ed-9f10-12031b05d006', 'context': [<snowplow_tracker.self_describing_json.SelfDescribingJson object at 0x73e87d7fb530>]}
[0m05:53:31.200544 [debug] [MainThread]: Wrote artifact WritableManifest to /opt/airflow/dbt/target/manifest.json
[0m05:53:31.201720 [debug] [MainThread]: Wrote artifact SemanticManifest to /opt/airflow/dbt/target/semantic_manifest.json
[0m05:53:31.210770 [debug] [MainThread]: Sending event: {'category': 'dbt', 'action': 'resource_counts', 'label': '6a734dec-abb5-42ed-9f10-12031b05d006', 'context': [<snowplow_tracker.self_describing_json.SelfDescribingJson object at 0x73e87d5baae0>]}
[0m05:53:31.211072 [info ] [MainThread]: Found 5 models, 7 data tests, 3 sources, 537 macros
[0m05:53:31.211308 [debug] [MainThread]: Sending event: {'category': 'dbt', 'action': 'runnable_timing', 'label': '6a734dec-abb5-42ed-9f10-12031b05d006', 'context': [<snowplow_tracker.self_describing_json.SelfDescribingJson object at 0x73e87d5e6420>]}
[0m05:53:31.212435 [info ] [MainThread]: 
[0m05:53:31.212687 [info ] [MainThread]: Concurrency: 4 threads (target='dev')
[0m05:53:31.212905 [info ] [MainThread]: 
[0m05:53:31.213216 [debug] [MainThread]: Acquiring new snowflake connection 'master'
[0m05:53:31.216159 [debug] [ThreadPool]: Acquiring new snowflake connection 'list_SALES_DB'
[0m05:53:31.243965 [debug] [ThreadPool]: Using snowflake connection "list_SALES_DB"
[0m05:53:31.244358 [debug] [ThreadPool]: On list_SALES_DB: show terse schemas in database SALES_DB
    limit 10000
/* {"app": "dbt", "dbt_version": "1.11.11", "profile_name": "sales_etl", "target_name": "dev", "connection_name": "list_SALES_DB"} */
[0m05:53:31.244574 [debug] [ThreadPool]: Opening a new connection, currently in state init
[0m05:53:32.743288 [debug] [ThreadPool]: SQL status: SUCCESS 6 in 1.499 seconds
[0m05:53:32.746851 [debug] [ThreadPool]: Re-using an available connection from the pool (formerly list_SALES_DB, now list_SALES_DB_SILVER)
[0m05:53:32.758900 [debug] [ThreadPool]: Acquiring new snowflake connection 'list_SALES_DB_GOLD'
[0m05:53:32.771892 [debug] [ThreadPool]: Using snowflake connection "list_SALES_DB_SILVER"
[0m05:53:32.772171 [debug] [ThreadPool]: On list_SALES_DB_SILVER: show objects in SALES_DB.SILVER
    limit 10000
    

/* {"app": "dbt", "dbt_version": "1.11.11", "profile_name": "sales_etl", "target_name": "dev", "connection_name": "list_SALES_DB_SILVER"} */;
[0m05:53:32.780207 [debug] [ThreadPool]: Using snowflake connection "list_SALES_DB_GOLD"
[0m05:53:32.780665 [debug] [ThreadPool]: On list_SALES_DB_GOLD: show objects in SALES_DB.GOLD
    limit 10000
    

/* {"app": "dbt", "dbt_version": "1.11.11", "profile_name": "sales_etl", "target_name": "dev", "connection_name": "list_SALES_DB_GOLD"} */;
[0m05:53:32.780913 [debug] [ThreadPool]: Opening a new connection, currently in state init
[0m05:53:33.019723 [debug] [ThreadPool]: SQL status: SUCCESS 2 in 0.247 seconds
[0m05:53:34.187473 [debug] [ThreadPool]: SQL status: SUCCESS 3 in 1.406 seconds
[0m05:53:34.190614 [debug] [MainThread]: Sending event: {'category': 'dbt', 'action': 'runnable_timing', 'label': '6a734dec-abb5-42ed-9f10-12031b05d006', 'context': [<snowplow_tracker.self_describing_json.SelfDescribingJson object at 0x73e87e9337a0>]}
[0m05:53:34.200816 [debug] [Thread-2 (]: Began running node model.sales_etl.silver_sales
[0m05:53:34.201720 [debug] [Thread-3 (]: Began running node model.sales_etl.silver_stores
[0m05:53:34.203182 [info ] [Thread-2 (]: 1 of 2 START sql table model SILVER.silver_sales ............................... [RUN]
[0m05:53:34.204521 [info ] [Thread-3 (]: 2 of 2 START sql table model SILVER.silver_stores .............................. [RUN]
[0m05:53:34.205879 [debug] [Thread-2 (]: Re-using an available connection from the pool (formerly list_SALES_DB_GOLD, now model.sales_etl.silver_sales)
[0m05:53:34.206838 [debug] [Thread-3 (]: Re-using an available connection from the pool (formerly list_SALES_DB_SILVER, now model.sales_etl.silver_stores)
[0m05:53:34.207891 [debug] [Thread-2 (]: Began compiling node model.sales_etl.silver_sales
[0m05:53:34.208839 [debug] [Thread-3 (]: Began compiling node model.sales_etl.silver_stores
[0m05:53:34.218063 [debug] [Thread-2 (]: Writing injected SQL for node "model.sales_etl.silver_sales"
[0m05:53:34.228479 [debug] [Thread-2 (]: Began executing node model.sales_etl.silver_sales
[0m05:53:34.226690 [debug] [Thread-3 (]: Writing injected SQL for node "model.sales_etl.silver_stores"
[0m05:53:34.260819 [debug] [Thread-2 (]: Writing runtime sql for node "model.sales_etl.silver_sales"
[0m05:53:34.262023 [debug] [Thread-2 (]: Using snowflake connection "model.sales_etl.silver_sales"
[0m05:53:34.262377 [debug] [Thread-2 (]: On model.sales_etl.silver_sales: create or replace transient table SALES_DB.SILVER.silver_sales
    
    
    
    as (with source as (

    select *
    from SALES_DB.RAW.sales

),

typed as (

    select
        store_token,
        transaction_id,
        receipt_token,
        try_to_timestamp(
            transaction_time,
            'YYYYMMDD"T"HH24MISS.FF3'
        ) as transaction_timestamp,
        try_to_number(amount,11,2) as amount,
        user_role,
        batch_date,
        source_file,
        load_timestamp
    from source

),

validated as (

    select
        *,
        case
            when amount is null then false
            when transaction_timestamp is null then false
            when store_token is null then false
            when transaction_id is null then false
            else true
        end as is_valid_record
    from typed

),

deduped as (

    select *
    from validated
    qualify row_number() over (
        partition by
            store_token,
            transaction_id
        order by
            load_timestamp desc
    ) = 1
)

select *
from deduped
    )

/* {"app": "dbt", "dbt_version": "1.11.11", "profile_name": "sales_etl", "target_name": "dev", "node_id": "model.sales_etl.silver_sales"} */;
[0m05:53:34.263060 [debug] [Thread-3 (]: Began executing node model.sales_etl.silver_stores
[0m05:53:34.264765 [debug] [Thread-3 (]: Writing runtime sql for node "model.sales_etl.silver_stores"
[0m05:53:34.265882 [debug] [Thread-3 (]: Using snowflake connection "model.sales_etl.silver_stores"
[0m05:53:34.266139 [debug] [Thread-3 (]: On model.sales_etl.silver_stores: create or replace transient table SALES_DB.SILVER.silver_stores
    
    
    
    as (with source as (

    select *
    from SALES_DB.RAW.stores

),

deduped as (

    select *
    from source
    qualify row_number() over (
        partition by store_token
        order by load_timestamp desc
    ) = 1

)

select *
from deduped
    )

/* {"app": "dbt", "dbt_version": "1.11.11", "profile_name": "sales_etl", "target_name": "dev", "node_id": "model.sales_etl.silver_stores"} */;
[0m05:53:35.690205 [debug] [Thread-3 (]: SQL status: SUCCESS 72 in 1.423 seconds
[0m05:53:35.708653 [debug] [Thread-3 (]: Sending event: {'category': 'dbt', 'action': 'run_model', 'label': '6a734dec-abb5-42ed-9f10-12031b05d006', 'context': [<snowplow_tracker.self_describing_json.SelfDescribingJson object at 0x73e8b0525520>]}
[0m05:53:35.709165 [info ] [Thread-3 (]: 2 of 2 OK created sql table model SILVER.silver_stores ......................... [[32mSUCCESS 72[0m in 1.50s]
[0m05:53:35.709575 [debug] [Thread-3 (]: Finished running node model.sales_etl.silver_stores
[0m05:53:35.729948 [debug] [Thread-2 (]: SQL status: SUCCESS 1280 in 1.467 seconds
[0m05:53:35.732118 [debug] [Thread-2 (]: Sending event: {'category': 'dbt', 'action': 'run_model', 'label': '6a734dec-abb5-42ed-9f10-12031b05d006', 'context': [<snowplow_tracker.self_describing_json.SelfDescribingJson object at 0x73e87d7fb7a0>]}
[0m05:53:35.732767 [info ] [Thread-2 (]: 1 of 2 OK created sql table model SILVER.silver_sales .......................... [[32mSUCCESS 1280[0m in 1.53s]
[0m05:53:35.733319 [debug] [Thread-2 (]: Finished running node model.sales_etl.silver_sales
[0m05:53:35.734516 [debug] [MainThread]: Connection 'master' was properly closed.
[0m05:53:35.734826 [debug] [MainThread]: Connection 'model.sales_etl.silver_stores' was left open.
[0m05:53:35.735110 [debug] [MainThread]: On model.sales_etl.silver_stores: Close
[0m05:53:36.037618 [debug] [MainThread]: Connection 'model.sales_etl.silver_sales' was left open.
[0m05:53:36.038663 [debug] [MainThread]: On model.sales_etl.silver_sales: Close
[0m05:53:36.365933 [info ] [MainThread]: 
[0m05:53:36.366981 [info ] [MainThread]: Finished running 2 table models in 0 hours 0 minutes and 5.15 seconds (5.15s).
[0m05:53:36.368115 [debug] [MainThread]: Command end result
[0m05:53:36.389748 [debug] [MainThread]: Wrote artifact WritableManifest to /opt/airflow/dbt/target/manifest.json
[0m05:53:36.391526 [debug] [MainThread]: Wrote artifact SemanticManifest to /opt/airflow/dbt/target/semantic_manifest.json
[0m05:53:36.395835 [debug] [MainThread]: Wrote artifact RunExecutionResult to /opt/airflow/dbt/target/run_results.json
[0m05:53:36.396153 [info ] [MainThread]: 
[0m05:53:36.396464 [info ] [MainThread]: [32mCompleted successfully[0m
[0m05:53:36.396671 [info ] [MainThread]: 
[0m05:53:36.396883 [info ] [MainThread]: Done. PASS=2 WARN=0 ERROR=0 SKIP=0 NO-OP=0 TOTAL=2
[0m05:53:36.397575 [debug] [MainThread]: Resource report: {"command_name": "run", "command_success": true, "command_wall_clock_time": 6.4312806, "process_in_blocks": "24", "process_kernel_time": 1.083567, "process_mem_max_rss": "231256", "process_out_blocks": "3864", "process_user_time": 2.901228}
[0m05:53:36.397927 [debug] [MainThread]: Command `dbt run` succeeded at 05:53:36.397858 after 6.43 seconds
[0m05:53:36.398186 [debug] [MainThread]: Sending event: {'category': 'dbt', 'action': 'invocation', 'label': 'end', 'context': [<snowplow_tracker.self_describing_json.SelfDescribingJson object at 0x73e8b1653e60>, <snowplow_tracker.self_describing_json.SelfDescribingJson object at 0x73e87d798ce0>, <snowplow_tracker.self_describing_json.SelfDescribingJson object at 0x73e87cdb1f70>]}
[0m05:53:36.398486 [debug] [MainThread]: Flushing usage events
[0m05:53:36.964221 [debug] [MainThread]: An error was encountered while trying to flush usage events
[0m06:09:48.695597 [debug] [MainThread]: Sending event: {'category': 'dbt', 'action': 'invocation', 'label': 'start', 'context': [<snowplow_tracker.self_describing_json.SelfDescribingJson object at 0x7be4b9112810>, <snowplow_tracker.self_describing_json.SelfDescribingJson object at 0x7be4b8403e30>, <snowplow_tracker.self_describing_json.SelfDescribingJson object at 0x7be4ba5caff0>]}


============================== 06:09:48.701682 | f7525168-e737-4314-8dc3-d4eaac1fd5a7 ==============================
[0m06:09:48.701682 [info ] [MainThread]: Running with dbt=1.11.11
[0m06:09:48.702265 [debug] [MainThread]: running dbt with arguments {'log_path': '/opt/airflow/dbt/logs', 'log_format': 'default', 'partial_parse': 'True', 'version_check': 'True', 'printer_width': '80', 'write_json': 'True', 'debug': 'False', 'static_parser': 'True', 'cache_selected_only': 'False', 'indirect_selection': 'eager', 'use_experimental_parser': 'False', 'target_path': 'None', 'warn_error_options': 'WarnErrorOptionsV2(error=[], warn=[], silence=[])', 'send_anonymous_usage_stats': 'True', 'invocation_command': 'dbt run --select silver', 'warn_error': 'None', 'fail_fast': 'False', 'profiles_dir': '/opt/airflow/dbt', 'quiet': 'False', 'no_print': 'None', 'empty': 'False', 'use_colors': 'True', 'introspect': 'True', 'log_cache_events': 'False'}
[0m06:09:49.157018 [debug] [MainThread]: Snowflake adapter: Setting snowflake.connector to ERROR (file logging only)
[0m06:09:49.157579 [debug] [MainThread]: Snowflake adapter: Setting botocore to ERROR (file logging only)
[0m06:09:49.157860 [debug] [MainThread]: Snowflake adapter: Setting boto3 to ERROR (file logging only)
[0m06:09:49.309026 [debug] [MainThread]: Sending event: {'category': 'dbt', 'action': 'project_id', 'label': 'f7525168-e737-4314-8dc3-d4eaac1fd5a7', 'context': [<snowplow_tracker.self_describing_json.SelfDescribingJson object at 0x7be4b29bf980>]}
[0m06:09:49.358454 [debug] [MainThread]: Sending event: {'category': 'dbt', 'action': 'adapter_info', 'label': 'f7525168-e737-4314-8dc3-d4eaac1fd5a7', 'context': [<snowplow_tracker.self_describing_json.SelfDescribingJson object at 0x7be4b73b3800>]}
[0m06:09:49.359501 [info ] [MainThread]: Registered adapter: snowflake=1.11.5
[0m06:09:49.437872 [debug] [MainThread]: checksum: 30a8cc8fdcbf66701b0944d4ccce3fa46dd04b61e5df68b9f16d57b2e0e3f0be, vars: {}, profile: , target: , version: 1.11.11
[0m06:09:49.523633 [debug] [MainThread]: Partial parsing enabled: 0 files deleted, 0 files added, 0 files changed.
[0m06:09:49.524010 [debug] [MainThread]: Nothing changed, skipping partial parsing.
[0m06:09:49.524207 [debug] [MainThread]: Partial parsing enabled, no changes found, skipping parsing
[0m06:09:49.559446 [debug] [MainThread]: Sending event: {'category': 'dbt', 'action': 'load_project', 'label': 'f7525168-e737-4314-8dc3-d4eaac1fd5a7', 'context': [<snowplow_tracker.self_describing_json.SelfDescribingJson object at 0x7be4855d8d10>]}
[0m06:09:49.628669 [debug] [MainThread]: Wrote artifact WritableManifest to /opt/airflow/dbt/target/manifest.json
[0m06:09:49.629926 [debug] [MainThread]: Wrote artifact SemanticManifest to /opt/airflow/dbt/target/semantic_manifest.json
[0m06:09:49.639564 [debug] [MainThread]: Sending event: {'category': 'dbt', 'action': 'resource_counts', 'label': 'f7525168-e737-4314-8dc3-d4eaac1fd5a7', 'context': [<snowplow_tracker.self_describing_json.SelfDescribingJson object at 0x7be485396a20>]}
[0m06:09:49.640023 [info ] [MainThread]: Found 5 models, 7 data tests, 3 sources, 537 macros
[0m06:09:49.640335 [debug] [MainThread]: Sending event: {'category': 'dbt', 'action': 'runnable_timing', 'label': 'f7525168-e737-4314-8dc3-d4eaac1fd5a7', 'context': [<snowplow_tracker.self_describing_json.SelfDescribingJson object at 0x7be4853fe9f0>]}
[0m06:09:49.641815 [info ] [MainThread]: 
[0m06:09:49.642110 [info ] [MainThread]: Concurrency: 4 threads (target='dev')
[0m06:09:49.642320 [info ] [MainThread]: 
[0m06:09:49.642780 [debug] [MainThread]: Acquiring new snowflake connection 'master'
[0m06:09:49.646090 [debug] [ThreadPool]: Acquiring new snowflake connection 'list_SALES_DB'
[0m06:09:49.672509 [debug] [ThreadPool]: Using snowflake connection "list_SALES_DB"
[0m06:09:49.672837 [debug] [ThreadPool]: On list_SALES_DB: show terse schemas in database SALES_DB
    limit 10000
/* {"app": "dbt", "dbt_version": "1.11.11", "profile_name": "sales_etl", "target_name": "dev", "connection_name": "list_SALES_DB"} */
[0m06:09:49.673049 [debug] [ThreadPool]: Opening a new connection, currently in state init
[0m06:09:51.259129 [debug] [ThreadPool]: SQL status: SUCCESS 6 in 1.586 seconds
[0m06:09:51.263861 [debug] [ThreadPool]: Re-using an available connection from the pool (formerly list_SALES_DB, now list_SALES_DB_SILVER)
[0m06:09:51.270271 [debug] [ThreadPool]: Acquiring new snowflake connection 'list_SALES_DB_GOLD'
[0m06:09:51.284778 [debug] [ThreadPool]: Using snowflake connection "list_SALES_DB_GOLD"
[0m06:09:51.285109 [debug] [ThreadPool]: On list_SALES_DB_GOLD: show objects in SALES_DB.GOLD
    limit 10000
    

/* {"app": "dbt", "dbt_version": "1.11.11", "profile_name": "sales_etl", "target_name": "dev", "connection_name": "list_SALES_DB_GOLD"} */;
[0m06:09:51.285331 [debug] [ThreadPool]: Opening a new connection, currently in state init
[0m06:09:51.287487 [debug] [ThreadPool]: Using snowflake connection "list_SALES_DB_SILVER"
[0m06:09:51.288013 [debug] [ThreadPool]: On list_SALES_DB_SILVER: show objects in SALES_DB.SILVER
    limit 10000
    

/* {"app": "dbt", "dbt_version": "1.11.11", "profile_name": "sales_etl", "target_name": "dev", "connection_name": "list_SALES_DB_SILVER"} */;
[0m06:09:51.495445 [debug] [ThreadPool]: SQL status: SUCCESS 2 in 0.207 seconds
[0m06:09:52.054311 [debug] [ThreadPool]: SQL status: SUCCESS 3 in 0.769 seconds
[0m06:09:52.057307 [debug] [MainThread]: Sending event: {'category': 'dbt', 'action': 'runnable_timing', 'label': 'f7525168-e737-4314-8dc3-d4eaac1fd5a7', 'context': [<snowplow_tracker.self_describing_json.SelfDescribingJson object at 0x7be484d2b2c0>]}
[0m06:09:52.061077 [debug] [Thread-2 (]: Began running node model.sales_etl.silver_sales
[0m06:09:52.061601 [debug] [Thread-3 (]: Began running node model.sales_etl.silver_stores
[0m06:09:52.062179 [info ] [Thread-2 (]: 1 of 2 START sql table model SILVER.silver_sales ............................... [RUN]
[0m06:09:52.062789 [info ] [Thread-3 (]: 2 of 2 START sql table model SILVER.silver_stores .............................. [RUN]
[0m06:09:52.063342 [debug] [Thread-2 (]: Re-using an available connection from the pool (formerly list_SALES_DB_GOLD, now model.sales_etl.silver_sales)
[0m06:09:52.063814 [debug] [Thread-3 (]: Re-using an available connection from the pool (formerly list_SALES_DB_SILVER, now model.sales_etl.silver_stores)
[0m06:09:52.064235 [debug] [Thread-2 (]: Began compiling node model.sales_etl.silver_sales
[0m06:09:52.064639 [debug] [Thread-3 (]: Began compiling node model.sales_etl.silver_stores
[0m06:09:52.069839 [debug] [Thread-2 (]: Writing injected SQL for node "model.sales_etl.silver_sales"
[0m06:09:52.071890 [debug] [Thread-3 (]: Writing injected SQL for node "model.sales_etl.silver_stores"
[0m06:09:52.072666 [debug] [Thread-2 (]: Began executing node model.sales_etl.silver_sales
[0m06:09:52.078185 [debug] [Thread-3 (]: Began executing node model.sales_etl.silver_stores
[0m06:09:52.113578 [debug] [Thread-3 (]: Writing runtime sql for node "model.sales_etl.silver_stores"
[0m06:09:52.115773 [debug] [Thread-2 (]: Writing runtime sql for node "model.sales_etl.silver_sales"
[0m06:09:52.117316 [debug] [Thread-2 (]: Using snowflake connection "model.sales_etl.silver_sales"
[0m06:09:52.118067 [debug] [Thread-3 (]: Using snowflake connection "model.sales_etl.silver_stores"
[0m06:09:52.118504 [debug] [Thread-2 (]: On model.sales_etl.silver_sales: create or replace transient table SALES_DB.SILVER.silver_sales
    
    
    
    as (with source as (

    select *
    from SALES_DB.RAW.sales

),

typed as (

    select
        store_token,
        transaction_id,
        receipt_token,
        try_to_timestamp(
            transaction_time,
            'YYYYMMDD"T"HH24MISS.FF3'
        ) as transaction_timestamp,
        try_to_number(amount,11,2) as amount,
        user_role,
        batch_date,
        source_file,
        load_timestamp
    from source

),

validated as (

    select
        *,
        case
            when amount is null then false
            when transaction_timestamp is null then false
            when store_token is null then false
            when transaction_id is null then false
            else true
        end as is_valid_record
    from typed

),

deduped as (

    select *
    from validated
    qualify row_number() over (
        partition by
            store_token,
            transaction_id
        order by
            load_timestamp desc
    ) = 1
)

select *
from deduped
    )

/* {"app": "dbt", "dbt_version": "1.11.11", "profile_name": "sales_etl", "target_name": "dev", "node_id": "model.sales_etl.silver_sales"} */;
[0m06:09:52.118931 [debug] [Thread-3 (]: On model.sales_etl.silver_stores: create or replace transient table SALES_DB.SILVER.silver_stores
    
    
    
    as (with source as (

    select *
    from SALES_DB.RAW.stores

),

deduped as (

    select *
    from source
    qualify row_number() over (
        partition by store_token
        order by load_timestamp desc
    ) = 1

)

select *
from deduped
    )

/* {"app": "dbt", "dbt_version": "1.11.11", "profile_name": "sales_etl", "target_name": "dev", "node_id": "model.sales_etl.silver_stores"} */;
[0m06:09:53.028074 [debug] [Thread-3 (]: SQL status: SUCCESS 90 in 0.907 seconds
[0m06:09:53.057575 [debug] [Thread-2 (]: SQL status: SUCCESS 1600 in 0.938 seconds
[0m06:09:53.059860 [debug] [Thread-3 (]: Sending event: {'category': 'dbt', 'action': 'run_model', 'label': 'f7525168-e737-4314-8dc3-d4eaac1fd5a7', 'context': [<snowplow_tracker.self_describing_json.SelfDescribingJson object at 0x7be4b9703740>]}
[0m06:09:53.060237 [debug] [Thread-2 (]: Sending event: {'category': 'dbt', 'action': 'run_model', 'label': 'f7525168-e737-4314-8dc3-d4eaac1fd5a7', 'context': [<snowplow_tracker.self_describing_json.SelfDescribingJson object at 0x7be485bd7110>]}
[0m06:09:53.060907 [info ] [Thread-3 (]: 2 of 2 OK created sql table model SILVER.silver_stores ......................... [[32mSUCCESS 90[0m in 0.99s]
[0m06:09:53.061413 [info ] [Thread-2 (]: 1 of 2 OK created sql table model SILVER.silver_sales .......................... [[32mSUCCESS 1600[0m in 1.00s]
[0m06:09:53.061935 [debug] [Thread-3 (]: Finished running node model.sales_etl.silver_stores
[0m06:09:53.062350 [debug] [Thread-2 (]: Finished running node model.sales_etl.silver_sales
[0m06:09:53.063562 [debug] [MainThread]: Connection 'master' was properly closed.
[0m06:09:53.063784 [debug] [MainThread]: Connection 'model.sales_etl.silver_stores' was left open.
[0m06:09:53.063969 [debug] [MainThread]: On model.sales_etl.silver_stores: Close
[0m06:09:53.381927 [debug] [MainThread]: Connection 'model.sales_etl.silver_sales' was left open.
[0m06:09:53.382345 [debug] [MainThread]: On model.sales_etl.silver_sales: Close
[0m06:09:53.684713 [info ] [MainThread]: 
[0m06:09:53.685973 [info ] [MainThread]: Finished running 2 table models in 0 hours 0 minutes and 4.04 seconds (4.04s).
[0m06:09:53.686970 [debug] [MainThread]: Command end result
[0m06:09:53.706433 [debug] [MainThread]: Wrote artifact WritableManifest to /opt/airflow/dbt/target/manifest.json
[0m06:09:53.708616 [debug] [MainThread]: Wrote artifact SemanticManifest to /opt/airflow/dbt/target/semantic_manifest.json
[0m06:09:53.713014 [debug] [MainThread]: Wrote artifact RunExecutionResult to /opt/airflow/dbt/target/run_results.json
[0m06:09:53.713361 [info ] [MainThread]: 
[0m06:09:53.713682 [info ] [MainThread]: [32mCompleted successfully[0m
[0m06:09:53.713890 [info ] [MainThread]: 
[0m06:09:53.714103 [info ] [MainThread]: Done. PASS=2 WARN=0 ERROR=0 SKIP=0 NO-OP=0 TOTAL=2
[0m06:09:53.714792 [debug] [MainThread]: Resource report: {"command_name": "run", "command_success": true, "command_wall_clock_time": 5.0594087, "process_in_blocks": "3216", "process_kernel_time": 1.323092, "process_mem_max_rss": "227860", "process_out_blocks": "2640", "process_user_time": 2.949976}
[0m06:09:53.715129 [debug] [MainThread]: Command `dbt run` succeeded at 06:09:53.715064 after 5.06 seconds
[0m06:09:53.715374 [debug] [MainThread]: Sending event: {'category': 'dbt', 'action': 'invocation', 'label': 'end', 'context': [<snowplow_tracker.self_describing_json.SelfDescribingJson object at 0x7be4b84151c0>, <snowplow_tracker.self_describing_json.SelfDescribingJson object at 0x7be4b8fc2d20>, <snowplow_tracker.self_describing_json.SelfDescribingJson object at 0x7be4b8fc2780>]}
[0m06:09:53.715635 [debug] [MainThread]: Flushing usage events
[0m06:09:54.271463 [debug] [MainThread]: An error was encountered while trying to flush usage events
[0m06:09:57.349453 [debug] [MainThread]: Sending event: {'category': 'dbt', 'action': 'invocation', 'label': 'start', 'context': [<snowplow_tracker.self_describing_json.SelfDescribingJson object at 0x797ded639b50>, <snowplow_tracker.self_describing_json.SelfDescribingJson object at 0x797dee84bfe0>, <snowplow_tracker.self_describing_json.SelfDescribingJson object at 0x797dedcf44a0>]}


============================== 06:09:57.355449 | e050a407-d668-438d-bf2c-241ca6d40c4a ==============================
[0m06:09:57.355449 [info ] [MainThread]: Running with dbt=1.11.11
[0m06:09:57.355897 [debug] [MainThread]: running dbt with arguments {'use_colors': 'True', 'static_parser': 'True', 'warn_error': 'None', 'debug': 'False', 'cache_selected_only': 'False', 'log_path': '/opt/airflow/dbt/logs', 'fail_fast': 'False', 'indirect_selection': 'eager', 'log_format': 'default', 'log_cache_events': 'False', 'send_anonymous_usage_stats': 'True', 'invocation_command': 'dbt test', 'no_print': 'None', 'use_experimental_parser': 'False', 'profiles_dir': '/opt/airflow/dbt', 'write_json': 'True', 'printer_width': '80', 'quiet': 'False', 'warn_error_options': 'WarnErrorOptionsV2(error=[], warn=[], silence=[])', 'empty': 'None', 'version_check': 'True', 'partial_parse': 'True', 'target_path': 'None', 'introspect': 'True'}
[0m06:09:57.815527 [debug] [MainThread]: Snowflake adapter: Setting snowflake.connector to ERROR (file logging only)
[0m06:09:57.815920 [debug] [MainThread]: Snowflake adapter: Setting botocore to ERROR (file logging only)
[0m06:09:57.816155 [debug] [MainThread]: Snowflake adapter: Setting boto3 to ERROR (file logging only)
[0m06:09:57.948125 [debug] [MainThread]: Sending event: {'category': 'dbt', 'action': 'project_id', 'label': 'e050a407-d668-438d-bf2c-241ca6d40c4a', 'context': [<snowplow_tracker.self_describing_json.SelfDescribingJson object at 0x797dedb8eab0>]}
[0m06:09:58.008280 [debug] [MainThread]: Sending event: {'category': 'dbt', 'action': 'adapter_info', 'label': 'e050a407-d668-438d-bf2c-241ca6d40c4a', 'context': [<snowplow_tracker.self_describing_json.SelfDescribingJson object at 0x797dbabd1070>]}
[0m06:09:58.009948 [info ] [MainThread]: Registered adapter: snowflake=1.11.5
[0m06:09:58.103233 [debug] [MainThread]: checksum: 30a8cc8fdcbf66701b0944d4ccce3fa46dd04b61e5df68b9f16d57b2e0e3f0be, vars: {}, profile: , target: , version: 1.11.11
[0m06:09:58.193406 [debug] [MainThread]: Partial parsing enabled: 0 files deleted, 0 files added, 0 files changed.
[0m06:09:58.193778 [debug] [MainThread]: Nothing changed, skipping partial parsing.
[0m06:09:58.193980 [debug] [MainThread]: Partial parsing enabled, no changes found, skipping parsing
[0m06:09:58.228276 [debug] [MainThread]: Sending event: {'category': 'dbt', 'action': 'load_project', 'label': 'e050a407-d668-438d-bf2c-241ca6d40c4a', 'context': [<snowplow_tracker.self_describing_json.SelfDescribingJson object at 0x797dba0c80b0>]}
[0m06:09:58.294761 [debug] [MainThread]: Wrote artifact WritableManifest to /opt/airflow/dbt/target/manifest.json
[0m06:09:58.296007 [debug] [MainThread]: Wrote artifact SemanticManifest to /opt/airflow/dbt/target/semantic_manifest.json
[0m06:09:58.311693 [debug] [MainThread]: Sending event: {'category': 'dbt', 'action': 'resource_counts', 'label': 'e050a407-d668-438d-bf2c-241ca6d40c4a', 'context': [<snowplow_tracker.self_describing_json.SelfDescribingJson object at 0x797db98b2d80>]}
[0m06:09:58.312095 [info ] [MainThread]: Found 5 models, 7 data tests, 3 sources, 537 macros
[0m06:09:58.312323 [debug] [MainThread]: Sending event: {'category': 'dbt', 'action': 'runnable_timing', 'label': 'e050a407-d668-438d-bf2c-241ca6d40c4a', 'context': [<snowplow_tracker.self_describing_json.SelfDescribingJson object at 0x797dba17c7a0>]}
[0m06:09:58.313692 [info ] [MainThread]: 
[0m06:09:58.313966 [info ] [MainThread]: Concurrency: 4 threads (target='dev')
[0m06:09:58.314141 [info ] [MainThread]: 
[0m06:09:58.314482 [debug] [MainThread]: Acquiring new snowflake connection 'master'
[0m06:09:58.317718 [debug] [ThreadPool]: Acquiring new snowflake connection 'list_SALES_DB_GOLD'
[0m06:09:58.318323 [debug] [ThreadPool]: Acquiring new snowflake connection 'list_SALES_DB_SILVER'
[0m06:09:58.433288 [debug] [ThreadPool]: Using snowflake connection "list_SALES_DB_GOLD"
[0m06:09:58.433655 [debug] [ThreadPool]: On list_SALES_DB_GOLD: show objects in SALES_DB.GOLD
    limit 10000
    

/* {"app": "dbt", "dbt_version": "1.11.11", "profile_name": "sales_etl", "target_name": "dev", "connection_name": "list_SALES_DB_GOLD"} */;
[0m06:09:58.433865 [debug] [ThreadPool]: Opening a new connection, currently in state init
[0m06:09:58.434820 [debug] [ThreadPool]: Using snowflake connection "list_SALES_DB_SILVER"
[0m06:09:58.435101 [debug] [ThreadPool]: On list_SALES_DB_SILVER: show objects in SALES_DB.SILVER
    limit 10000
    

/* {"app": "dbt", "dbt_version": "1.11.11", "profile_name": "sales_etl", "target_name": "dev", "connection_name": "list_SALES_DB_SILVER"} */;
[0m06:09:58.435279 [debug] [ThreadPool]: Opening a new connection, currently in state init
[0m06:09:59.215157 [debug] [ThreadPool]: SQL status: SUCCESS 2 in 0.780 seconds
[0m06:09:59.875173 [debug] [ThreadPool]: SQL status: SUCCESS 3 in 1.441 seconds
[0m06:09:59.881787 [debug] [MainThread]: Sending event: {'category': 'dbt', 'action': 'runnable_timing', 'label': 'e050a407-d668-438d-bf2c-241ca6d40c4a', 'context': [<snowplow_tracker.self_describing_json.SelfDescribingJson object at 0x797dba061ca0>]}
[0m06:09:59.889993 [debug] [Thread-2 (]: Began running node test.sales_etl.not_null_silver_sales_amount.02a892d606
[0m06:09:59.891269 [debug] [Thread-3 (]: Began running node test.sales_etl.not_null_silver_sales_store_token.a775148663
[0m06:09:59.892753 [debug] [Thread-4 (]: Began running node test.sales_etl.not_null_silver_sales_transaction_id.728e50eea6
[0m06:09:59.894052 [info ] [Thread-2 (]: 1 of 7 START test not_null_silver_sales_amount ................................. [RUN]
[0m06:09:59.895447 [debug] [Thread-5 (]: Began running node test.sales_etl.not_null_silver_stores_store_token.6cfdf18669
[0m06:09:59.896759 [info ] [Thread-3 (]: 2 of 7 START test not_null_silver_sales_store_token ............................ [RUN]
[0m06:09:59.898076 [info ] [Thread-4 (]: 3 of 7 START test not_null_silver_sales_transaction_id ......................... [RUN]
[0m06:09:59.899242 [debug] [Thread-2 (]: Re-using an available connection from the pool (formerly list_SALES_DB_GOLD, now test.sales_etl.not_null_silver_sales_amount.02a892d606)
[0m06:09:59.900486 [info ] [Thread-5 (]: 4 of 7 START test not_null_silver_stores_store_token ........................... [RUN]
[0m06:09:59.901721 [debug] [Thread-3 (]: Re-using an available connection from the pool (formerly list_SALES_DB_SILVER, now test.sales_etl.not_null_silver_sales_store_token.a775148663)
[0m06:09:59.903137 [debug] [Thread-4 (]: Acquiring new snowflake connection 'test.sales_etl.not_null_silver_sales_transaction_id.728e50eea6'
[0m06:09:59.904111 [debug] [Thread-2 (]: Began compiling node test.sales_etl.not_null_silver_sales_amount.02a892d606
[0m06:09:59.905490 [debug] [Thread-5 (]: Acquiring new snowflake connection 'test.sales_etl.not_null_silver_stores_store_token.6cfdf18669'
[0m06:09:59.906570 [debug] [Thread-3 (]: Began compiling node test.sales_etl.not_null_silver_sales_store_token.a775148663
[0m06:09:59.907644 [debug] [Thread-4 (]: Began compiling node test.sales_etl.not_null_silver_sales_transaction_id.728e50eea6
[0m06:09:59.919003 [debug] [Thread-5 (]: Began compiling node test.sales_etl.not_null_silver_stores_store_token.6cfdf18669
[0m06:09:59.924481 [debug] [Thread-2 (]: Writing injected SQL for node "test.sales_etl.not_null_silver_sales_amount.02a892d606"
[0m06:09:59.927757 [debug] [Thread-3 (]: Writing injected SQL for node "test.sales_etl.not_null_silver_sales_store_token.a775148663"
[0m06:09:59.930618 [debug] [Thread-4 (]: Writing injected SQL for node "test.sales_etl.not_null_silver_sales_transaction_id.728e50eea6"
[0m06:09:59.934785 [debug] [Thread-5 (]: Writing injected SQL for node "test.sales_etl.not_null_silver_stores_store_token.6cfdf18669"
[0m06:09:59.935363 [debug] [Thread-2 (]: Began executing node test.sales_etl.not_null_silver_sales_amount.02a892d606
[0m06:09:59.936110 [debug] [Thread-3 (]: Began executing node test.sales_etl.not_null_silver_sales_store_token.a775148663
[0m06:09:59.936447 [debug] [Thread-4 (]: Began executing node test.sales_etl.not_null_silver_sales_transaction_id.728e50eea6
[0m06:09:59.936739 [debug] [Thread-5 (]: Began executing node test.sales_etl.not_null_silver_stores_store_token.6cfdf18669
[0m06:09:59.951800 [debug] [Thread-2 (]: Writing runtime sql for node "test.sales_etl.not_null_silver_sales_amount.02a892d606"
[0m06:09:59.953349 [debug] [Thread-3 (]: Writing runtime sql for node "test.sales_etl.not_null_silver_sales_store_token.a775148663"
[0m06:09:59.955125 [debug] [Thread-4 (]: Writing runtime sql for node "test.sales_etl.not_null_silver_sales_transaction_id.728e50eea6"
[0m06:09:59.956719 [debug] [Thread-5 (]: Writing runtime sql for node "test.sales_etl.not_null_silver_stores_store_token.6cfdf18669"
[0m06:09:59.957585 [debug] [Thread-3 (]: Using snowflake connection "test.sales_etl.not_null_silver_sales_store_token.a775148663"
[0m06:09:59.958136 [debug] [Thread-2 (]: Using snowflake connection "test.sales_etl.not_null_silver_sales_amount.02a892d606"
[0m06:09:59.959053 [debug] [Thread-5 (]: Using snowflake connection "test.sales_etl.not_null_silver_stores_store_token.6cfdf18669"
[0m06:09:59.959525 [debug] [Thread-3 (]: On test.sales_etl.not_null_silver_sales_store_token.a775148663: select
      count(*) as failures,
      count(*) != 0 as should_warn,
      count(*) != 0 as should_error
    from (
      
    
  
    
    



select store_token
from SALES_DB.SILVER.silver_sales
where store_token is null



  
  
      
    ) dbt_internal_test
/* {"app": "dbt", "dbt_version": "1.11.11", "profile_name": "sales_etl", "target_name": "dev", "node_id": "test.sales_etl.not_null_silver_sales_store_token.a775148663"} */
[0m06:09:59.960050 [debug] [Thread-4 (]: Using snowflake connection "test.sales_etl.not_null_silver_sales_transaction_id.728e50eea6"
[0m06:09:59.960496 [debug] [Thread-2 (]: On test.sales_etl.not_null_silver_sales_amount.02a892d606: select
      count(*) as failures,
      count(*) != 0 as should_warn,
      count(*) != 0 as should_error
    from (
      
    
  
    
    



select amount
from SALES_DB.SILVER.silver_sales
where amount is null



  
  
      
    ) dbt_internal_test
/* {"app": "dbt", "dbt_version": "1.11.11", "profile_name": "sales_etl", "target_name": "dev", "node_id": "test.sales_etl.not_null_silver_sales_amount.02a892d606"} */
[0m06:09:59.960865 [debug] [Thread-5 (]: On test.sales_etl.not_null_silver_stores_store_token.6cfdf18669: select
      count(*) as failures,
      count(*) != 0 as should_warn,
      count(*) != 0 as should_error
    from (
      
    
  
    
    



select store_token
from SALES_DB.SILVER.silver_stores
where store_token is null



  
  
      
    ) dbt_internal_test
/* {"app": "dbt", "dbt_version": "1.11.11", "profile_name": "sales_etl", "target_name": "dev", "node_id": "test.sales_etl.not_null_silver_stores_store_token.6cfdf18669"} */
[0m06:09:59.961961 [debug] [Thread-4 (]: On test.sales_etl.not_null_silver_sales_transaction_id.728e50eea6: select
      count(*) as failures,
      count(*) != 0 as should_warn,
      count(*) != 0 as should_error
    from (
      
    
  
    
    



select transaction_id
from SALES_DB.SILVER.silver_sales
where transaction_id is null



  
  
      
    ) dbt_internal_test
/* {"app": "dbt", "dbt_version": "1.11.11", "profile_name": "sales_etl", "target_name": "dev", "node_id": "test.sales_etl.not_null_silver_sales_transaction_id.728e50eea6"} */
[0m06:09:59.963048 [debug] [Thread-5 (]: Opening a new connection, currently in state init
[0m06:09:59.963514 [debug] [Thread-4 (]: Opening a new connection, currently in state init
[0m06:10:00.270158 [debug] [Thread-2 (]: SQL status: SUCCESS 1 in 0.308 seconds
[0m06:10:00.277381 [info ] [Thread-2 (]: 1 of 7 PASS not_null_silver_sales_amount ....................................... [[32mPASS[0m in 0.38s]
[0m06:10:00.277878 [debug] [Thread-2 (]: Finished running node test.sales_etl.not_null_silver_sales_amount.02a892d606
[0m06:10:00.278169 [debug] [Thread-2 (]: Began running node test.sales_etl.unique_silver_stores_store_token.2ae0e77f54
[0m06:10:00.278413 [info ] [Thread-2 (]: 5 of 7 START test unique_silver_stores_store_token ............................. [RUN]
[0m06:10:00.278699 [debug] [Thread-2 (]: Re-using an available connection from the pool (formerly test.sales_etl.not_null_silver_sales_amount.02a892d606, now test.sales_etl.unique_silver_stores_store_token.2ae0e77f54)
[0m06:10:00.278929 [debug] [Thread-2 (]: Began compiling node test.sales_etl.unique_silver_stores_store_token.2ae0e77f54
[0m06:10:00.282898 [debug] [Thread-2 (]: Writing injected SQL for node "test.sales_etl.unique_silver_stores_store_token.2ae0e77f54"
[0m06:10:00.283425 [debug] [Thread-2 (]: Began executing node test.sales_etl.unique_silver_stores_store_token.2ae0e77f54
[0m06:10:00.284907 [debug] [Thread-2 (]: Writing runtime sql for node "test.sales_etl.unique_silver_stores_store_token.2ae0e77f54"
[0m06:10:00.285537 [debug] [Thread-2 (]: Using snowflake connection "test.sales_etl.unique_silver_stores_store_token.2ae0e77f54"
[0m06:10:00.285865 [debug] [Thread-2 (]: On test.sales_etl.unique_silver_stores_store_token.2ae0e77f54: select
      count(*) as failures,
      count(*) != 0 as should_warn,
      count(*) != 0 as should_error
    from (
      
    
  
    
    

select
    store_token as unique_field,
    count(*) as n_records

from SALES_DB.SILVER.silver_stores
where store_token is not null
group by store_token
having count(*) > 1



  
  
      
    ) dbt_internal_test
/* {"app": "dbt", "dbt_version": "1.11.11", "profile_name": "sales_etl", "target_name": "dev", "node_id": "test.sales_etl.unique_silver_stores_store_token.2ae0e77f54"} */
[0m06:10:00.330329 [debug] [Thread-3 (]: SQL status: SUCCESS 1 in 0.369 seconds
[0m06:10:00.331964 [info ] [Thread-3 (]: 2 of 7 PASS not_null_silver_sales_store_token .................................. [[32mPASS[0m in 0.43s]
[0m06:10:00.332413 [debug] [Thread-3 (]: Finished running node test.sales_etl.not_null_silver_sales_store_token.a775148663
[0m06:10:00.332713 [debug] [Thread-3 (]: Began running node test.sales_etl.unique_transaction
[0m06:10:00.333048 [info ] [Thread-3 (]: 6 of 7 START test unique_transaction ........................................... [RUN]
[0m06:10:00.333345 [debug] [Thread-3 (]: Re-using an available connection from the pool (formerly test.sales_etl.not_null_silver_sales_store_token.a775148663, now test.sales_etl.unique_transaction)
[0m06:10:00.333590 [debug] [Thread-3 (]: Began compiling node test.sales_etl.unique_transaction
[0m06:10:00.336507 [debug] [Thread-3 (]: Writing injected SQL for node "test.sales_etl.unique_transaction"
[0m06:10:00.336965 [debug] [Thread-3 (]: Began executing node test.sales_etl.unique_transaction
[0m06:10:00.338492 [debug] [Thread-3 (]: Writing runtime sql for node "test.sales_etl.unique_transaction"
[0m06:10:00.339143 [debug] [Thread-3 (]: Using snowflake connection "test.sales_etl.unique_transaction"
[0m06:10:00.339426 [debug] [Thread-3 (]: On test.sales_etl.unique_transaction: select
      count(*) as failures,
      count(*) != 0 as should_warn,
      count(*) != 0 as should_error
    from (
      
    
  select
    store_token,
    transaction_id,
    count(*)
from SALES_DB.SILVER.silver_sales
group by
    store_token,
    transaction_id
having count(*) > 1
  
  
      
    ) dbt_internal_test
/* {"app": "dbt", "dbt_version": "1.11.11", "profile_name": "sales_etl", "target_name": "dev", "node_id": "test.sales_etl.unique_transaction"} */
[0m06:10:00.568724 [debug] [Thread-2 (]: SQL status: SUCCESS 1 in 0.282 seconds
[0m06:10:00.573132 [info ] [Thread-2 (]: 5 of 7 PASS unique_silver_stores_store_token ................................... [[32mPASS[0m in 0.29s]
[0m06:10:00.574274 [debug] [Thread-2 (]: Finished running node test.sales_etl.unique_silver_stores_store_token.2ae0e77f54
[0m06:10:00.574936 [debug] [Thread-2 (]: Began running node test.sales_etl.valid_store_token
[0m06:10:00.575475 [info ] [Thread-2 (]: 7 of 7 START test valid_store_token ............................................ [RUN]
[0m06:10:00.576113 [debug] [Thread-2 (]: Re-using an available connection from the pool (formerly test.sales_etl.unique_silver_stores_store_token.2ae0e77f54, now test.sales_etl.valid_store_token)
[0m06:10:00.576573 [debug] [Thread-2 (]: Began compiling node test.sales_etl.valid_store_token
[0m06:10:00.579201 [debug] [Thread-2 (]: Writing injected SQL for node "test.sales_etl.valid_store_token"
[0m06:10:00.579619 [debug] [Thread-2 (]: Began executing node test.sales_etl.valid_store_token
[0m06:10:00.580912 [debug] [Thread-2 (]: Writing runtime sql for node "test.sales_etl.valid_store_token"
[0m06:10:00.581490 [debug] [Thread-2 (]: Using snowflake connection "test.sales_etl.valid_store_token"
[0m06:10:00.581726 [debug] [Thread-2 (]: On test.sales_etl.valid_store_token: select
      count(*) as failures,
      count(*) != 0 as should_warn,
      count(*) != 0 as should_error
    from (
      
    
  select
    s.store_token
from SALES_DB.SILVER.silver_sales s
left join SALES_DB.SILVER.silver_stores st
    on s.store_token = st.store_token
where st.store_token is null
  
  
      
    ) dbt_internal_test
/* {"app": "dbt", "dbt_version": "1.11.11", "profile_name": "sales_etl", "target_name": "dev", "node_id": "test.sales_etl.valid_store_token"} */
[0m06:10:00.876059 [debug] [Thread-4 (]: SQL status: SUCCESS 1 in 0.913 seconds
[0m06:10:00.877608 [info ] [Thread-4 (]: 3 of 7 PASS not_null_silver_sales_transaction_id ............................... [[32mPASS[0m in 0.97s]
[0m06:10:00.878036 [debug] [Thread-4 (]: Finished running node test.sales_etl.not_null_silver_sales_transaction_id.728e50eea6
[0m06:10:01.019666 [debug] [Thread-2 (]: SQL status: SUCCESS 1 in 0.438 seconds
[0m06:10:01.021214 [info ] [Thread-2 (]: 7 of 7 PASS valid_store_token .................................................. [[32mPASS[0m in 0.45s]
[0m06:10:01.021650 [debug] [Thread-2 (]: Finished running node test.sales_etl.valid_store_token
[0m06:10:01.435333 [debug] [Thread-3 (]: SQL status: SUCCESS 1 in 1.096 seconds
[0m06:10:01.437280 [info ] [Thread-3 (]: 6 of 7 PASS unique_transaction ................................................. [[32mPASS[0m in 1.10s]
[0m06:10:01.437959 [debug] [Thread-3 (]: Finished running node test.sales_etl.unique_transaction
[0m06:10:01.492396 [debug] [Thread-5 (]: SQL status: SUCCESS 1 in 1.529 seconds
[0m06:10:01.494006 [info ] [Thread-5 (]: 4 of 7 PASS not_null_silver_stores_store_token ................................. [[32mPASS[0m in 1.59s]
[0m06:10:01.494441 [debug] [Thread-5 (]: Finished running node test.sales_etl.not_null_silver_stores_store_token.6cfdf18669
[0m06:10:01.495695 [debug] [MainThread]: Connection 'master' was properly closed.
[0m06:10:01.495948 [debug] [MainThread]: Connection 'test.sales_etl.valid_store_token' was left open.
[0m06:10:01.496145 [debug] [MainThread]: On test.sales_etl.valid_store_token: Close
[0m06:10:01.814525 [debug] [MainThread]: Connection 'test.sales_etl.unique_transaction' was left open.
[0m06:10:01.815785 [debug] [MainThread]: On test.sales_etl.unique_transaction: Close
[0m06:10:02.133126 [debug] [MainThread]: Connection 'test.sales_etl.not_null_silver_sales_transaction_id.728e50eea6' was left open.
[0m06:10:02.134272 [debug] [MainThread]: On test.sales_etl.not_null_silver_sales_transaction_id.728e50eea6: Close
[0m06:10:02.441735 [debug] [MainThread]: Connection 'test.sales_etl.not_null_silver_stores_store_token.6cfdf18669' was left open.
[0m06:10:02.442260 [debug] [MainThread]: On test.sales_etl.not_null_silver_stores_store_token.6cfdf18669: Close
[0m06:10:02.752223 [info ] [MainThread]: 
[0m06:10:02.753617 [info ] [MainThread]: Finished running 7 data tests in 0 hours 0 minutes and 4.44 seconds (4.44s).
[0m06:10:02.756793 [debug] [MainThread]: Command end result
[0m06:10:02.777907 [debug] [MainThread]: Wrote artifact WritableManifest to /opt/airflow/dbt/target/manifest.json
[0m06:10:02.779084 [debug] [MainThread]: Wrote artifact SemanticManifest to /opt/airflow/dbt/target/semantic_manifest.json
[0m06:10:02.783667 [debug] [MainThread]: Wrote artifact RunExecutionResult to /opt/airflow/dbt/target/run_results.json
[0m06:10:02.783922 [info ] [MainThread]: 
[0m06:10:02.784169 [info ] [MainThread]: [32mCompleted successfully[0m
[0m06:10:02.784369 [info ] [MainThread]: 
[0m06:10:02.784612 [info ] [MainThread]: Done. PASS=7 WARN=0 ERROR=0 SKIP=0 NO-OP=0 TOTAL=7
[0m06:10:02.785292 [debug] [MainThread]: Resource report: {"command_name": "test", "command_success": true, "command_wall_clock_time": 5.475839, "process_in_blocks": "400", "process_kernel_time": 1.312613, "process_mem_max_rss": "233568", "process_out_blocks": "2736", "process_user_time": 3.091444}
[0m06:10:02.785621 [debug] [MainThread]: Command `dbt test` succeeded at 06:10:02.785551 after 5.48 seconds
[0m06:10:02.785873 [debug] [MainThread]: Sending event: {'category': 'dbt', 'action': 'invocation', 'label': 'end', 'context': [<snowplow_tracker.self_describing_json.SelfDescribingJson object at 0x797dec83d1f0>, <snowplow_tracker.self_describing_json.SelfDescribingJson object at 0x797dedd277d0>, <snowplow_tracker.self_describing_json.SelfDescribingJson object at 0x797db8877b30>]}
[0m06:10:02.786122 [debug] [MainThread]: Flushing usage events
[0m06:10:03.353941 [debug] [MainThread]: An error was encountered while trying to flush usage events
[0m06:10:05.843267 [debug] [MainThread]: Sending event: {'category': 'dbt', 'action': 'invocation', 'label': 'start', 'context': [<snowplow_tracker.self_describing_json.SelfDescribingJson object at 0x77c09f238da0>, <snowplow_tracker.self_describing_json.SelfDescribingJson object at 0x77c09fb73680>, <snowplow_tracker.self_describing_json.SelfDescribingJson object at 0x77c0a03ad190>]}


============================== 06:10:05.847837 | 60f311cd-13a5-4de5-8dcd-374dff81d59a ==============================
[0m06:10:05.847837 [info ] [MainThread]: Running with dbt=1.11.11
[0m06:10:05.848204 [debug] [MainThread]: running dbt with arguments {'version_check': 'True', 'printer_width': '80', 'send_anonymous_usage_stats': 'True', 'invocation_command': 'dbt run --select gold', 'log_format': 'default', 'indirect_selection': 'eager', 'empty': 'False', 'warn_error_options': 'WarnErrorOptionsV2(error=[], warn=[], silence=[])', 'profiles_dir': '/opt/airflow/dbt', 'cache_selected_only': 'False', 'use_experimental_parser': 'False', 'quiet': 'False', 'introspect': 'True', 'use_colors': 'True', 'log_path': '/opt/airflow/dbt/logs', 'warn_error': 'None', 'debug': 'False', 'static_parser': 'True', 'write_json': 'True', 'no_print': 'None', 'log_cache_events': 'False', 'partial_parse': 'True', 'fail_fast': 'False', 'target_path': 'None'}
[0m06:10:06.254182 [debug] [MainThread]: Snowflake adapter: Setting snowflake.connector to ERROR (file logging only)
[0m06:10:06.254828 [debug] [MainThread]: Snowflake adapter: Setting botocore to ERROR (file logging only)
[0m06:10:06.255067 [debug] [MainThread]: Snowflake adapter: Setting boto3 to ERROR (file logging only)
[0m06:10:06.376922 [debug] [MainThread]: Sending event: {'category': 'dbt', 'action': 'project_id', 'label': '60f311cd-13a5-4de5-8dcd-374dff81d59a', 'context': [<snowplow_tracker.self_describing_json.SelfDescribingJson object at 0x77c0981f5eb0>]}
[0m06:10:06.420579 [debug] [MainThread]: Sending event: {'category': 'dbt', 'action': 'adapter_info', 'label': '60f311cd-13a5-4de5-8dcd-374dff81d59a', 'context': [<snowplow_tracker.self_describing_json.SelfDescribingJson object at 0x77c09e1c58e0>]}
[0m06:10:06.421488 [info ] [MainThread]: Registered adapter: snowflake=1.11.5
[0m06:10:06.500188 [debug] [MainThread]: checksum: 30a8cc8fdcbf66701b0944d4ccce3fa46dd04b61e5df68b9f16d57b2e0e3f0be, vars: {}, profile: , target: , version: 1.11.11
[0m06:10:06.581259 [debug] [MainThread]: Partial parsing enabled: 0 files deleted, 0 files added, 0 files changed.
[0m06:10:06.581577 [debug] [MainThread]: Nothing changed, skipping partial parsing.
[0m06:10:06.581778 [debug] [MainThread]: Partial parsing enabled, no changes found, skipping parsing
[0m06:10:06.615165 [debug] [MainThread]: Sending event: {'category': 'dbt', 'action': 'load_project', 'label': '60f311cd-13a5-4de5-8dcd-374dff81d59a', 'context': [<snowplow_tracker.self_describing_json.SelfDescribingJson object at 0x77c06ca318b0>]}
[0m06:10:06.682257 [debug] [MainThread]: Wrote artifact WritableManifest to /opt/airflow/dbt/target/manifest.json
[0m06:10:06.683424 [debug] [MainThread]: Wrote artifact SemanticManifest to /opt/airflow/dbt/target/semantic_manifest.json
[0m06:10:06.693390 [debug] [MainThread]: Sending event: {'category': 'dbt', 'action': 'resource_counts', 'label': '60f311cd-13a5-4de5-8dcd-374dff81d59a', 'context': [<snowplow_tracker.self_describing_json.SelfDescribingJson object at 0x77c067fa2ae0>]}
[0m06:10:06.693736 [info ] [MainThread]: Found 5 models, 7 data tests, 3 sources, 537 macros
[0m06:10:06.693997 [debug] [MainThread]: Sending event: {'category': 'dbt', 'action': 'runnable_timing', 'label': '60f311cd-13a5-4de5-8dcd-374dff81d59a', 'context': [<snowplow_tracker.self_describing_json.SelfDescribingJson object at 0x77c06d48b2c0>]}
[0m06:10:06.695162 [info ] [MainThread]: 
[0m06:10:06.695442 [info ] [MainThread]: Concurrency: 4 threads (target='dev')
[0m06:10:06.695726 [info ] [MainThread]: 
[0m06:10:06.696110 [debug] [MainThread]: Acquiring new snowflake connection 'master'
[0m06:10:06.699127 [debug] [ThreadPool]: Acquiring new snowflake connection 'list_SALES_DB'
[0m06:10:06.722100 [debug] [ThreadPool]: Using snowflake connection "list_SALES_DB"
[0m06:10:06.722551 [debug] [ThreadPool]: On list_SALES_DB: show terse schemas in database SALES_DB
    limit 10000
/* {"app": "dbt", "dbt_version": "1.11.11", "profile_name": "sales_etl", "target_name": "dev", "connection_name": "list_SALES_DB"} */
[0m06:10:06.722842 [debug] [ThreadPool]: Opening a new connection, currently in state init
[0m06:10:07.625248 [debug] [ThreadPool]: SQL status: SUCCESS 6 in 0.902 seconds
[0m06:10:07.629998 [debug] [ThreadPool]: Re-using an available connection from the pool (formerly list_SALES_DB, now list_SALES_DB_SILVER)
[0m06:10:07.631497 [debug] [ThreadPool]: Acquiring new snowflake connection 'list_SALES_DB_GOLD'
[0m06:10:07.651071 [debug] [ThreadPool]: Using snowflake connection "list_SALES_DB_SILVER"
[0m06:10:07.652919 [debug] [ThreadPool]: Using snowflake connection "list_SALES_DB_GOLD"
[0m06:10:07.653365 [debug] [ThreadPool]: On list_SALES_DB_SILVER: show objects in SALES_DB.SILVER
    limit 10000
    

/* {"app": "dbt", "dbt_version": "1.11.11", "profile_name": "sales_etl", "target_name": "dev", "connection_name": "list_SALES_DB_SILVER"} */;
[0m06:10:07.653745 [debug] [ThreadPool]: On list_SALES_DB_GOLD: show objects in SALES_DB.GOLD
    limit 10000
    

/* {"app": "dbt", "dbt_version": "1.11.11", "profile_name": "sales_etl", "target_name": "dev", "connection_name": "list_SALES_DB_GOLD"} */;
[0m06:10:07.654276 [debug] [ThreadPool]: Opening a new connection, currently in state init
[0m06:10:07.862834 [debug] [ThreadPool]: SQL status: SUCCESS 2 in 0.209 seconds
[0m06:10:09.151225 [debug] [ThreadPool]: SQL status: SUCCESS 3 in 1.497 seconds
[0m06:10:09.153333 [debug] [MainThread]: Sending event: {'category': 'dbt', 'action': 'runnable_timing', 'label': '60f311cd-13a5-4de5-8dcd-374dff81d59a', 'context': [<snowplow_tracker.self_describing_json.SelfDescribingJson object at 0x77c06755fdd0>]}
[0m06:10:09.156310 [debug] [Thread-2 (]: Began running node model.sales_etl.rpt_sales_by_transaction_date
[0m06:10:09.156739 [debug] [Thread-3 (]: Began running node model.sales_etl.rpt_top_5_sales_stores
[0m06:10:09.157187 [debug] [Thread-4 (]: Began running node model.sales_etl.rpt_transactions_by_batch
[0m06:10:09.157788 [info ] [Thread-2 (]: 1 of 3 START sql table model GOLD.rpt_sales_by_transaction_date ................ [RUN]
[0m06:10:09.158403 [info ] [Thread-3 (]: 2 of 3 START sql table model GOLD.rpt_top_5_sales_stores ....................... [RUN]
[0m06:10:09.158972 [info ] [Thread-4 (]: 3 of 3 START sql table model GOLD.rpt_transactions_by_batch .................... [RUN]
[0m06:10:09.159470 [debug] [Thread-2 (]: Re-using an available connection from the pool (formerly list_SALES_DB_GOLD, now model.sales_etl.rpt_sales_by_transaction_date)
[0m06:10:09.159947 [debug] [Thread-3 (]: Re-using an available connection from the pool (formerly list_SALES_DB_SILVER, now model.sales_etl.rpt_top_5_sales_stores)
[0m06:10:09.160467 [debug] [Thread-4 (]: Acquiring new snowflake connection 'model.sales_etl.rpt_transactions_by_batch'
[0m06:10:09.160919 [debug] [Thread-2 (]: Began compiling node model.sales_etl.rpt_sales_by_transaction_date
[0m06:10:09.161370 [debug] [Thread-3 (]: Began compiling node model.sales_etl.rpt_top_5_sales_stores
[0m06:10:09.161777 [debug] [Thread-4 (]: Began compiling node model.sales_etl.rpt_transactions_by_batch
[0m06:10:09.168571 [debug] [Thread-2 (]: Writing injected SQL for node "model.sales_etl.rpt_sales_by_transaction_date"
[0m06:10:09.171282 [debug] [Thread-3 (]: Writing injected SQL for node "model.sales_etl.rpt_top_5_sales_stores"
[0m06:10:09.173985 [debug] [Thread-4 (]: Writing injected SQL for node "model.sales_etl.rpt_transactions_by_batch"
[0m06:10:09.175080 [debug] [Thread-2 (]: Began executing node model.sales_etl.rpt_sales_by_transaction_date
[0m06:10:09.175613 [debug] [Thread-3 (]: Began executing node model.sales_etl.rpt_top_5_sales_stores
[0m06:10:09.186353 [debug] [Thread-4 (]: Began executing node model.sales_etl.rpt_transactions_by_batch
[0m06:10:09.195471 [debug] [Thread-2 (]: Writing runtime sql for node "model.sales_etl.rpt_sales_by_transaction_date"
[0m06:10:09.197761 [debug] [Thread-3 (]: Writing runtime sql for node "model.sales_etl.rpt_top_5_sales_stores"
[0m06:10:09.200031 [debug] [Thread-4 (]: Writing runtime sql for node "model.sales_etl.rpt_transactions_by_batch"
[0m06:10:09.201256 [debug] [Thread-2 (]: Using snowflake connection "model.sales_etl.rpt_sales_by_transaction_date"
[0m06:10:09.201792 [debug] [Thread-2 (]: On model.sales_etl.rpt_sales_by_transaction_date: create or replace transient table SALES_DB.GOLD.rpt_sales_by_transaction_date
    
    
    
    as (with sales as (

    select *
    from SALES_DB.SILVER.silver_sales

),

daily as (

    select
        current_date() as snapshot_date,
        cast(transaction_timestamp as date)
            as transaction_date,
        count(distinct store_token)
            as stores_with_transactions,
        sum(amount)
            as total_sales_amount,
        avg(amount)
            as total_sales_average
    from sales
    group by 2

),

monthly as (

    select
        *,
        sum(total_sales_amount) over (
            partition by
                date_trunc(
                    month,
                    transaction_date
                )
            order by transaction_date
        ) as monthly_accumulated_sales
    from daily
    
)

select *
from monthly
qualify row_number() over (
    order by transaction_date desc
) <= 40
    )

/* {"app": "dbt", "dbt_version": "1.11.11", "profile_name": "sales_etl", "target_name": "dev", "node_id": "model.sales_etl.rpt_sales_by_transaction_date"} */;
[0m06:10:09.202846 [debug] [Thread-4 (]: Using snowflake connection "model.sales_etl.rpt_transactions_by_batch"
[0m06:10:09.203118 [debug] [Thread-4 (]: On model.sales_etl.rpt_transactions_by_batch: create or replace transient table SALES_DB.GOLD.rpt_transactions_by_batch
    
    
    
    as (with sales as (

    select *
    from SALES_DB.SILVER.silver_sales

),

audit as (

    select *
    from SALES_DB.RAW.file_audit
    where file_type = 'SALES'

)

select
    current_date() as snapshot_date,
    s.batch_date,
    max(a.rows_loaded) as total_processed_raw_transactions,
    count_if(s.is_valid_record) as valid_transactions,
    count_if(not s.is_valid_record) as invalid_transactions,
    max(a.load_timestamp)::date as processing_date
from sales s
left join audit a
    on s.batch_date = a.batch_date
group by
    s.batch_date
qualify row_number() over (
    order by s.batch_date desc
) <= 40
    )

/* {"app": "dbt", "dbt_version": "1.11.11", "profile_name": "sales_etl", "target_name": "dev", "node_id": "model.sales_etl.rpt_transactions_by_batch"} */;
[0m06:10:09.203485 [debug] [Thread-4 (]: Opening a new connection, currently in state init
[0m06:10:09.205457 [debug] [Thread-3 (]: Using snowflake connection "model.sales_etl.rpt_top_5_sales_stores"
[0m06:10:09.206137 [debug] [Thread-3 (]: On model.sales_etl.rpt_top_5_sales_stores: create or replace transient table SALES_DB.GOLD.rpt_top_5_sales_stores
    
    
    
    as (with sales as (

    select *
    from SALES_DB.SILVER.silver_sales

),

stores as (

    select *
    from SALES_DB.SILVER.silver_stores

),

daily_sales as (

    select
        cast(
            transaction_timestamp as date
        ) as transaction_date,
        store_token,
        sum(amount) as total_sales
    from sales
    group by 1,2

),

ranked as (

    select
        *,
        dense_rank() over (
            partition by transaction_date
            order by total_sales desc
        ) as rank_id

    from daily_sales

)

select
    current_date() as snapshot_date,
    r.transaction_date,
    r.rank_id,
    r.total_sales,
    r.store_token,
    s.store_name
from ranked r
join stores s
    on r.store_token = s.store_token
where rank_id <= 5
qualify row_number() over (
    order by transaction_date desc
) <= 50
    )

/* {"app": "dbt", "dbt_version": "1.11.11", "profile_name": "sales_etl", "target_name": "dev", "node_id": "model.sales_etl.rpt_top_5_sales_stores"} */;
[0m06:10:10.124141 [debug] [Thread-3 (]: SQL status: SUCCESS 15 in 0.917 seconds
[0m06:10:10.145547 [debug] [Thread-3 (]: Sending event: {'category': 'dbt', 'action': 'run_model', 'label': '60f311cd-13a5-4de5-8dcd-374dff81d59a', 'context': [<snowplow_tracker.self_describing_json.SelfDescribingJson object at 0x77c09f7eb830>]}
[0m06:10:10.146091 [info ] [Thread-3 (]: 2 of 3 OK created sql table model GOLD.rpt_top_5_sales_stores .................. [[32mSUCCESS 15[0m in 0.98s]
[0m06:10:10.146620 [debug] [Thread-3 (]: Finished running node model.sales_etl.rpt_top_5_sales_stores
[0m06:10:10.309146 [debug] [Thread-2 (]: SQL status: SUCCESS 3 in 1.107 seconds
[0m06:10:10.313001 [debug] [Thread-2 (]: Sending event: {'category': 'dbt', 'action': 'run_model', 'label': '60f311cd-13a5-4de5-8dcd-374dff81d59a', 'context': [<snowplow_tracker.self_describing_json.SelfDescribingJson object at 0x77c066d8f0e0>]}
[0m06:10:10.313703 [info ] [Thread-2 (]: 1 of 3 OK created sql table model GOLD.rpt_sales_by_transaction_date ........... [[32mSUCCESS 3[0m in 1.15s]
[0m06:10:10.314324 [debug] [Thread-2 (]: Finished running node model.sales_etl.rpt_sales_by_transaction_date
[0m06:10:10.909576 [debug] [Thread-4 (]: SQL status: SUCCESS 3 in 1.706 seconds
[0m06:10:10.912280 [debug] [Thread-4 (]: Sending event: {'category': 'dbt', 'action': 'run_model', 'label': '60f311cd-13a5-4de5-8dcd-374dff81d59a', 'context': [<snowplow_tracker.self_describing_json.SelfDescribingJson object at 0x77c066dac410>]}
[0m06:10:10.912767 [info ] [Thread-4 (]: 3 of 3 OK created sql table model GOLD.rpt_transactions_by_batch ............... [[32mSUCCESS 3[0m in 1.75s]
[0m06:10:10.913264 [debug] [Thread-4 (]: Finished running node model.sales_etl.rpt_transactions_by_batch
[0m06:10:10.914842 [debug] [MainThread]: Connection 'master' was properly closed.
[0m06:10:10.915083 [debug] [MainThread]: Connection 'model.sales_etl.rpt_top_5_sales_stores' was left open.
[0m06:10:10.915295 [debug] [MainThread]: On model.sales_etl.rpt_top_5_sales_stores: Close
[0m06:10:11.216816 [debug] [MainThread]: Connection 'model.sales_etl.rpt_sales_by_transaction_date' was left open.
[0m06:10:11.217853 [debug] [MainThread]: On model.sales_etl.rpt_sales_by_transaction_date: Close
[0m06:10:11.519205 [debug] [MainThread]: Connection 'model.sales_etl.rpt_transactions_by_batch' was left open.
[0m06:10:11.519929 [debug] [MainThread]: On model.sales_etl.rpt_transactions_by_batch: Close
[0m06:10:11.814296 [info ] [MainThread]: 
[0m06:10:11.815500 [info ] [MainThread]: Finished running 3 table models in 0 hours 0 minutes and 5.12 seconds (5.12s).
[0m06:10:11.817405 [debug] [MainThread]: Command end result
[0m06:10:11.839366 [debug] [MainThread]: Wrote artifact WritableManifest to /opt/airflow/dbt/target/manifest.json
[0m06:10:11.840732 [debug] [MainThread]: Wrote artifact SemanticManifest to /opt/airflow/dbt/target/semantic_manifest.json
[0m06:10:11.844649 [debug] [MainThread]: Wrote artifact RunExecutionResult to /opt/airflow/dbt/target/run_results.json
[0m06:10:11.844880 [info ] [MainThread]: 
[0m06:10:11.845119 [info ] [MainThread]: [32mCompleted successfully[0m
[0m06:10:11.845320 [info ] [MainThread]: 
[0m06:10:11.845543 [info ] [MainThread]: Done. PASS=3 WARN=0 ERROR=0 SKIP=0 NO-OP=0 TOTAL=3
[0m06:10:11.846143 [debug] [MainThread]: Resource report: {"command_name": "run", "command_success": true, "command_wall_clock_time": 6.041191, "process_in_blocks": "0", "process_kernel_time": 1.345529, "process_mem_max_rss": "230244", "process_out_blocks": "2656", "process_user_time": 2.830803}
[0m06:10:11.846474 [debug] [MainThread]: Command `dbt run` succeeded at 06:10:11.846391 after 6.04 seconds
[0m06:10:11.846723 [debug] [MainThread]: Sending event: {'category': 'dbt', 'action': 'invocation', 'label': 'end', 'context': [<snowplow_tracker.self_describing_json.SelfDescribingJson object at 0x77c06d067e00>, <snowplow_tracker.self_describing_json.SelfDescribingJson object at 0x77c09e89a870>, <snowplow_tracker.self_describing_json.SelfDescribingJson object at 0x77c066326e70>]}
[0m06:10:11.846958 [debug] [MainThread]: Flushing usage events
[0m06:10:12.412734 [debug] [MainThread]: An error was encountered while trying to flush usage events
[0m03:34:28.931219 [debug] [MainThread]: Sending event: {'category': 'dbt', 'action': 'invocation', 'label': 'start', 'context': [<snowplow_tracker.self_describing_json.SelfDescribingJson object at 0x76f6d9a16600>, <snowplow_tracker.self_describing_json.SelfDescribingJson object at 0x76f6dc0751c0>, <snowplow_tracker.self_describing_json.SelfDescribingJson object at 0x76f6da132ab0>]}


============================== 03:34:28.934316 | a5dc8a0f-1477-45cd-b345-f5bf21da4d98 ==============================
[0m03:34:28.934316 [info ] [MainThread]: Running with dbt=1.11.11
[0m03:34:28.934899 [debug] [MainThread]: running dbt with arguments {'cache_selected_only': 'False', 'introspect': 'True', 'warn_error': 'None', 'partial_parse': 'True', 'quiet': 'False', 'version_check': 'True', 'use_colors': 'True', 'log_path': '/home/yamir/Documentos/interviews/R2/demo/sales_etl_platform/dbt/logs', 'printer_width': '80', 'profiles_dir': '/home/yamir/Documentos/interviews/R2/demo/sales_etl_platform/dbt', 'send_anonymous_usage_stats': 'True', 'warn_error_options': 'WarnErrorOptionsV2(error=[], warn=[], silence=[])', 'debug': 'False', 'use_experimental_parser': 'False', 'write_json': 'True', 'log_format': 'default', 'no_print': 'None', 'invocation_command': 'dbt debug', 'empty': 'None', 'target_path': 'None', 'static_parser': 'True', 'indirect_selection': 'eager', 'log_cache_events': 'False', 'fail_fast': 'False'}
[0m03:34:28.942666 [info ] [MainThread]: dbt version: 1.11.11
[0m03:34:28.942936 [info ] [MainThread]: python version: 3.12.3
[0m03:34:28.943184 [info ] [MainThread]: python path: /home/yamir/Documentos/interviews/R2/demo/sales_etl_platform/dbt/venv/bin/python3
[0m03:34:28.943408 [info ] [MainThread]: os info: Linux-6.8.0-51-generic-x86_64-with-glibc2.39
[0m03:34:29.080414 [debug] [MainThread]: Snowflake adapter: Setting snowflake.connector to ERROR (file logging only)
[0m03:34:29.080782 [debug] [MainThread]: Snowflake adapter: Setting botocore to ERROR (file logging only)
[0m03:34:29.081011 [debug] [MainThread]: Snowflake adapter: Setting boto3 to ERROR (file logging only)
[0m03:34:29.166678 [info ] [MainThread]: Using profiles dir at /home/yamir/Documentos/interviews/R2/demo/sales_etl_platform/dbt
[0m03:34:29.167006 [info ] [MainThread]: Using profiles.yml file at /home/yamir/Documentos/interviews/R2/demo/sales_etl_platform/dbt/profiles.yml
[0m03:34:29.167249 [info ] [MainThread]: Using dbt_project.yml file at /home/yamir/Documentos/interviews/R2/demo/sales_etl_platform/dbt/dbt_project.yml
[0m03:34:29.167555 [info ] [MainThread]: adapter type: snowflake
[0m03:34:29.167778 [info ] [MainThread]: adapter version: 1.11.5
[0m03:34:29.248116 [info ] [MainThread]: Configuration:
[0m03:34:29.248657 [info ] [MainThread]:   profiles.yml file [[32mOK found and valid[0m]
[0m03:34:29.248974 [info ] [MainThread]:   dbt_project.yml file [[32mOK found and valid[0m]
[0m03:34:29.249208 [info ] [MainThread]: Required dependencies:
[0m03:34:29.249449 [debug] [MainThread]: Executing "git --help"
[0m03:34:29.251176 [debug] [MainThread]: STDOUT: "b"usage: git [-v | --version] [-h | --help] [-C <path>] [-c <name>=<value>]\n           [--exec-path[=<path>]] [--html-path] [--man-path] [--info-path]\n           [-p | --paginate | -P | --no-pager] [--no-replace-objects] [--bare]\n           [--git-dir=<path>] [--work-tree=<path>] [--namespace=<name>]\n           [--config-env=<name>=<envvar>] <command> [<args>]\n\nThese are common Git commands used in various situations:\n\nstart a working area (see also: git help tutorial)\n   clone     Clone a repository into a new directory\n   init      Create an empty Git repository or reinitialize an existing one\n\nwork on the current change (see also: git help everyday)\n   add       Add file contents to the index\n   mv        Move or rename a file, a directory, or a symlink\n   restore   Restore working tree files\n   rm        Remove files from the working tree and from the index\n\nexamine the history and state (see also: git help revisions)\n   bisect    Use binary search to find the commit that introduced a bug\n   diff      Show changes between commits, commit and working tree, etc\n   grep      Print lines matching a pattern\n   log       Show commit logs\n   show      Show various types of objects\n   status    Show the working tree status\n\ngrow, mark and tweak your common history\n   branch    List, create, or delete branches\n   commit    Record changes to the repository\n   merge     Join two or more development histories together\n   rebase    Reapply commits on top of another base tip\n   reset     Reset current HEAD to the specified state\n   switch    Switch branches\n   tag       Create, list, delete or verify a tag object signed with GPG\n\ncollaborate (see also: git help workflows)\n   fetch     Download objects and refs from another repository\n   pull      Fetch from and integrate with another repository or a local branch\n   push      Update remote refs along with associated objects\n\n'git help -a' and 'git help -g' list available subcommands and some\nconcept guides. See 'git help <command>' or 'git help <concept>'\nto read about a specific subcommand or concept.\nSee 'git help git' for an overview of the system.\n""
[0m03:34:29.251547 [debug] [MainThread]: STDERR: "b''"
[0m03:34:29.251793 [info ] [MainThread]:  - git [[32mOK found[0m]

[0m03:34:29.252138 [info ] [MainThread]: Connection:
[0m03:34:29.252538 [info ] [MainThread]:   account: GTFKWVR-TDC55215
[0m03:34:29.252965 [info ] [MainThread]:   user: yaminpal
[0m03:34:29.253342 [info ] [MainThread]:   database: SALES_DB
[0m03:34:29.253691 [info ] [MainThread]:   warehouse: COMPUTE_WH
[0m03:34:29.253970 [info ] [MainThread]:   role: ACCOUNTADMIN
[0m03:34:29.254208 [info ] [MainThread]:   schema: RAW
[0m03:34:29.254433 [info ] [MainThread]:   authenticator: None
[0m03:34:29.254642 [info ] [MainThread]:   oauth_client_id: None
[0m03:34:29.254865 [info ] [MainThread]:   query_tag: None
[0m03:34:29.255085 [info ] [MainThread]:   client_session_keep_alive: False
[0m03:34:29.255294 [info ] [MainThread]:   host: None
[0m03:34:29.255504 [info ] [MainThread]:   port: None
[0m03:34:29.255712 [info ] [MainThread]:   proxy_host: None
[0m03:34:29.255932 [info ] [MainThread]:   proxy_port: None
[0m03:34:29.256151 [info ] [MainThread]:   protocol: None
[0m03:34:29.256358 [info ] [MainThread]:   connect_retries: 1
[0m03:34:29.256575 [info ] [MainThread]:   connect_timeout: None
[0m03:34:29.256815 [info ] [MainThread]:   retry_on_database_errors: False
[0m03:34:29.257075 [info ] [MainThread]:   retry_all: False
[0m03:34:29.257309 [info ] [MainThread]:   insecure_mode: False
[0m03:34:29.257550 [info ] [MainThread]:   reuse_connections: True
[0m03:34:29.257771 [info ] [MainThread]:   s3_stage_vpce_dns_name: None
[0m03:34:29.257985 [info ] [MainThread]:   platform_detection_timeout_seconds: 0.0
[0m03:34:29.258364 [info ] [MainThread]: Registered adapter: snowflake=1.11.5
[0m03:34:29.336957 [debug] [MainThread]: Acquiring new snowflake connection 'debug'
[0m03:34:29.351224 [debug] [MainThread]: Using snowflake connection "debug"
[0m03:34:29.351594 [debug] [MainThread]: On debug: select 1 as id
[0m03:34:29.351879 [debug] [MainThread]: Opening a new connection, currently in state init
[0m03:34:30.910998 [debug] [MainThread]: SQL status: SUCCESS 1 in 1.559 seconds
[0m03:34:30.913514 [info ] [MainThread]:   Connection test: [[32mOK connection ok[0m]

[0m03:34:30.913817 [info ] [MainThread]: [32mAll checks passed![0m
[0m03:34:30.914469 [debug] [MainThread]: Resource report: {"command_name": "debug", "command_success": true, "command_wall_clock_time": 2.020496, "process_in_blocks": "0", "process_kernel_time": 0.141752, "process_mem_max_rss": "144176", "process_out_blocks": "40", "process_user_time": 1.247824}
[0m03:34:30.914816 [debug] [MainThread]: Command `dbt debug` succeeded at 03:34:30.914755 after 2.02 seconds
[0m03:34:30.915036 [debug] [MainThread]: Connection 'debug' was left open.
[0m03:34:30.915234 [debug] [MainThread]: On debug: Close
[0m03:34:31.232125 [debug] [MainThread]: Sending event: {'category': 'dbt', 'action': 'invocation', 'label': 'end', 'context': [<snowplow_tracker.self_describing_json.SelfDescribingJson object at 0x76f6d7f061b0>, <snowplow_tracker.self_describing_json.SelfDescribingJson object at 0x76f6d90d3980>, <snowplow_tracker.self_describing_json.SelfDescribingJson object at 0x76f6d66cc1a0>]}
[0m03:34:31.233168 [debug] [MainThread]: Flushing usage events
[0m03:34:31.833268 [debug] [MainThread]: An error was encountered while trying to flush usage events
[0m03:35:41.201720 [debug] [MainThread]: Sending event: {'category': 'dbt', 'action': 'invocation', 'label': 'start', 'context': [<snowplow_tracker.self_describing_json.SelfDescribingJson object at 0x7b764d400200>, <snowplow_tracker.self_describing_json.SelfDescribingJson object at 0x7b764f1e4800>, <snowplow_tracker.self_describing_json.SelfDescribingJson object at 0x7b764cf5e480>]}


============================== 03:35:41.204843 | 3145e730-507c-4cb5-8f39-c28d594aa406 ==============================
[0m03:35:41.204843 [info ] [MainThread]: Running with dbt=1.11.11
[0m03:35:41.205399 [debug] [MainThread]: running dbt with arguments {'log_path': '/home/yamir/Documentos/interviews/R2/demo/sales_etl_platform/dbt/logs', 'version_check': 'True', 'warn_error_options': 'WarnErrorOptionsV2(error=[], warn=[], silence=[])', 'use_experimental_parser': 'False', 'empty': 'None', 'indirect_selection': 'eager', 'log_format': 'default', 'warn_error': 'None', 'quiet': 'False', 'static_parser': 'True', 'use_colors': 'True', 'send_anonymous_usage_stats': 'True', 'partial_parse': 'True', 'target_path': 'None', 'invocation_command': 'dbt docs generate', 'printer_width': '80', 'fail_fast': 'False', 'cache_selected_only': 'False', 'log_cache_events': 'False', 'profiles_dir': '/home/yamir/Documentos/interviews/R2/demo/sales_etl_platform/dbt', 'debug': 'False', 'introspect': 'True', 'no_print': 'None', 'write_json': 'True'}
[0m03:35:41.346137 [debug] [MainThread]: Snowflake adapter: Setting snowflake.connector to ERROR (file logging only)
[0m03:35:41.346551 [debug] [MainThread]: Snowflake adapter: Setting botocore to ERROR (file logging only)
[0m03:35:41.346824 [debug] [MainThread]: Snowflake adapter: Setting boto3 to ERROR (file logging only)
[0m03:35:41.501596 [debug] [MainThread]: Sending event: {'category': 'dbt', 'action': 'project_id', 'label': '3145e730-507c-4cb5-8f39-c28d594aa406', 'context': [<snowplow_tracker.self_describing_json.SelfDescribingJson object at 0x7b764cf38290>]}
[0m03:35:41.544263 [debug] [MainThread]: Sending event: {'category': 'dbt', 'action': 'adapter_info', 'label': '3145e730-507c-4cb5-8f39-c28d594aa406', 'context': [<snowplow_tracker.self_describing_json.SelfDescribingJson object at 0x7b764c637860>]}
[0m03:35:41.544930 [info ] [MainThread]: Registered adapter: snowflake=1.11.5
[0m03:35:41.623485 [debug] [MainThread]: checksum: 30a8cc8fdcbf66701b0944d4ccce3fa46dd04b61e5df68b9f16d57b2e0e3f0be, vars: {}, profile: , target: , version: 1.11.11
[0m03:35:41.703032 [debug] [MainThread]: Partial parsing enabled: 0 files deleted, 0 files added, 0 files changed.
[0m03:35:41.703362 [debug] [MainThread]: Nothing changed, skipping partial parsing.
[0m03:35:41.703622 [debug] [MainThread]: Partial parsing enabled, no changes found, skipping parsing
[0m03:35:41.736285 [debug] [MainThread]: Sending event: {'category': 'dbt', 'action': 'load_project', 'label': '3145e730-507c-4cb5-8f39-c28d594aa406', 'context': [<snowplow_tracker.self_describing_json.SelfDescribingJson object at 0x7b764a171c10>]}
[0m03:35:41.741486 [debug] [MainThread]: Sending event: {'category': 'dbt', 'action': 'resource_counts', 'label': '3145e730-507c-4cb5-8f39-c28d594aa406', 'context': [<snowplow_tracker.self_describing_json.SelfDescribingJson object at 0x7b7649fbd3d0>]}
[0m03:35:41.741836 [info ] [MainThread]: Found 5 models, 7 data tests, 3 sources, 537 macros
[0m03:35:41.742114 [debug] [MainThread]: Sending event: {'category': 'dbt', 'action': 'runnable_timing', 'label': '3145e730-507c-4cb5-8f39-c28d594aa406', 'context': [<snowplow_tracker.self_describing_json.SelfDescribingJson object at 0x7b7649f36090>]}
[0m03:35:41.743396 [info ] [MainThread]: 
[0m03:35:41.743662 [info ] [MainThread]: Concurrency: 4 threads (target='dev')
[0m03:35:41.743875 [info ] [MainThread]: 
[0m03:35:41.744170 [debug] [MainThread]: Acquiring new snowflake connection 'master'
[0m03:35:41.747085 [debug] [ThreadPool]: Acquiring new snowflake connection 'list_SALES_DB_SILVER'
[0m03:35:41.755678 [debug] [ThreadPool]: Acquiring new snowflake connection 'list_SALES_DB_GOLD'
[0m03:35:41.790137 [debug] [ThreadPool]: Using snowflake connection "list_SALES_DB_GOLD"
[0m03:35:41.790555 [debug] [ThreadPool]: On list_SALES_DB_GOLD: show objects in SALES_DB.GOLD
    limit 10000
    

/* {"app": "dbt", "dbt_version": "1.11.11", "profile_name": "sales_etl", "target_name": "dev", "connection_name": "list_SALES_DB_GOLD"} */;
[0m03:35:41.790791 [debug] [ThreadPool]: Opening a new connection, currently in state init
[0m03:35:41.791262 [debug] [ThreadPool]: Using snowflake connection "list_SALES_DB_SILVER"
[0m03:35:41.791564 [debug] [ThreadPool]: On list_SALES_DB_SILVER: show objects in SALES_DB.SILVER
    limit 10000
    

/* {"app": "dbt", "dbt_version": "1.11.11", "profile_name": "sales_etl", "target_name": "dev", "connection_name": "list_SALES_DB_SILVER"} */;
[0m03:35:41.791767 [debug] [ThreadPool]: Opening a new connection, currently in state init
[0m03:35:43.270783 [debug] [ThreadPool]: SQL status: SUCCESS 2 in 1.479 seconds
[0m03:35:43.716696 [debug] [ThreadPool]: SQL status: SUCCESS 3 in 1.926 seconds
[0m03:35:43.719829 [debug] [MainThread]: Sending event: {'category': 'dbt', 'action': 'runnable_timing', 'label': '3145e730-507c-4cb5-8f39-c28d594aa406', 'context': [<snowplow_tracker.self_describing_json.SelfDescribingJson object at 0x7b764ab22900>]}
[0m03:35:43.722904 [debug] [Thread-2 (]: Began running node model.sales_etl.silver_sales
[0m03:35:43.723654 [debug] [Thread-3 (]: Began running node model.sales_etl.silver_stores
[0m03:35:43.724524 [debug] [Thread-2 (]: Re-using an available connection from the pool (formerly list_SALES_DB_GOLD, now model.sales_etl.silver_sales)
[0m03:35:43.725116 [debug] [Thread-3 (]: Re-using an available connection from the pool (formerly list_SALES_DB_SILVER, now model.sales_etl.silver_stores)
[0m03:35:43.725594 [debug] [Thread-2 (]: Began compiling node model.sales_etl.silver_sales
[0m03:35:43.726016 [debug] [Thread-3 (]: Began compiling node model.sales_etl.silver_stores
[0m03:35:43.732987 [debug] [Thread-2 (]: Writing injected SQL for node "model.sales_etl.silver_sales"
[0m03:35:43.735681 [debug] [Thread-3 (]: Writing injected SQL for node "model.sales_etl.silver_stores"
[0m03:35:43.736692 [debug] [Thread-3 (]: Began executing node model.sales_etl.silver_stores
[0m03:35:43.737636 [debug] [Thread-3 (]: Finished running node model.sales_etl.silver_stores
[0m03:35:43.738155 [debug] [Thread-2 (]: Began executing node model.sales_etl.silver_sales
[0m03:35:43.738896 [debug] [Thread-2 (]: Finished running node model.sales_etl.silver_sales
[0m03:35:43.740262 [debug] [Thread-5 (]: Began running node model.sales_etl.rpt_sales_by_transaction_date
[0m03:35:43.741064 [debug] [Thread-4 (]: Began running node model.sales_etl.rpt_top_5_sales_stores
[0m03:35:43.742027 [debug] [Thread-5 (]: Acquiring new snowflake connection 'model.sales_etl.rpt_sales_by_transaction_date'
[0m03:35:43.742790 [debug] [Thread-3 (]: Began running node model.sales_etl.rpt_transactions_by_batch
[0m03:35:43.743836 [debug] [Thread-4 (]: Acquiring new snowflake connection 'model.sales_etl.rpt_top_5_sales_stores'
[0m03:35:43.744701 [debug] [Thread-2 (]: Began running node test.sales_etl.not_null_silver_sales_amount.02a892d606
[0m03:35:43.745542 [debug] [Thread-5 (]: Began compiling node model.sales_etl.rpt_sales_by_transaction_date
[0m03:35:43.746308 [debug] [Thread-3 (]: Re-using an available connection from the pool (formerly model.sales_etl.silver_stores, now model.sales_etl.rpt_transactions_by_batch)
[0m03:35:43.746973 [debug] [Thread-4 (]: Began compiling node model.sales_etl.rpt_top_5_sales_stores
[0m03:35:43.747690 [debug] [Thread-2 (]: Re-using an available connection from the pool (formerly model.sales_etl.silver_sales, now test.sales_etl.not_null_silver_sales_amount.02a892d606)
[0m03:35:43.751727 [debug] [Thread-5 (]: Writing injected SQL for node "model.sales_etl.rpt_sales_by_transaction_date"
[0m03:35:43.752346 [debug] [Thread-3 (]: Began compiling node model.sales_etl.rpt_transactions_by_batch
[0m03:35:43.755067 [debug] [Thread-4 (]: Writing injected SQL for node "model.sales_etl.rpt_top_5_sales_stores"
[0m03:35:43.755685 [debug] [Thread-2 (]: Began compiling node test.sales_etl.not_null_silver_sales_amount.02a892d606
[0m03:35:43.758085 [debug] [Thread-3 (]: Writing injected SQL for node "model.sales_etl.rpt_transactions_by_batch"
[0m03:35:43.758572 [debug] [Thread-5 (]: Began executing node model.sales_etl.rpt_sales_by_transaction_date
[0m03:35:43.766856 [debug] [Thread-2 (]: Writing injected SQL for node "test.sales_etl.not_null_silver_sales_amount.02a892d606"
[0m03:35:43.767373 [debug] [Thread-4 (]: Began executing node model.sales_etl.rpt_top_5_sales_stores
[0m03:35:43.767938 [debug] [Thread-3 (]: Began executing node model.sales_etl.rpt_transactions_by_batch
[0m03:35:43.768696 [debug] [Thread-5 (]: Finished running node model.sales_etl.rpt_sales_by_transaction_date
[0m03:35:43.769591 [debug] [Thread-4 (]: Finished running node model.sales_etl.rpt_top_5_sales_stores
[0m03:35:43.769971 [debug] [Thread-2 (]: Began executing node test.sales_etl.not_null_silver_sales_amount.02a892d606
[0m03:35:43.770607 [debug] [Thread-3 (]: Finished running node model.sales_etl.rpt_transactions_by_batch
[0m03:35:43.771096 [debug] [Thread-5 (]: Began running node test.sales_etl.not_null_silver_sales_store_token.a775148663
[0m03:35:43.771598 [debug] [Thread-4 (]: Began running node test.sales_etl.not_null_silver_sales_transaction_id.728e50eea6
[0m03:35:43.772186 [debug] [Thread-2 (]: Finished running node test.sales_etl.not_null_silver_sales_amount.02a892d606
[0m03:35:43.772699 [debug] [Thread-3 (]: Began running node test.sales_etl.not_null_silver_stores_store_token.6cfdf18669
[0m03:35:43.773178 [debug] [Thread-5 (]: Re-using an available connection from the pool (formerly model.sales_etl.rpt_sales_by_transaction_date, now test.sales_etl.not_null_silver_sales_store_token.a775148663)
[0m03:35:43.773756 [debug] [Thread-4 (]: Re-using an available connection from the pool (formerly model.sales_etl.rpt_top_5_sales_stores, now test.sales_etl.not_null_silver_sales_transaction_id.728e50eea6)
[0m03:35:43.774167 [debug] [Thread-2 (]: Began running node test.sales_etl.unique_silver_stores_store_token.2ae0e77f54
[0m03:35:43.774545 [debug] [Thread-3 (]: Re-using an available connection from the pool (formerly model.sales_etl.rpt_transactions_by_batch, now test.sales_etl.not_null_silver_stores_store_token.6cfdf18669)
[0m03:35:43.775083 [debug] [Thread-5 (]: Began compiling node test.sales_etl.not_null_silver_sales_store_token.a775148663
[0m03:35:43.775589 [debug] [Thread-4 (]: Began compiling node test.sales_etl.not_null_silver_sales_transaction_id.728e50eea6
[0m03:35:43.775955 [debug] [Thread-2 (]: Re-using an available connection from the pool (formerly test.sales_etl.not_null_silver_sales_amount.02a892d606, now test.sales_etl.unique_silver_stores_store_token.2ae0e77f54)
[0m03:35:43.776355 [debug] [Thread-3 (]: Began compiling node test.sales_etl.not_null_silver_stores_store_token.6cfdf18669
[0m03:35:43.780609 [debug] [Thread-5 (]: Writing injected SQL for node "test.sales_etl.not_null_silver_sales_store_token.a775148663"
[0m03:35:43.783473 [debug] [Thread-4 (]: Writing injected SQL for node "test.sales_etl.not_null_silver_sales_transaction_id.728e50eea6"
[0m03:35:43.783930 [debug] [Thread-2 (]: Began compiling node test.sales_etl.unique_silver_stores_store_token.2ae0e77f54
[0m03:35:43.787208 [debug] [Thread-3 (]: Writing injected SQL for node "test.sales_etl.not_null_silver_stores_store_token.6cfdf18669"
[0m03:35:43.787908 [debug] [Thread-5 (]: Began executing node test.sales_etl.not_null_silver_sales_store_token.a775148663
[0m03:35:43.788455 [debug] [Thread-4 (]: Began executing node test.sales_etl.not_null_silver_sales_transaction_id.728e50eea6
[0m03:35:43.793940 [debug] [Thread-2 (]: Writing injected SQL for node "test.sales_etl.unique_silver_stores_store_token.2ae0e77f54"
[0m03:35:43.794690 [debug] [Thread-5 (]: Finished running node test.sales_etl.not_null_silver_sales_store_token.a775148663
[0m03:35:43.795258 [debug] [Thread-3 (]: Began executing node test.sales_etl.not_null_silver_stores_store_token.6cfdf18669
[0m03:35:43.796022 [debug] [Thread-4 (]: Finished running node test.sales_etl.not_null_silver_sales_transaction_id.728e50eea6
[0m03:35:43.796476 [debug] [Thread-2 (]: Began executing node test.sales_etl.unique_silver_stores_store_token.2ae0e77f54
[0m03:35:43.796856 [debug] [Thread-5 (]: Began running node test.sales_etl.unique_transaction
[0m03:35:43.797329 [debug] [Thread-3 (]: Finished running node test.sales_etl.not_null_silver_stores_store_token.6cfdf18669
[0m03:35:43.797792 [debug] [Thread-4 (]: Began running node test.sales_etl.valid_store_token
[0m03:35:43.798236 [debug] [Thread-2 (]: Finished running node test.sales_etl.unique_silver_stores_store_token.2ae0e77f54
[0m03:35:43.798581 [debug] [Thread-5 (]: Re-using an available connection from the pool (formerly test.sales_etl.not_null_silver_sales_store_token.a775148663, now test.sales_etl.unique_transaction)
[0m03:35:43.799074 [debug] [Thread-4 (]: Re-using an available connection from the pool (formerly test.sales_etl.not_null_silver_sales_transaction_id.728e50eea6, now test.sales_etl.valid_store_token)
[0m03:35:43.799532 [debug] [Thread-5 (]: Began compiling node test.sales_etl.unique_transaction
[0m03:35:43.799881 [debug] [Thread-4 (]: Began compiling node test.sales_etl.valid_store_token
[0m03:35:43.801726 [debug] [Thread-5 (]: Writing injected SQL for node "test.sales_etl.unique_transaction"
[0m03:35:43.803946 [debug] [Thread-4 (]: Writing injected SQL for node "test.sales_etl.valid_store_token"
[0m03:35:43.804684 [debug] [Thread-4 (]: Began executing node test.sales_etl.valid_store_token
[0m03:35:43.805205 [debug] [Thread-4 (]: Finished running node test.sales_etl.valid_store_token
[0m03:35:43.805649 [debug] [Thread-5 (]: Began executing node test.sales_etl.unique_transaction
[0m03:35:43.806136 [debug] [Thread-5 (]: Finished running node test.sales_etl.unique_transaction
[0m03:35:43.807378 [debug] [MainThread]: Connection 'master' was properly closed.
[0m03:35:43.807704 [debug] [MainThread]: Connection 'test.sales_etl.not_null_silver_stores_store_token.6cfdf18669' was left open.
[0m03:35:43.807979 [debug] [MainThread]: On test.sales_etl.not_null_silver_stores_store_token.6cfdf18669: Close
[0m03:35:44.108760 [debug] [MainThread]: Connection 'test.sales_etl.unique_silver_stores_store_token.2ae0e77f54' was left open.
[0m03:35:44.109723 [debug] [MainThread]: On test.sales_etl.unique_silver_stores_store_token.2ae0e77f54: Close
[0m03:35:44.416186 [debug] [MainThread]: Connection 'test.sales_etl.unique_transaction' was properly closed.
[0m03:35:44.417246 [debug] [MainThread]: Connection 'test.sales_etl.valid_store_token' was properly closed.
[0m03:35:44.418600 [debug] [MainThread]: Command end result
[0m03:35:44.476428 [debug] [MainThread]: Wrote artifact WritableManifest to /home/yamir/Documentos/interviews/R2/demo/sales_etl_platform/dbt/target/manifest.json
[0m03:35:44.477508 [debug] [MainThread]: Wrote artifact SemanticManifest to /home/yamir/Documentos/interviews/R2/demo/sales_etl_platform/dbt/target/semantic_manifest.json
[0m03:35:44.481268 [debug] [MainThread]: Wrote artifact RunExecutionResult to /home/yamir/Documentos/interviews/R2/demo/sales_etl_platform/dbt/target/run_results.json
[0m03:35:44.482333 [debug] [MainThread]: Acquiring new snowflake connection 'generate_catalog'
[0m03:35:44.482544 [info ] [MainThread]: Building catalog
[0m03:35:44.488266 [debug] [ThreadPool]: Acquiring new snowflake connection 'SALES_DB.information_schema'
[0m03:35:44.502238 [debug] [ThreadPool]: Using snowflake connection "SALES_DB.information_schema"
[0m03:35:44.502941 [debug] [ThreadPool]: On SALES_DB.information_schema: with tables as (
            select
        table_catalog as "table_database",
        table_schema as "table_schema",
        table_name as "table_name",
        case
            when is_dynamic = 'YES' and table_type = 'BASE TABLE' THEN 'DYNAMIC TABLE'
            else table_type
        end as "table_type",
        comment as "table_comment",

        -- note: this is the _role_ that owns the table
        table_owner as "table_owner",

        'Clustering Key' as "stats:clustering_key:label",
        clustering_key as "stats:clustering_key:value",
        'The key used to cluster this table' as "stats:clustering_key:description",
        (clustering_key is not null) as "stats:clustering_key:include",

        'Row Count' as "stats:row_count:label",
        row_count as "stats:row_count:value",
        'An approximate count of rows in this table' as "stats:row_count:description",
        (row_count is not null) as "stats:row_count:include",

        'Approximate Size' as "stats:bytes:label",
        bytes as "stats:bytes:value",
        'Approximate size of the table as reported by Snowflake' as "stats:bytes:description",
        (bytes is not null) as "stats:bytes:include",

        'Last Modified' as "stats:last_modified:label",
        to_varchar(convert_timezone('UTC', last_altered), 'yyyy-mm-dd HH24:MI'||'UTC') as "stats:last_modified:value",
        'The timestamp for last update/change' as "stats:last_modified:description",
        (last_altered is not null and table_type='BASE TABLE') as "stats:last_modified:include"
    from SALES_DB.INFORMATION_SCHEMA.tables
            where (
                (
                    
    "table_schema" ilike 'SILVER' and upper("table_schema") = upper('SILVER')

                    and 
    "table_name" ilike 'silver_stores' and upper("table_name") = upper('silver_stores')

                )
             or 
                (
                    
    "table_schema" ilike 'SILVER' and upper("table_schema") = upper('SILVER')

                    and 
    "table_name" ilike 'silver_sales' and upper("table_name") = upper('silver_sales')

                )
             or 
                (
                    
    "table_schema" ilike 'RAW' and upper("table_schema") = upper('RAW')

                    and 
    "table_name" ilike 'sales' and upper("table_name") = upper('sales')

                )
             or 
                (
                    
    "table_schema" ilike 'RAW' and upper("table_schema") = upper('RAW')

                    and 
    "table_name" ilike 'file_audit' and upper("table_name") = upper('file_audit')

                )
             or 
                (
                    
    "table_schema" ilike 'GOLD' and upper("table_schema") = upper('GOLD')

                    and 
    "table_name" ilike 'rpt_transactions_by_batch' and upper("table_name") = upper('rpt_transactions_by_batch')

                )
             or 
                (
                    
    "table_schema" ilike 'GOLD' and upper("table_schema") = upper('GOLD')

                    and 
    "table_name" ilike 'rpt_top_5_sales_stores' and upper("table_name") = upper('rpt_top_5_sales_stores')

                )
             or 
                (
                    
    "table_schema" ilike 'RAW' and upper("table_schema") = upper('RAW')

                    and 
    "table_name" ilike 'stores' and upper("table_name") = upper('stores')

                )
             or 
                (
                    
    "table_schema" ilike 'GOLD' and upper("table_schema") = upper('GOLD')

                    and 
    "table_name" ilike 'rpt_sales_by_transaction_date' and upper("table_name") = upper('rpt_sales_by_transaction_date')

                )
            )
        ),
        columns as (
            select
        table_catalog as "table_database",
        table_schema as "table_schema",
        table_name as "table_name",

        column_name as "column_name",
        ordinal_position as "column_index",
        data_type as "column_type",
        comment as "column_comment"
    from SALES_DB.INFORMATION_SCHEMA.columns
            where (
                (
                    
    "table_schema" ilike 'SILVER' and upper("table_schema") = upper('SILVER')

                    and 
    "table_name" ilike 'silver_stores' and upper("table_name") = upper('silver_stores')

                )
             or 
                (
                    
    "table_schema" ilike 'SILVER' and upper("table_schema") = upper('SILVER')

                    and 
    "table_name" ilike 'silver_sales' and upper("table_name") = upper('silver_sales')

                )
             or 
                (
                    
    "table_schema" ilike 'RAW' and upper("table_schema") = upper('RAW')

                    and 
    "table_name" ilike 'sales' and upper("table_name") = upper('sales')

                )
             or 
                (
                    
    "table_schema" ilike 'RAW' and upper("table_schema") = upper('RAW')

                    and 
    "table_name" ilike 'file_audit' and upper("table_name") = upper('file_audit')

                )
             or 
                (
                    
    "table_schema" ilike 'GOLD' and upper("table_schema") = upper('GOLD')

                    and 
    "table_name" ilike 'rpt_transactions_by_batch' and upper("table_name") = upper('rpt_transactions_by_batch')

                )
             or 
                (
                    
    "table_schema" ilike 'GOLD' and upper("table_schema") = upper('GOLD')

                    and 
    "table_name" ilike 'rpt_top_5_sales_stores' and upper("table_name") = upper('rpt_top_5_sales_stores')

                )
             or 
                (
                    
    "table_schema" ilike 'RAW' and upper("table_schema") = upper('RAW')

                    and 
    "table_name" ilike 'stores' and upper("table_name") = upper('stores')

                )
             or 
                (
                    
    "table_schema" ilike 'GOLD' and upper("table_schema") = upper('GOLD')

                    and 
    "table_name" ilike 'rpt_sales_by_transaction_date' and upper("table_name") = upper('rpt_sales_by_transaction_date')

                )
            )
        )
        select *
    from tables
    join columns using ("table_database", "table_schema", "table_name")
    order by "column_index"
/* {"app": "dbt", "dbt_version": "1.11.11", "profile_name": "sales_etl", "target_name": "dev", "connection_name": "SALES_DB.information_schema"} */
[0m03:35:44.503549 [debug] [ThreadPool]: Opening a new connection, currently in state init
[0m03:35:49.744578 [debug] [ThreadPool]: SQL status: SUCCESS 55 in 5.241 seconds
[0m03:35:49.768326 [debug] [MainThread]: Wrote artifact CatalogArtifact to /home/yamir/Documentos/interviews/R2/demo/sales_etl_platform/dbt/target/catalog.json
[0m03:35:49.782597 [debug] [MainThread]: Wrote artifact WritableManifest to /home/yamir/Documentos/interviews/R2/demo/sales_etl_platform/dbt/target/manifest.json
[0m03:35:49.783633 [debug] [MainThread]: Wrote artifact SemanticManifest to /home/yamir/Documentos/interviews/R2/demo/sales_etl_platform/dbt/target/semantic_manifest.json
[0m03:35:49.783875 [info ] [MainThread]: Catalog written to /home/yamir/Documentos/interviews/R2/demo/sales_etl_platform/dbt/target/catalog.json
[0m03:35:49.784495 [debug] [MainThread]: Resource report: {"command_name": "generate", "command_success": true, "command_wall_clock_time": 8.628771, "process_in_blocks": "0", "process_kernel_time": 0.181683, "process_mem_max_rss": "158624", "process_out_blocks": "6344", "process_user_time": 1.714017}
[0m03:35:49.784843 [debug] [MainThread]: Command `dbt docs generate` succeeded at 03:35:49.784785 after 8.63 seconds
[0m03:35:49.785053 [debug] [MainThread]: Connection 'generate_catalog' was properly closed.
[0m03:35:49.785234 [debug] [MainThread]: Connection 'SALES_DB.information_schema' was left open.
[0m03:35:49.785421 [debug] [MainThread]: On SALES_DB.information_schema: Close
[0m03:35:50.089415 [debug] [MainThread]: Sending event: {'category': 'dbt', 'action': 'invocation', 'label': 'end', 'context': [<snowplow_tracker.self_describing_json.SelfDescribingJson object at 0x7b764d9e1010>, <snowplow_tracker.self_describing_json.SelfDescribingJson object at 0x7b7649a689b0>, <snowplow_tracker.self_describing_json.SelfDescribingJson object at 0x7b764d0664e0>]}
[0m03:35:50.090382 [debug] [MainThread]: Flushing usage events
[0m03:35:50.650036 [debug] [MainThread]: An error was encountered while trying to flush usage events
[0m03:35:58.705161 [debug] [MainThread]: Sending event: {'category': 'dbt', 'action': 'invocation', 'label': 'start', 'context': [<snowplow_tracker.self_describing_json.SelfDescribingJson object at 0x711819ce38c0>, <snowplow_tracker.self_describing_json.SelfDescribingJson object at 0x71181ca551f0>, <snowplow_tracker.self_describing_json.SelfDescribingJson object at 0x71181a398e00>]}


============================== 03:35:58.707722 | 87dd2391-8566-41fa-bbf3-ce20e94b2fae ==============================
[0m03:35:58.707722 [info ] [MainThread]: Running with dbt=1.11.11
[0m03:35:58.708106 [debug] [MainThread]: running dbt with arguments {'use_colors': 'True', 'introspect': 'True', 'warn_error_options': 'WarnErrorOptionsV2(error=[], warn=[], silence=[])', 'static_parser': 'True', 'version_check': 'True', 'empty': 'None', 'write_json': 'True', 'partial_parse': 'True', 'use_experimental_parser': 'False', 'debug': 'False', 'cache_selected_only': 'False', 'quiet': 'False', 'no_print': 'None', 'fail_fast': 'False', 'printer_width': '80', 'target_path': 'None', 'indirect_selection': 'eager', 'send_anonymous_usage_stats': 'True', 'invocation_command': 'dbt docs serve --port 8081', 'log_cache_events': 'False', 'log_format': 'default', 'warn_error': 'None', 'profiles_dir': '/home/yamir/Documentos/interviews/R2/demo/sales_etl_platform/dbt', 'log_path': '/home/yamir/Documentos/interviews/R2/demo/sales_etl_platform/dbt/logs'}
[0m03:35:58.856397 [debug] [MainThread]: Snowflake adapter: Setting snowflake.connector to ERROR (file logging only)
[0m03:35:58.856785 [debug] [MainThread]: Snowflake adapter: Setting botocore to ERROR (file logging only)
[0m03:35:58.857016 [debug] [MainThread]: Snowflake adapter: Setting boto3 to ERROR (file logging only)
[0m03:35:59.024608 [debug] [MainThread]: Sending event: {'category': 'dbt', 'action': 'project_id', 'label': '87dd2391-8566-41fa-bbf3-ce20e94b2fae', 'context': [<snowplow_tracker.self_describing_json.SelfDescribingJson object at 0x71181a400170>]}
[0m03:35:59.064768 [debug] [MainThread]: Sending event: {'category': 'dbt', 'action': 'adapter_info', 'label': '87dd2391-8566-41fa-bbf3-ce20e94b2fae', 'context': [<snowplow_tracker.self_describing_json.SelfDescribingJson object at 0x71181a42a000>]}
[0m03:40:41.068063 [error] [MainThread]: Encountered an error:

[0m03:40:41.071545 [error] [MainThread]: Traceback (most recent call last):
  File "/home/yamir/Documentos/interviews/R2/demo/sales_etl_platform/dbt/venv/lib/python3.12/site-packages/dbt/cli/requires.py", line 182, in wrapper
    result, success = func(*args, **kwargs)
                      ^^^^^^^^^^^^^^^^^^^^^
  File "/home/yamir/Documentos/interviews/R2/demo/sales_etl_platform/dbt/venv/lib/python3.12/site-packages/dbt/cli/requires.py", line 128, in wrapper
    return func(*args, **kwargs)
           ^^^^^^^^^^^^^^^^^^^^^
  File "/home/yamir/Documentos/interviews/R2/demo/sales_etl_platform/dbt/venv/lib/python3.12/site-packages/dbt/cli/requires.py", line 276, in wrapper
    return func(*args, **kwargs)
           ^^^^^^^^^^^^^^^^^^^^^
  File "/home/yamir/Documentos/interviews/R2/demo/sales_etl_platform/dbt/venv/lib/python3.12/site-packages/dbt/cli/requires.py", line 321, in wrapper
    return func(*args, **kwargs)
           ^^^^^^^^^^^^^^^^^^^^^
  File "/home/yamir/Documentos/interviews/R2/demo/sales_etl_platform/dbt/venv/lib/python3.12/site-packages/dbt/cli/requires.py", line 368, in wrapper
    return func(*args, **kwargs)
           ^^^^^^^^^^^^^^^^^^^^^
  File "/home/yamir/Documentos/interviews/R2/demo/sales_etl_platform/dbt/venv/lib/python3.12/site-packages/dbt/cli/main.py", line 309, in docs_serve
    results = task.run()
              ^^^^^^^^^^
  File "/home/yamir/Documentos/interviews/R2/demo/sales_etl_platform/dbt/venv/lib/python3.12/site-packages/dbt/task/docs/serve.py", line 29, in run
    httpd.serve_forever()
  File "/usr/lib/python3.12/socketserver.py", line 235, in serve_forever
    ready = selector.select(poll_interval)
            ^^^^^^^^^^^^^^^^^^^^^^^^^^^^^^
  File "/usr/lib/python3.12/selectors.py", line 415, in select
    fd_event_list = self._selector.poll(timeout)
                    ^^^^^^^^^^^^^^^^^^^^^^^^^^^^
KeyboardInterrupt

[0m03:40:41.072340 [debug] [MainThread]: Resource report: {"command_name": "serve", "command_success": false, "command_wall_clock_time": 282.40472, "process_in_blocks": "208", "process_kernel_time": 0.103864, "process_mem_max_rss": "132696", "process_out_blocks": "3568", "process_user_time": 1.258595}
[0m03:40:41.072898 [debug] [MainThread]: Command `dbt docs serve` failed at 03:40:41.072823 after 282.41 seconds
[0m03:40:41.073201 [debug] [MainThread]: Sending event: {'category': 'dbt', 'action': 'invocation', 'label': 'end', 'context': [<snowplow_tracker.self_describing_json.SelfDescribingJson object at 0x71181a55faa0>, <snowplow_tracker.self_describing_json.SelfDescribingJson object at 0x7118176e93d0>, <snowplow_tracker.self_describing_json.SelfDescribingJson object at 0x711817648860>]}
[0m03:40:41.073497 [debug] [MainThread]: Flushing usage events
[0m03:40:41.622364 [debug] [MainThread]: An error was encountered while trying to flush usage events
[0m03:40:53.326021 [debug] [MainThread]: Sending event: {'category': 'dbt', 'action': 'invocation', 'label': 'start', 'context': [<snowplow_tracker.self_describing_json.SelfDescribingJson object at 0x7384d1544fb0>, <snowplow_tracker.self_describing_json.SelfDescribingJson object at 0x7384d0f82330>, <snowplow_tracker.self_describing_json.SelfDescribingJson object at 0x7384d1577800>]}


============================== 03:40:53.328074 | 2562d614-aa4c-466e-9959-d820e05e3578 ==============================
[0m03:40:53.328074 [info ] [MainThread]: Running with dbt=1.11.11
[0m03:40:53.328452 [debug] [MainThread]: running dbt with arguments {'invocation_command': 'dbt docs serve --port 8081', 'printer_width': '80', 'empty': 'None', 'introspect': 'True', 'log_cache_events': 'False', 'partial_parse': 'True', 'no_print': 'None', 'use_colors': 'True', 'cache_selected_only': 'False', 'indirect_selection': 'eager', 'fail_fast': 'False', 'static_parser': 'True', 'version_check': 'True', 'profiles_dir': '/home/yamir/Documentos/interviews/R2/demo/sales_etl_platform/dbt', 'warn_error_options': 'WarnErrorOptionsV2(error=[], warn=[], silence=[])', 'write_json': 'True', 'use_experimental_parser': 'False', 'debug': 'False', 'quiet': 'False', 'log_format': 'default', 'target_path': 'None', 'log_path': '/home/yamir/Documentos/interviews/R2/demo/sales_etl_platform/dbt/logs', 'send_anonymous_usage_stats': 'True', 'warn_error': 'None'}
[0m03:40:53.451191 [debug] [MainThread]: Snowflake adapter: Setting snowflake.connector to ERROR (file logging only)
[0m03:40:53.451554 [debug] [MainThread]: Snowflake adapter: Setting botocore to ERROR (file logging only)
[0m03:40:53.451811 [debug] [MainThread]: Snowflake adapter: Setting boto3 to ERROR (file logging only)
[0m03:40:53.594591 [debug] [MainThread]: Sending event: {'category': 'dbt', 'action': 'project_id', 'label': '2562d614-aa4c-466e-9959-d820e05e3578', 'context': [<snowplow_tracker.self_describing_json.SelfDescribingJson object at 0x7384d09f01a0>]}
[0m03:40:53.634153 [debug] [MainThread]: Sending event: {'category': 'dbt', 'action': 'adapter_info', 'label': '2562d614-aa4c-466e-9959-d820e05e3578', 'context': [<snowplow_tracker.self_describing_json.SelfDescribingJson object at 0x7384cee24cb0>]}
[0m03:54:37.352063 [error] [MainThread]: Encountered an error:

[0m03:54:37.355808 [error] [MainThread]: Traceback (most recent call last):
  File "/home/yamir/Documentos/interviews/R2/demo/sales_etl_platform/dbt/venv/lib/python3.12/site-packages/dbt/cli/requires.py", line 182, in wrapper
    result, success = func(*args, **kwargs)
                      ^^^^^^^^^^^^^^^^^^^^^
  File "/home/yamir/Documentos/interviews/R2/demo/sales_etl_platform/dbt/venv/lib/python3.12/site-packages/dbt/cli/requires.py", line 128, in wrapper
    return func(*args, **kwargs)
           ^^^^^^^^^^^^^^^^^^^^^
  File "/home/yamir/Documentos/interviews/R2/demo/sales_etl_platform/dbt/venv/lib/python3.12/site-packages/dbt/cli/requires.py", line 276, in wrapper
    return func(*args, **kwargs)
           ^^^^^^^^^^^^^^^^^^^^^
  File "/home/yamir/Documentos/interviews/R2/demo/sales_etl_platform/dbt/venv/lib/python3.12/site-packages/dbt/cli/requires.py", line 321, in wrapper
    return func(*args, **kwargs)
           ^^^^^^^^^^^^^^^^^^^^^
  File "/home/yamir/Documentos/interviews/R2/demo/sales_etl_platform/dbt/venv/lib/python3.12/site-packages/dbt/cli/requires.py", line 368, in wrapper
    return func(*args, **kwargs)
           ^^^^^^^^^^^^^^^^^^^^^
  File "/home/yamir/Documentos/interviews/R2/demo/sales_etl_platform/dbt/venv/lib/python3.12/site-packages/dbt/cli/main.py", line 309, in docs_serve
    results = task.run()
              ^^^^^^^^^^
  File "/home/yamir/Documentos/interviews/R2/demo/sales_etl_platform/dbt/venv/lib/python3.12/site-packages/dbt/task/docs/serve.py", line 29, in run
    httpd.serve_forever()
  File "/usr/lib/python3.12/socketserver.py", line 235, in serve_forever
    ready = selector.select(poll_interval)
            ^^^^^^^^^^^^^^^^^^^^^^^^^^^^^^
  File "/usr/lib/python3.12/selectors.py", line 415, in select
    fd_event_list = self._selector.poll(timeout)
                    ^^^^^^^^^^^^^^^^^^^^^^^^^^^^
KeyboardInterrupt

[0m03:54:37.357939 [debug] [MainThread]: Resource report: {"command_name": "serve", "command_success": false, "command_wall_clock_time": 824.06824, "process_in_blocks": "0", "process_kernel_time": 0.128586, "process_mem_max_rss": "133012", "process_out_blocks": "3568", "process_user_time": 1.245096}
[0m03:54:37.359473 [debug] [MainThread]: Command `dbt docs serve` failed at 03:54:37.359237 after 824.07 seconds
[0m03:54:37.360278 [debug] [MainThread]: Sending event: {'category': 'dbt', 'action': 'invocation', 'label': 'end', 'context': [<snowplow_tracker.self_describing_json.SelfDescribingJson object at 0x7384d0e3f8f0>, <snowplow_tracker.self_describing_json.SelfDescribingJson object at 0x7384cf798d40>, <snowplow_tracker.self_describing_json.SelfDescribingJson object at 0x7384ceea8d70>]}
[0m03:54:37.360987 [debug] [MainThread]: Flushing usage events
[0m03:54:37.919620 [debug] [MainThread]: An error was encountered while trying to flush usage events
[0m22:00:58.793141 [debug] [MainThread]: Sending event: {'category': 'dbt', 'action': 'invocation', 'label': 'start', 'context': [<snowplow_tracker.self_describing_json.SelfDescribingJson object at 0x78984f067590>, <snowplow_tracker.self_describing_json.SelfDescribingJson object at 0x78984f20b380>, <snowplow_tracker.self_describing_json.SelfDescribingJson object at 0x78984ed76330>]}


============================== 22:00:58.799248 | 63c52f27-1b2d-499b-a526-5f4ebe187956 ==============================
[0m22:00:58.799248 [info ] [MainThread]: Running with dbt=1.11.11
[0m22:00:58.799853 [debug] [MainThread]: running dbt with arguments {'indirect_selection': 'eager', 'send_anonymous_usage_stats': 'True', 'partial_parse': 'True', 'use_experimental_parser': 'False', 'target_path': 'None', 'introspect': 'True', 'log_format': 'default', 'log_cache_events': 'False', 'warn_error': 'None', 'cache_selected_only': 'False', 'debug': 'False', 'write_json': 'True', 'empty': 'None', 'fail_fast': 'False', 'static_parser': 'True', 'invocation_command': 'dbt debug', 'version_check': 'True', 'log_path': '/opt/airflow/dbt/logs', 'no_print': 'None', 'profiles_dir': '/opt/airflow/dbt', 'use_colors': 'True', 'warn_error_options': 'WarnErrorOptionsV2(error=[], warn=[], silence=[])', 'printer_width': '80', 'quiet': 'False'}
[0m22:00:58.805574 [info ] [MainThread]: dbt version: 1.11.11
[0m22:00:58.805885 [info ] [MainThread]: python version: 3.12.4
[0m22:00:58.806077 [info ] [MainThread]: python path: /home/airflow/.local/bin/python
[0m22:00:58.806257 [info ] [MainThread]: os info: Linux-6.8.0-51-generic-x86_64-with-glibc2.36
[0m22:00:59.198933 [debug] [MainThread]: Snowflake adapter: Setting snowflake.connector to ERROR (file logging only)
[0m22:00:59.199326 [debug] [MainThread]: Snowflake adapter: Setting botocore to ERROR (file logging only)
[0m22:00:59.199604 [debug] [MainThread]: Snowflake adapter: Setting boto3 to ERROR (file logging only)
[0m22:00:59.239940 [info ] [MainThread]: Using profiles dir at /opt/airflow/dbt
[0m22:00:59.240220 [info ] [MainThread]: Using profiles.yml file at /opt/airflow/dbt/profiles.yml
[0m22:00:59.240469 [info ] [MainThread]: Using dbt_project.yml file at /opt/airflow/dbt/dbt_project.yml
[0m22:00:59.240780 [info ] [MainThread]: adapter type: snowflake
[0m22:00:59.240998 [info ] [MainThread]: adapter version: 1.11.5
[0m22:00:59.306721 [info ] [MainThread]: Configuration:
[0m22:00:59.307114 [info ] [MainThread]:   profiles.yml file [[32mOK found and valid[0m]
[0m22:00:59.307347 [info ] [MainThread]:   dbt_project.yml file [[32mOK found and valid[0m]
[0m22:00:59.307548 [info ] [MainThread]: Required dependencies:
[0m22:00:59.307749 [debug] [MainThread]: Executing "git --help"
[0m22:00:59.308539 [info ] [MainThread]:  - git [[31mERROR[0m]

[0m22:00:59.308792 [info ] [MainThread]: Connection:
[0m22:00:59.309024 [info ] [MainThread]:   account: GTFKWVR-TDC55215
[0m22:00:59.309216 [info ] [MainThread]:   user: yaminpal
[0m22:00:59.309398 [info ] [MainThread]:   database: SALES_DB
[0m22:00:59.309590 [info ] [MainThread]:   warehouse: COMPUTE_WH
[0m22:00:59.309769 [info ] [MainThread]:   role: ACCOUNTADMIN
[0m22:00:59.309964 [info ] [MainThread]:   schema: RAW
[0m22:00:59.310142 [info ] [MainThread]:   authenticator: None
[0m22:00:59.310314 [info ] [MainThread]:   oauth_client_id: None
[0m22:00:59.310486 [info ] [MainThread]:   query_tag: None
[0m22:00:59.310655 [info ] [MainThread]:   client_session_keep_alive: False
[0m22:00:59.310830 [info ] [MainThread]:   host: None
[0m22:00:59.311012 [info ] [MainThread]:   port: None
[0m22:00:59.311184 [info ] [MainThread]:   proxy_host: None
[0m22:00:59.311350 [info ] [MainThread]:   proxy_port: None
[0m22:00:59.311526 [info ] [MainThread]:   protocol: None
[0m22:00:59.311692 [info ] [MainThread]:   connect_retries: 1
[0m22:00:59.311864 [info ] [MainThread]:   connect_timeout: None
[0m22:00:59.312030 [info ] [MainThread]:   retry_on_database_errors: False
[0m22:00:59.312197 [info ] [MainThread]:   retry_all: False
[0m22:00:59.312364 [info ] [MainThread]:   insecure_mode: False
[0m22:00:59.312580 [info ] [MainThread]:   reuse_connections: True
[0m22:00:59.312780 [info ] [MainThread]:   s3_stage_vpce_dns_name: None
[0m22:00:59.313014 [info ] [MainThread]:   platform_detection_timeout_seconds: 0.0
[0m22:00:59.313472 [info ] [MainThread]: Registered adapter: snowflake=1.11.5
[0m22:00:59.381856 [debug] [MainThread]: Acquiring new snowflake connection 'debug'
[0m22:00:59.396856 [debug] [MainThread]: Using snowflake connection "debug"
[0m22:00:59.397168 [debug] [MainThread]: On debug: select 1 as id
[0m22:00:59.397383 [debug] [MainThread]: Opening a new connection, currently in state init
[0m22:01:01.408203 [debug] [MainThread]: SQL status: SUCCESS 1 in 2.011 seconds
[0m22:01:01.411065 [info ] [MainThread]:   Connection test: [[32mOK connection ok[0m]

[0m22:01:01.411965 [info ] [MainThread]: [31m1 check failed:[0m
[0m22:01:01.412656 [info ] [MainThread]: Error from git --help: User does not have permissions for this command: "git"

[0m22:01:01.414352 [debug] [MainThread]: Resource report: {"command_name": "debug", "command_success": false, "command_wall_clock_time": 2.6577344, "process_in_blocks": "0", "process_kernel_time": 1.304328, "process_mem_max_rss": "217360", "process_out_blocks": "2520", "process_user_time": 2.291064}
[0m22:01:01.415270 [debug] [MainThread]: Command `dbt debug` failed at 22:01:01.415088 after 2.66 seconds
[0m22:01:01.415830 [debug] [MainThread]: Connection 'debug' was left open.
[0m22:01:01.416282 [debug] [MainThread]: On debug: Close
[0m22:01:01.752804 [debug] [MainThread]: Sending event: {'category': 'dbt', 'action': 'invocation', 'label': 'end', 'context': [<snowplow_tracker.self_describing_json.SelfDescribingJson object at 0x78984d965160>, <snowplow_tracker.self_describing_json.SelfDescribingJson object at 0x7898459062a0>, <snowplow_tracker.self_describing_json.SelfDescribingJson object at 0x78984e608830>]}
[0m22:01:01.753216 [debug] [MainThread]: Flushing usage events
[0m22:01:02.304762 [debug] [MainThread]: An error was encountered while trying to flush usage events
[0m22:01:27.601230 [debug] [MainThread]: Sending event: {'category': 'dbt', 'action': 'invocation', 'label': 'start', 'context': [<snowplow_tracker.self_describing_json.SelfDescribingJson object at 0x7dedfc694680>, <snowplow_tracker.self_describing_json.SelfDescribingJson object at 0x7dedfb79ae70>, <snowplow_tracker.self_describing_json.SelfDescribingJson object at 0x7dedfc696d50>]}


============================== 22:01:27.605674 | fd5dd34b-2864-445b-8352-ac6d509ca9ff ==============================
[0m22:01:27.605674 [info ] [MainThread]: Running with dbt=1.11.11
[0m22:01:27.606144 [debug] [MainThread]: running dbt with arguments {'warn_error_options': 'WarnErrorOptionsV2(error=[], warn=[], silence=[])', 'log_cache_events': 'False', 'profiles_dir': '/opt/airflow/dbt', 'invocation_command': 'dbt run --select silver', 'empty': 'False', 'use_experimental_parser': 'False', 'target_path': 'None', 'quiet': 'False', 'send_anonymous_usage_stats': 'True', 'debug': 'False', 'write_json': 'True', 'fail_fast': 'False', 'static_parser': 'True', 'cache_selected_only': 'False', 'no_print': 'None', 'version_check': 'True', 'indirect_selection': 'eager', 'log_path': '/opt/airflow/dbt/logs', 'introspect': 'True', 'printer_width': '80', 'partial_parse': 'True', 'log_format': 'default', 'use_colors': 'True', 'warn_error': 'None'}
[0m22:01:28.029642 [debug] [MainThread]: Snowflake adapter: Setting snowflake.connector to ERROR (file logging only)
[0m22:01:28.030072 [debug] [MainThread]: Snowflake adapter: Setting botocore to ERROR (file logging only)
[0m22:01:28.030305 [debug] [MainThread]: Snowflake adapter: Setting boto3 to ERROR (file logging only)
[0m22:01:28.154945 [debug] [MainThread]: Sending event: {'category': 'dbt', 'action': 'project_id', 'label': 'fd5dd34b-2864-445b-8352-ac6d509ca9ff', 'context': [<snowplow_tracker.self_describing_json.SelfDescribingJson object at 0x7dedfd9286e0>]}
[0m22:01:28.198368 [debug] [MainThread]: Sending event: {'category': 'dbt', 'action': 'adapter_info', 'label': 'fd5dd34b-2864-445b-8352-ac6d509ca9ff', 'context': [<snowplow_tracker.self_describing_json.SelfDescribingJson object at 0x7dedc9a2d9a0>]}
[0m22:01:28.199234 [info ] [MainThread]: Registered adapter: snowflake=1.11.5
[0m22:01:28.273405 [debug] [MainThread]: checksum: 30a8cc8fdcbf66701b0944d4ccce3fa46dd04b61e5df68b9f16d57b2e0e3f0be, vars: {}, profile: , target: , version: 1.11.11
[0m22:01:28.355115 [debug] [MainThread]: Partial parsing enabled: 0 files deleted, 0 files added, 0 files changed.
[0m22:01:28.355409 [debug] [MainThread]: Nothing changed, skipping partial parsing.
[0m22:01:28.355641 [debug] [MainThread]: Partial parsing enabled, no changes found, skipping parsing
[0m22:01:28.388208 [debug] [MainThread]: Sending event: {'category': 'dbt', 'action': 'load_project', 'label': 'fd5dd34b-2864-445b-8352-ac6d509ca9ff', 'context': [<snowplow_tracker.self_describing_json.SelfDescribingJson object at 0x7dedc87cd1f0>]}
[0m22:01:28.445212 [error] [MainThread]: Encountered an error:
[Errno 13] Permission denied: '/opt/airflow/dbt/target/manifest.json'
[0m22:01:28.446925 [error] [MainThread]: Traceback (most recent call last):
  File "/home/airflow/.local/lib/python3.12/site-packages/dbt/cli/requires.py", line 182, in wrapper
    result, success = func(*args, **kwargs)
                      ^^^^^^^^^^^^^^^^^^^^^
  File "/home/airflow/.local/lib/python3.12/site-packages/dbt/cli/requires.py", line 128, in wrapper
    return func(*args, **kwargs)
           ^^^^^^^^^^^^^^^^^^^^^
  File "/home/airflow/.local/lib/python3.12/site-packages/dbt/cli/requires.py", line 276, in wrapper
    return func(*args, **kwargs)
           ^^^^^^^^^^^^^^^^^^^^^
  File "/home/airflow/.local/lib/python3.12/site-packages/dbt/cli/requires.py", line 321, in wrapper
    return func(*args, **kwargs)
           ^^^^^^^^^^^^^^^^^^^^^
  File "/home/airflow/.local/lib/python3.12/site-packages/dbt/cli/requires.py", line 391, in wrapper
    return func(*args, **kwargs)
           ^^^^^^^^^^^^^^^^^^^^^
  File "/home/airflow/.local/lib/python3.12/site-packages/dbt/cli/requires.py", line 368, in wrapper
    return func(*args, **kwargs)
           ^^^^^^^^^^^^^^^^^^^^^
  File "/home/airflow/.local/lib/python3.12/site-packages/dbt/cli/requires.py", line 407, in wrapper
    setup_manifest(ctx, write=write, write_perf_info=write_perf_info)
  File "/home/airflow/.local/lib/python3.12/site-packages/dbt/cli/requires.py", line 434, in setup_manifest
    ctx.obj["manifest"] = parse_manifest(
                          ^^^^^^^^^^^^^^^
  File "/home/airflow/.local/lib/python3.12/site-packages/dbt/parser/manifest.py", line 2264, in parse_manifest
    write_manifest(manifest, runtime_config.project_target_path)
  File "/home/airflow/.local/lib/python3.12/site-packages/dbt/parser/manifest.py", line 2239, in write_manifest
    manifest.write(path)
  File "/home/airflow/.local/lib/python3.12/site-packages/dbt/contracts/graph/manifest.py", line 1288, in write
    writable.write(path)
  File "/home/airflow/.local/lib/python3.12/site-packages/dbt/artifacts/schemas/base.py", line 36, in write
    write_json(path, self.to_dict(omit_none=False, context={"artifact": True}))  # type: ignore
    ^^^^^^^^^^^^^^^^^^^^^^^^^^^^^^^^^^^^^^^^^^^^^^^^^^^^^^^^^^^^^^^^^^^^^^^^^^^
  File "/home/airflow/.local/lib/python3.12/site-packages/dbt_common/clients/system.py", line 310, in write_json
    with open(path, "w", encoding="utf-8") as f:
         ^^^^^^^^^^^^^^^^^^^^^^^^^^^^^^^^^
PermissionError: [Errno 13] Permission denied: '/opt/airflow/dbt/target/manifest.json'

[0m22:01:28.448129 [debug] [MainThread]: Resource report: {"command_name": "run", "command_success": false, "command_wall_clock_time": 0.8857859, "process_in_blocks": "96", "process_kernel_time": 1.297484, "process_mem_max_rss": "211832", "process_out_blocks": "16", "process_user_time": 2.373398}
[0m22:01:28.449026 [debug] [MainThread]: Command `dbt run` failed at 22:01:28.448892 after 0.89 seconds
[0m22:01:28.449471 [debug] [MainThread]: Sending event: {'category': 'dbt', 'action': 'invocation', 'label': 'end', 'context': [<snowplow_tracker.self_describing_json.SelfDescribingJson object at 0x7dedfc37a8a0>, <snowplow_tracker.self_describing_json.SelfDescribingJson object at 0x7dedfd589460>, <snowplow_tracker.self_describing_json.SelfDescribingJson object at 0x7dedc82999a0>]}
[0m22:01:28.449896 [debug] [MainThread]: Flushing usage events
[0m22:01:29.000071 [debug] [MainThread]: An error was encountered while trying to flush usage events
[0m22:03:55.017391 [debug] [MainThread]: Sending event: {'category': 'dbt', 'action': 'invocation', 'label': 'start', 'context': [<snowplow_tracker.self_describing_json.SelfDescribingJson object at 0x7e3956b42b70>, <snowplow_tracker.self_describing_json.SelfDescribingJson object at 0x7e39566d0800>, <snowplow_tracker.self_describing_json.SelfDescribingJson object at 0x7e395587a4e0>]}


============================== 22:03:55.022615 | 8a75116f-0c26-4202-a56e-5781b858e243 ==============================
[0m22:03:55.022615 [info ] [MainThread]: Running with dbt=1.11.11
[0m22:03:55.023041 [debug] [MainThread]: running dbt with arguments {'log_format': 'default', 'fail_fast': 'False', 'log_cache_events': 'False', 'write_json': 'True', 'cache_selected_only': 'False', 'printer_width': '80', 'version_check': 'True', 'indirect_selection': 'eager', 'static_parser': 'True', 'introspect': 'True', 'warn_error': 'None', 'profiles_dir': '/opt/airflow/dbt', 'partial_parse': 'True', 'log_path': '/opt/airflow/dbt/logs', 'debug': 'False', 'quiet': 'False', 'use_experimental_parser': 'False', 'warn_error_options': 'WarnErrorOptionsV2(error=[], warn=[], silence=[])', 'send_anonymous_usage_stats': 'True', 'target_path': 'None', 'no_print': 'None', 'invocation_command': 'dbt run --select silver', 'empty': 'False', 'use_colors': 'True'}
[0m22:03:55.442585 [debug] [MainThread]: Snowflake adapter: Setting snowflake.connector to ERROR (file logging only)
[0m22:03:55.442940 [debug] [MainThread]: Snowflake adapter: Setting botocore to ERROR (file logging only)
[0m22:03:55.443162 [debug] [MainThread]: Snowflake adapter: Setting boto3 to ERROR (file logging only)
[0m22:03:55.565213 [debug] [MainThread]: Sending event: {'category': 'dbt', 'action': 'project_id', 'label': '8a75116f-0c26-4202-a56e-5781b858e243', 'context': [<snowplow_tracker.self_describing_json.SelfDescribingJson object at 0x7e392438fef0>]}
[0m22:03:55.609204 [debug] [MainThread]: Sending event: {'category': 'dbt', 'action': 'adapter_info', 'label': '8a75116f-0c26-4202-a56e-5781b858e243', 'context': [<snowplow_tracker.self_describing_json.SelfDescribingJson object at 0x7e391f866ab0>]}
[0m22:03:55.609793 [info ] [MainThread]: Registered adapter: snowflake=1.11.5
[0m22:03:55.683308 [debug] [MainThread]: checksum: 30a8cc8fdcbf66701b0944d4ccce3fa46dd04b61e5df68b9f16d57b2e0e3f0be, vars: {}, profile: , target: , version: 1.11.11
[0m22:03:55.763838 [debug] [MainThread]: Partial parsing enabled: 0 files deleted, 0 files added, 0 files changed.
[0m22:03:55.764134 [debug] [MainThread]: Nothing changed, skipping partial parsing.
[0m22:03:55.764320 [debug] [MainThread]: Partial parsing enabled, no changes found, skipping parsing
[0m22:03:55.796013 [debug] [MainThread]: Sending event: {'category': 'dbt', 'action': 'load_project', 'label': '8a75116f-0c26-4202-a56e-5781b858e243', 'context': [<snowplow_tracker.self_describing_json.SelfDescribingJson object at 0x7e391ebc5670>]}
[0m22:03:55.852014 [error] [MainThread]: Encountered an error:
[Errno 13] Permission denied: '/opt/airflow/dbt/target/manifest.json'
[0m22:03:55.853970 [error] [MainThread]: Traceback (most recent call last):
  File "/home/airflow/.local/lib/python3.12/site-packages/dbt/cli/requires.py", line 182, in wrapper
    result, success = func(*args, **kwargs)
                      ^^^^^^^^^^^^^^^^^^^^^
  File "/home/airflow/.local/lib/python3.12/site-packages/dbt/cli/requires.py", line 128, in wrapper
    return func(*args, **kwargs)
           ^^^^^^^^^^^^^^^^^^^^^
  File "/home/airflow/.local/lib/python3.12/site-packages/dbt/cli/requires.py", line 276, in wrapper
    return func(*args, **kwargs)
           ^^^^^^^^^^^^^^^^^^^^^
  File "/home/airflow/.local/lib/python3.12/site-packages/dbt/cli/requires.py", line 321, in wrapper
    return func(*args, **kwargs)
           ^^^^^^^^^^^^^^^^^^^^^
  File "/home/airflow/.local/lib/python3.12/site-packages/dbt/cli/requires.py", line 391, in wrapper
    return func(*args, **kwargs)
           ^^^^^^^^^^^^^^^^^^^^^
  File "/home/airflow/.local/lib/python3.12/site-packages/dbt/cli/requires.py", line 368, in wrapper
    return func(*args, **kwargs)
           ^^^^^^^^^^^^^^^^^^^^^
  File "/home/airflow/.local/lib/python3.12/site-packages/dbt/cli/requires.py", line 407, in wrapper
    setup_manifest(ctx, write=write, write_perf_info=write_perf_info)
  File "/home/airflow/.local/lib/python3.12/site-packages/dbt/cli/requires.py", line 434, in setup_manifest
    ctx.obj["manifest"] = parse_manifest(
                          ^^^^^^^^^^^^^^^
  File "/home/airflow/.local/lib/python3.12/site-packages/dbt/parser/manifest.py", line 2264, in parse_manifest
    write_manifest(manifest, runtime_config.project_target_path)
  File "/home/airflow/.local/lib/python3.12/site-packages/dbt/parser/manifest.py", line 2239, in write_manifest
    manifest.write(path)
  File "/home/airflow/.local/lib/python3.12/site-packages/dbt/contracts/graph/manifest.py", line 1288, in write
    writable.write(path)
  File "/home/airflow/.local/lib/python3.12/site-packages/dbt/artifacts/schemas/base.py", line 36, in write
    write_json(path, self.to_dict(omit_none=False, context={"artifact": True}))  # type: ignore
    ^^^^^^^^^^^^^^^^^^^^^^^^^^^^^^^^^^^^^^^^^^^^^^^^^^^^^^^^^^^^^^^^^^^^^^^^^^^
  File "/home/airflow/.local/lib/python3.12/site-packages/dbt_common/clients/system.py", line 310, in write_json
    with open(path, "w", encoding="utf-8") as f:
         ^^^^^^^^^^^^^^^^^^^^^^^^^^^^^^^^^
PermissionError: [Errno 13] Permission denied: '/opt/airflow/dbt/target/manifest.json'

[0m22:03:55.855176 [debug] [MainThread]: Resource report: {"command_name": "run", "command_success": false, "command_wall_clock_time": 0.8771899, "process_in_blocks": "0", "process_kernel_time": 1.303248, "process_mem_max_rss": "211808", "process_out_blocks": "24", "process_user_time": 2.385962}
[0m22:03:55.855864 [debug] [MainThread]: Command `dbt run` failed at 22:03:55.855761 after 0.88 seconds
[0m22:03:55.856242 [debug] [MainThread]: Sending event: {'category': 'dbt', 'action': 'invocation', 'label': 'end', 'context': [<snowplow_tracker.self_describing_json.SelfDescribingJson object at 0x7e39556a3ef0>, <snowplow_tracker.self_describing_json.SelfDescribingJson object at 0x7e3957a0d5e0>, <snowplow_tracker.self_describing_json.SelfDescribingJson object at 0x7e392442df40>]}
[0m22:03:55.856596 [debug] [MainThread]: Flushing usage events
[0m22:03:56.408354 [debug] [MainThread]: An error was encountered while trying to flush usage events
[0m22:05:44.791032 [debug] [MainThread]: Sending event: {'category': 'dbt', 'action': 'invocation', 'label': 'start', 'context': [<snowplow_tracker.self_describing_json.SelfDescribingJson object at 0x78616a519280>, <snowplow_tracker.self_describing_json.SelfDescribingJson object at 0x78616b266b70>, <snowplow_tracker.self_describing_json.SelfDescribingJson object at 0x78616b2647d0>]}


============================== 22:05:44.795325 | 690792c7-6d84-473b-8091-52e3d1abd462 ==============================
[0m22:05:44.795325 [info ] [MainThread]: Running with dbt=1.11.11
[0m22:05:44.795698 [debug] [MainThread]: running dbt with arguments {'log_cache_events': 'False', 'cache_selected_only': 'False', 'debug': 'False', 'empty': 'False', 'log_path': '/opt/airflow/dbt/logs', 'indirect_selection': 'eager', 'use_colors': 'True', 'send_anonymous_usage_stats': 'True', 'version_check': 'True', 'partial_parse': 'True', 'introspect': 'True', 'warn_error': 'None', 'target_path': 'None', 'use_experimental_parser': 'False', 'profiles_dir': '/opt/airflow/dbt', 'static_parser': 'True', 'write_json': 'True', 'quiet': 'False', 'no_print': 'None', 'warn_error_options': 'WarnErrorOptionsV2(error=[], warn=[], silence=[])', 'log_format': 'default', 'fail_fast': 'False', 'printer_width': '80', 'invocation_command': 'dbt run --select silver'}
[0m22:05:45.191513 [debug] [MainThread]: Snowflake adapter: Setting snowflake.connector to ERROR (file logging only)
[0m22:05:45.191873 [debug] [MainThread]: Snowflake adapter: Setting botocore to ERROR (file logging only)
[0m22:05:45.192082 [debug] [MainThread]: Snowflake adapter: Setting boto3 to ERROR (file logging only)
[0m22:05:45.311304 [debug] [MainThread]: Sending event: {'category': 'dbt', 'action': 'project_id', 'label': '690792c7-6d84-473b-8091-52e3d1abd462', 'context': [<snowplow_tracker.self_describing_json.SelfDescribingJson object at 0x7861643a8680>]}
[0m22:05:45.352969 [debug] [MainThread]: Sending event: {'category': 'dbt', 'action': 'adapter_info', 'label': '690792c7-6d84-473b-8091-52e3d1abd462', 'context': [<snowplow_tracker.self_describing_json.SelfDescribingJson object at 0x786138d1fe90>]}
[0m22:05:45.353694 [info ] [MainThread]: Registered adapter: snowflake=1.11.5
[0m22:05:45.427635 [debug] [MainThread]: checksum: 30a8cc8fdcbf66701b0944d4ccce3fa46dd04b61e5df68b9f16d57b2e0e3f0be, vars: {}, profile: , target: , version: 1.11.11
[0m22:05:45.506718 [debug] [MainThread]: Partial parsing enabled: 0 files deleted, 0 files added, 0 files changed.
[0m22:05:45.507053 [debug] [MainThread]: Nothing changed, skipping partial parsing.
[0m22:05:45.507263 [debug] [MainThread]: Partial parsing enabled, no changes found, skipping parsing
[0m22:05:45.539135 [debug] [MainThread]: Sending event: {'category': 'dbt', 'action': 'load_project', 'label': '690792c7-6d84-473b-8091-52e3d1abd462', 'context': [<snowplow_tracker.self_describing_json.SelfDescribingJson object at 0x7861381dede0>]}
[0m22:05:45.593404 [error] [MainThread]: Encountered an error:
[Errno 13] Permission denied: '/opt/airflow/dbt/target/manifest.json'
[0m22:05:45.594697 [error] [MainThread]: Traceback (most recent call last):
  File "/home/airflow/.local/lib/python3.12/site-packages/dbt/cli/requires.py", line 182, in wrapper
    result, success = func(*args, **kwargs)
                      ^^^^^^^^^^^^^^^^^^^^^
  File "/home/airflow/.local/lib/python3.12/site-packages/dbt/cli/requires.py", line 128, in wrapper
    return func(*args, **kwargs)
           ^^^^^^^^^^^^^^^^^^^^^
  File "/home/airflow/.local/lib/python3.12/site-packages/dbt/cli/requires.py", line 276, in wrapper
    return func(*args, **kwargs)
           ^^^^^^^^^^^^^^^^^^^^^
  File "/home/airflow/.local/lib/python3.12/site-packages/dbt/cli/requires.py", line 321, in wrapper
    return func(*args, **kwargs)
           ^^^^^^^^^^^^^^^^^^^^^
  File "/home/airflow/.local/lib/python3.12/site-packages/dbt/cli/requires.py", line 391, in wrapper
    return func(*args, **kwargs)
           ^^^^^^^^^^^^^^^^^^^^^
  File "/home/airflow/.local/lib/python3.12/site-packages/dbt/cli/requires.py", line 368, in wrapper
    return func(*args, **kwargs)
           ^^^^^^^^^^^^^^^^^^^^^
  File "/home/airflow/.local/lib/python3.12/site-packages/dbt/cli/requires.py", line 407, in wrapper
    setup_manifest(ctx, write=write, write_perf_info=write_perf_info)
  File "/home/airflow/.local/lib/python3.12/site-packages/dbt/cli/requires.py", line 434, in setup_manifest
    ctx.obj["manifest"] = parse_manifest(
                          ^^^^^^^^^^^^^^^
  File "/home/airflow/.local/lib/python3.12/site-packages/dbt/parser/manifest.py", line 2264, in parse_manifest
    write_manifest(manifest, runtime_config.project_target_path)
  File "/home/airflow/.local/lib/python3.12/site-packages/dbt/parser/manifest.py", line 2239, in write_manifest
    manifest.write(path)
  File "/home/airflow/.local/lib/python3.12/site-packages/dbt/contracts/graph/manifest.py", line 1288, in write
    writable.write(path)
  File "/home/airflow/.local/lib/python3.12/site-packages/dbt/artifacts/schemas/base.py", line 36, in write
    write_json(path, self.to_dict(omit_none=False, context={"artifact": True}))  # type: ignore
    ^^^^^^^^^^^^^^^^^^^^^^^^^^^^^^^^^^^^^^^^^^^^^^^^^^^^^^^^^^^^^^^^^^^^^^^^^^^
  File "/home/airflow/.local/lib/python3.12/site-packages/dbt_common/clients/system.py", line 310, in write_json
    with open(path, "w", encoding="utf-8") as f:
         ^^^^^^^^^^^^^^^^^^^^^^^^^^^^^^^^^
PermissionError: [Errno 13] Permission denied: '/opt/airflow/dbt/target/manifest.json'

[0m22:05:45.595482 [debug] [MainThread]: Resource report: {"command_name": "run", "command_success": false, "command_wall_clock_time": 0.84116644, "process_in_blocks": "0", "process_kernel_time": 1.276132, "process_mem_max_rss": "211480", "process_out_blocks": "16", "process_user_time": 2.32677}
[0m22:05:45.595948 [debug] [MainThread]: Command `dbt run` failed at 22:05:45.595871 after 0.84 seconds
[0m22:05:45.596208 [debug] [MainThread]: Sending event: {'category': 'dbt', 'action': 'invocation', 'label': 'end', 'context': [<snowplow_tracker.self_describing_json.SelfDescribingJson object at 0x78616eccf080>, <snowplow_tracker.self_describing_json.SelfDescribingJson object at 0x78613979dd00>, <snowplow_tracker.self_describing_json.SelfDescribingJson object at 0x7861385dfc20>]}
[0m22:05:45.596446 [debug] [MainThread]: Flushing usage events
[0m22:05:46.140839 [debug] [MainThread]: An error was encountered while trying to flush usage events
[0m22:06:25.803887 [debug] [MainThread]: Sending event: {'category': 'dbt', 'action': 'invocation', 'label': 'start', 'context': [<snowplow_tracker.self_describing_json.SelfDescribingJson object at 0x7e244abe1fa0>, <snowplow_tracker.self_describing_json.SelfDescribingJson object at 0x7e244a5cbfe0>, <snowplow_tracker.self_describing_json.SelfDescribingJson object at 0x7e244abe2030>]}


============================== 22:06:25.808507 | bcf56a04-a384-4826-a9c2-f53a11947114 ==============================
[0m22:06:25.808507 [info ] [MainThread]: Running with dbt=1.11.11
[0m22:06:25.808934 [debug] [MainThread]: running dbt with arguments {'indirect_selection': 'eager', 'no_print': 'None', 'send_anonymous_usage_stats': 'True', 'static_parser': 'True', 'debug': 'False', 'cache_selected_only': 'False', 'printer_width': '80', 'version_check': 'True', 'introspect': 'True', 'write_json': 'True', 'fail_fast': 'False', 'log_cache_events': 'False', 'use_colors': 'True', 'warn_error': 'None', 'log_path': '/opt/airflow/dbt/logs', 'warn_error_options': 'WarnErrorOptionsV2(error=[], warn=[], silence=[])', 'log_format': 'default', 'partial_parse': 'True', 'target_path': 'None', 'profiles_dir': '/opt/airflow/dbt', 'invocation_command': 'dbt run --select silver', 'quiet': 'False', 'empty': 'False', 'use_experimental_parser': 'False'}
[0m22:06:26.203780 [debug] [MainThread]: Snowflake adapter: Setting snowflake.connector to ERROR (file logging only)
[0m22:06:26.204140 [debug] [MainThread]: Snowflake adapter: Setting botocore to ERROR (file logging only)
[0m22:06:26.204362 [debug] [MainThread]: Snowflake adapter: Setting boto3 to ERROR (file logging only)
[0m22:06:26.325119 [debug] [MainThread]: Sending event: {'category': 'dbt', 'action': 'project_id', 'label': 'bcf56a04-a384-4826-a9c2-f53a11947114', 'context': [<snowplow_tracker.self_describing_json.SelfDescribingJson object at 0x7e2413a55ee0>]}
[0m22:06:26.368373 [debug] [MainThread]: Sending event: {'category': 'dbt', 'action': 'adapter_info', 'label': 'bcf56a04-a384-4826-a9c2-f53a11947114', 'context': [<snowplow_tracker.self_describing_json.SelfDescribingJson object at 0x7e2413aecda0>]}
[0m22:06:26.368946 [info ] [MainThread]: Registered adapter: snowflake=1.11.5
[0m22:06:26.441099 [debug] [MainThread]: checksum: 30a8cc8fdcbf66701b0944d4ccce3fa46dd04b61e5df68b9f16d57b2e0e3f0be, vars: {}, profile: , target: , version: 1.11.11
[0m22:06:26.520101 [debug] [MainThread]: Partial parsing enabled: 0 files deleted, 0 files added, 0 files changed.
[0m22:06:26.520387 [debug] [MainThread]: Nothing changed, skipping partial parsing.
[0m22:06:26.520613 [debug] [MainThread]: Partial parsing enabled, no changes found, skipping parsing
[0m22:06:26.552815 [debug] [MainThread]: Sending event: {'category': 'dbt', 'action': 'load_project', 'label': 'bcf56a04-a384-4826-a9c2-f53a11947114', 'context': [<snowplow_tracker.self_describing_json.SelfDescribingJson object at 0x7e2413a7fe60>]}
[0m22:06:26.608126 [error] [MainThread]: Encountered an error:
[Errno 13] Permission denied: '/opt/airflow/dbt/target/manifest.json'
[0m22:06:26.609402 [error] [MainThread]: Traceback (most recent call last):
  File "/home/airflow/.local/lib/python3.12/site-packages/dbt/cli/requires.py", line 182, in wrapper
    result, success = func(*args, **kwargs)
                      ^^^^^^^^^^^^^^^^^^^^^
  File "/home/airflow/.local/lib/python3.12/site-packages/dbt/cli/requires.py", line 128, in wrapper
    return func(*args, **kwargs)
           ^^^^^^^^^^^^^^^^^^^^^
  File "/home/airflow/.local/lib/python3.12/site-packages/dbt/cli/requires.py", line 276, in wrapper
    return func(*args, **kwargs)
           ^^^^^^^^^^^^^^^^^^^^^
  File "/home/airflow/.local/lib/python3.12/site-packages/dbt/cli/requires.py", line 321, in wrapper
    return func(*args, **kwargs)
           ^^^^^^^^^^^^^^^^^^^^^
  File "/home/airflow/.local/lib/python3.12/site-packages/dbt/cli/requires.py", line 391, in wrapper
    return func(*args, **kwargs)
           ^^^^^^^^^^^^^^^^^^^^^
  File "/home/airflow/.local/lib/python3.12/site-packages/dbt/cli/requires.py", line 368, in wrapper
    return func(*args, **kwargs)
           ^^^^^^^^^^^^^^^^^^^^^
  File "/home/airflow/.local/lib/python3.12/site-packages/dbt/cli/requires.py", line 407, in wrapper
    setup_manifest(ctx, write=write, write_perf_info=write_perf_info)
  File "/home/airflow/.local/lib/python3.12/site-packages/dbt/cli/requires.py", line 434, in setup_manifest
    ctx.obj["manifest"] = parse_manifest(
                          ^^^^^^^^^^^^^^^
  File "/home/airflow/.local/lib/python3.12/site-packages/dbt/parser/manifest.py", line 2264, in parse_manifest
    write_manifest(manifest, runtime_config.project_target_path)
  File "/home/airflow/.local/lib/python3.12/site-packages/dbt/parser/manifest.py", line 2239, in write_manifest
    manifest.write(path)
  File "/home/airflow/.local/lib/python3.12/site-packages/dbt/contracts/graph/manifest.py", line 1288, in write
    writable.write(path)
  File "/home/airflow/.local/lib/python3.12/site-packages/dbt/artifacts/schemas/base.py", line 36, in write
    write_json(path, self.to_dict(omit_none=False, context={"artifact": True}))  # type: ignore
    ^^^^^^^^^^^^^^^^^^^^^^^^^^^^^^^^^^^^^^^^^^^^^^^^^^^^^^^^^^^^^^^^^^^^^^^^^^^
  File "/home/airflow/.local/lib/python3.12/site-packages/dbt_common/clients/system.py", line 310, in write_json
    with open(path, "w", encoding="utf-8") as f:
         ^^^^^^^^^^^^^^^^^^^^^^^^^^^^^^^^^
PermissionError: [Errno 13] Permission denied: '/opt/airflow/dbt/target/manifest.json'

[0m22:06:26.610214 [debug] [MainThread]: Resource report: {"command_name": "run", "command_success": false, "command_wall_clock_time": 0.8436966, "process_in_blocks": "0", "process_kernel_time": 1.305669, "process_mem_max_rss": "211828", "process_out_blocks": "32", "process_user_time": 2.301944}
[0m22:06:26.610697 [debug] [MainThread]: Command `dbt run` failed at 22:06:26.610624 after 0.84 seconds
[0m22:06:26.610959 [debug] [MainThread]: Sending event: {'category': 'dbt', 'action': 'invocation', 'label': 'end', 'context': [<snowplow_tracker.self_describing_json.SelfDescribingJson object at 0x7e244a99e390>, <snowplow_tracker.self_describing_json.SelfDescribingJson object at 0x7e2412fca600>, <snowplow_tracker.self_describing_json.SelfDescribingJson object at 0x7e2412dcd580>]}
[0m22:06:26.611203 [debug] [MainThread]: Flushing usage events
[0m22:06:27.155665 [debug] [MainThread]: An error was encountered while trying to flush usage events
[0m22:06:30.818663 [debug] [MainThread]: Sending event: {'category': 'dbt', 'action': 'invocation', 'label': 'start', 'context': [<snowplow_tracker.self_describing_json.SelfDescribingJson object at 0x774233690f80>, <snowplow_tracker.self_describing_json.SelfDescribingJson object at 0x7742327548f0>, <snowplow_tracker.self_describing_json.SelfDescribingJson object at 0x774233d9d820>]}


============================== 22:06:30.823927 | d3407e8b-1446-4fa1-880f-e0444874b5ca ==============================
[0m22:06:30.823927 [info ] [MainThread]: Running with dbt=1.11.11
[0m22:06:30.824350 [debug] [MainThread]: running dbt with arguments {'write_json': 'True', 'static_parser': 'True', 'send_anonymous_usage_stats': 'True', 'log_format': 'default', 'profiles_dir': '/opt/airflow/dbt', 'log_path': '/opt/airflow/dbt/logs', 'invocation_command': 'dbt run --select silver', 'use_experimental_parser': 'False', 'quiet': 'False', 'indirect_selection': 'eager', 'use_colors': 'True', 'printer_width': '80', 'log_cache_events': 'False', 'debug': 'False', 'no_print': 'None', 'warn_error': 'None', 'partial_parse': 'True', 'version_check': 'True', 'fail_fast': 'False', 'empty': 'False', 'warn_error_options': 'WarnErrorOptionsV2(error=[], warn=[], silence=[])', 'target_path': 'None', 'cache_selected_only': 'False', 'introspect': 'True'}
[0m22:06:31.221714 [debug] [MainThread]: Snowflake adapter: Setting snowflake.connector to ERROR (file logging only)
[0m22:06:31.222174 [debug] [MainThread]: Snowflake adapter: Setting botocore to ERROR (file logging only)
[0m22:06:31.222433 [debug] [MainThread]: Snowflake adapter: Setting boto3 to ERROR (file logging only)
[0m22:06:31.347483 [debug] [MainThread]: Sending event: {'category': 'dbt', 'action': 'project_id', 'label': 'd3407e8b-1446-4fa1-880f-e0444874b5ca', 'context': [<snowplow_tracker.self_describing_json.SelfDescribingJson object at 0x774234c70890>]}
[0m22:06:31.390447 [debug] [MainThread]: Sending event: {'category': 'dbt', 'action': 'adapter_info', 'label': 'd3407e8b-1446-4fa1-880f-e0444874b5ca', 'context': [<snowplow_tracker.self_describing_json.SelfDescribingJson object at 0x7742013036b0>]}
[0m22:06:31.391134 [info ] [MainThread]: Registered adapter: snowflake=1.11.5
[0m22:06:31.465849 [debug] [MainThread]: checksum: 30a8cc8fdcbf66701b0944d4ccce3fa46dd04b61e5df68b9f16d57b2e0e3f0be, vars: {}, profile: , target: , version: 1.11.11
[0m22:06:31.545848 [debug] [MainThread]: Partial parsing enabled: 0 files deleted, 0 files added, 0 files changed.
[0m22:06:31.546148 [debug] [MainThread]: Nothing changed, skipping partial parsing.
[0m22:06:31.546389 [debug] [MainThread]: Partial parsing enabled, no changes found, skipping parsing
[0m22:06:31.578862 [debug] [MainThread]: Sending event: {'category': 'dbt', 'action': 'load_project', 'label': 'd3407e8b-1446-4fa1-880f-e0444874b5ca', 'context': [<snowplow_tracker.self_describing_json.SelfDescribingJson object at 0x7742006a9970>]}
[0m22:06:31.635142 [error] [MainThread]: Encountered an error:
[Errno 13] Permission denied: '/opt/airflow/dbt/target/manifest.json'
[0m22:06:31.636466 [error] [MainThread]: Traceback (most recent call last):
  File "/home/airflow/.local/lib/python3.12/site-packages/dbt/cli/requires.py", line 182, in wrapper
    result, success = func(*args, **kwargs)
                      ^^^^^^^^^^^^^^^^^^^^^
  File "/home/airflow/.local/lib/python3.12/site-packages/dbt/cli/requires.py", line 128, in wrapper
    return func(*args, **kwargs)
           ^^^^^^^^^^^^^^^^^^^^^
  File "/home/airflow/.local/lib/python3.12/site-packages/dbt/cli/requires.py", line 276, in wrapper
    return func(*args, **kwargs)
           ^^^^^^^^^^^^^^^^^^^^^
  File "/home/airflow/.local/lib/python3.12/site-packages/dbt/cli/requires.py", line 321, in wrapper
    return func(*args, **kwargs)
           ^^^^^^^^^^^^^^^^^^^^^
  File "/home/airflow/.local/lib/python3.12/site-packages/dbt/cli/requires.py", line 391, in wrapper
    return func(*args, **kwargs)
           ^^^^^^^^^^^^^^^^^^^^^
  File "/home/airflow/.local/lib/python3.12/site-packages/dbt/cli/requires.py", line 368, in wrapper
    return func(*args, **kwargs)
           ^^^^^^^^^^^^^^^^^^^^^
  File "/home/airflow/.local/lib/python3.12/site-packages/dbt/cli/requires.py", line 407, in wrapper
    setup_manifest(ctx, write=write, write_perf_info=write_perf_info)
  File "/home/airflow/.local/lib/python3.12/site-packages/dbt/cli/requires.py", line 434, in setup_manifest
    ctx.obj["manifest"] = parse_manifest(
                          ^^^^^^^^^^^^^^^
  File "/home/airflow/.local/lib/python3.12/site-packages/dbt/parser/manifest.py", line 2264, in parse_manifest
    write_manifest(manifest, runtime_config.project_target_path)
  File "/home/airflow/.local/lib/python3.12/site-packages/dbt/parser/manifest.py", line 2239, in write_manifest
    manifest.write(path)
  File "/home/airflow/.local/lib/python3.12/site-packages/dbt/contracts/graph/manifest.py", line 1288, in write
    writable.write(path)
  File "/home/airflow/.local/lib/python3.12/site-packages/dbt/artifacts/schemas/base.py", line 36, in write
    write_json(path, self.to_dict(omit_none=False, context={"artifact": True}))  # type: ignore
    ^^^^^^^^^^^^^^^^^^^^^^^^^^^^^^^^^^^^^^^^^^^^^^^^^^^^^^^^^^^^^^^^^^^^^^^^^^^
  File "/home/airflow/.local/lib/python3.12/site-packages/dbt_common/clients/system.py", line 310, in write_json
    with open(path, "w", encoding="utf-8") as f:
         ^^^^^^^^^^^^^^^^^^^^^^^^^^^^^^^^^
PermissionError: [Errno 13] Permission denied: '/opt/airflow/dbt/target/manifest.json'

[0m22:06:31.637251 [debug] [MainThread]: Resource report: {"command_name": "run", "command_success": false, "command_wall_clock_time": 0.85620093, "process_in_blocks": "0", "process_kernel_time": 1.313519, "process_mem_max_rss": "211760", "process_out_blocks": "16", "process_user_time": 2.296412}
[0m22:06:31.637757 [debug] [MainThread]: Command `dbt run` failed at 22:06:31.637677 after 0.86 seconds
[0m22:06:31.638025 [debug] [MainThread]: Sending event: {'category': 'dbt', 'action': 'invocation', 'label': 'end', 'context': [<snowplow_tracker.self_describing_json.SelfDescribingJson object at 0x7742339edac0>, <snowplow_tracker.self_describing_json.SelfDescribingJson object at 0x7742006aa600>, <snowplow_tracker.self_describing_json.SelfDescribingJson object at 0x7742001d9340>]}
[0m22:06:31.638267 [debug] [MainThread]: Flushing usage events
[0m22:06:32.185360 [debug] [MainThread]: An error was encountered while trying to flush usage events
[0m22:06:34.579015 [debug] [MainThread]: Sending event: {'category': 'dbt', 'action': 'invocation', 'label': 'start', 'context': [<snowplow_tracker.self_describing_json.SelfDescribingJson object at 0x7191152df350>, <snowplow_tracker.self_describing_json.SelfDescribingJson object at 0x719114d37890>, <snowplow_tracker.self_describing_json.SelfDescribingJson object at 0x719114978d10>]}


============================== 22:06:34.584988 | 272f056e-2a01-481a-a9c2-8b0cc3e9fd7a ==============================
[0m22:06:34.584988 [info ] [MainThread]: Running with dbt=1.11.11
[0m22:06:34.585349 [debug] [MainThread]: running dbt with arguments {'send_anonymous_usage_stats': 'True', 'printer_width': '80', 'warn_error_options': 'WarnErrorOptionsV2(error=[], warn=[], silence=[])', 'log_format': 'default', 'empty': 'False', 'version_check': 'True', 'profiles_dir': '/opt/airflow/dbt', 'target_path': 'None', 'partial_parse': 'True', 'log_path': '/opt/airflow/dbt/logs', 'indirect_selection': 'eager', 'warn_error': 'None', 'log_cache_events': 'False', 'no_print': 'None', 'write_json': 'True', 'use_colors': 'True', 'debug': 'False', 'fail_fast': 'False', 'invocation_command': 'dbt run --select silver', 'quiet': 'False', 'static_parser': 'True', 'use_experimental_parser': 'False', 'introspect': 'True', 'cache_selected_only': 'False'}
[0m22:06:34.984795 [debug] [MainThread]: Snowflake adapter: Setting snowflake.connector to ERROR (file logging only)
[0m22:06:34.985133 [debug] [MainThread]: Snowflake adapter: Setting botocore to ERROR (file logging only)
[0m22:06:34.985372 [debug] [MainThread]: Snowflake adapter: Setting boto3 to ERROR (file logging only)
[0m22:06:35.105327 [debug] [MainThread]: Sending event: {'category': 'dbt', 'action': 'project_id', 'label': '272f056e-2a01-481a-a9c2-8b0cc3e9fd7a', 'context': [<snowplow_tracker.self_describing_json.SelfDescribingJson object at 0x71910d9a1130>]}
[0m22:06:35.147825 [debug] [MainThread]: Sending event: {'category': 'dbt', 'action': 'adapter_info', 'label': '272f056e-2a01-481a-a9c2-8b0cc3e9fd7a', 'context': [<snowplow_tracker.self_describing_json.SelfDescribingJson object at 0x7190e20a5e20>]}
[0m22:06:35.148422 [info ] [MainThread]: Registered adapter: snowflake=1.11.5
[0m22:06:35.222046 [debug] [MainThread]: checksum: 30a8cc8fdcbf66701b0944d4ccce3fa46dd04b61e5df68b9f16d57b2e0e3f0be, vars: {}, profile: , target: , version: 1.11.11
[0m22:06:35.303093 [debug] [MainThread]: Partial parsing enabled: 0 files deleted, 0 files added, 0 files changed.
[0m22:06:35.303438 [debug] [MainThread]: Nothing changed, skipping partial parsing.
[0m22:06:35.303651 [debug] [MainThread]: Partial parsing enabled, no changes found, skipping parsing
[0m22:06:35.336918 [debug] [MainThread]: Sending event: {'category': 'dbt', 'action': 'load_project', 'label': '272f056e-2a01-481a-a9c2-8b0cc3e9fd7a', 'context': [<snowplow_tracker.self_describing_json.SelfDescribingJson object at 0x7190e138bb30>]}
[0m22:06:35.393254 [error] [MainThread]: Encountered an error:
[Errno 13] Permission denied: '/opt/airflow/dbt/target/manifest.json'
[0m22:06:35.394585 [error] [MainThread]: Traceback (most recent call last):
  File "/home/airflow/.local/lib/python3.12/site-packages/dbt/cli/requires.py", line 182, in wrapper
    result, success = func(*args, **kwargs)
                      ^^^^^^^^^^^^^^^^^^^^^
  File "/home/airflow/.local/lib/python3.12/site-packages/dbt/cli/requires.py", line 128, in wrapper
    return func(*args, **kwargs)
           ^^^^^^^^^^^^^^^^^^^^^
  File "/home/airflow/.local/lib/python3.12/site-packages/dbt/cli/requires.py", line 276, in wrapper
    return func(*args, **kwargs)
           ^^^^^^^^^^^^^^^^^^^^^
  File "/home/airflow/.local/lib/python3.12/site-packages/dbt/cli/requires.py", line 321, in wrapper
    return func(*args, **kwargs)
           ^^^^^^^^^^^^^^^^^^^^^
  File "/home/airflow/.local/lib/python3.12/site-packages/dbt/cli/requires.py", line 391, in wrapper
    return func(*args, **kwargs)
           ^^^^^^^^^^^^^^^^^^^^^
  File "/home/airflow/.local/lib/python3.12/site-packages/dbt/cli/requires.py", line 368, in wrapper
    return func(*args, **kwargs)
           ^^^^^^^^^^^^^^^^^^^^^
  File "/home/airflow/.local/lib/python3.12/site-packages/dbt/cli/requires.py", line 407, in wrapper
    setup_manifest(ctx, write=write, write_perf_info=write_perf_info)
  File "/home/airflow/.local/lib/python3.12/site-packages/dbt/cli/requires.py", line 434, in setup_manifest
    ctx.obj["manifest"] = parse_manifest(
                          ^^^^^^^^^^^^^^^
  File "/home/airflow/.local/lib/python3.12/site-packages/dbt/parser/manifest.py", line 2264, in parse_manifest
    write_manifest(manifest, runtime_config.project_target_path)
  File "/home/airflow/.local/lib/python3.12/site-packages/dbt/parser/manifest.py", line 2239, in write_manifest
    manifest.write(path)
  File "/home/airflow/.local/lib/python3.12/site-packages/dbt/contracts/graph/manifest.py", line 1288, in write
    writable.write(path)
  File "/home/airflow/.local/lib/python3.12/site-packages/dbt/artifacts/schemas/base.py", line 36, in write
    write_json(path, self.to_dict(omit_none=False, context={"artifact": True}))  # type: ignore
    ^^^^^^^^^^^^^^^^^^^^^^^^^^^^^^^^^^^^^^^^^^^^^^^^^^^^^^^^^^^^^^^^^^^^^^^^^^^
  File "/home/airflow/.local/lib/python3.12/site-packages/dbt_common/clients/system.py", line 310, in write_json
    with open(path, "w", encoding="utf-8") as f:
         ^^^^^^^^^^^^^^^^^^^^^^^^^^^^^^^^^
PermissionError: [Errno 13] Permission denied: '/opt/airflow/dbt/target/manifest.json'

[0m22:06:35.395457 [debug] [MainThread]: Resource report: {"command_name": "run", "command_success": false, "command_wall_clock_time": 0.85426265, "process_in_blocks": "0", "process_kernel_time": 1.32658, "process_mem_max_rss": "211696", "process_out_blocks": "8", "process_user_time": 2.297541}
[0m22:06:35.396002 [debug] [MainThread]: Command `dbt run` failed at 22:06:35.395921 after 0.85 seconds
[0m22:06:35.396305 [debug] [MainThread]: Sending event: {'category': 'dbt', 'action': 'invocation', 'label': 'end', 'context': [<snowplow_tracker.self_describing_json.SelfDescribingJson object at 0x719113dd12b0>, <snowplow_tracker.self_describing_json.SelfDescribingJson object at 0x7190e1eafaa0>, <snowplow_tracker.self_describing_json.SelfDescribingJson object at 0x7190e0b2fbc0>]}
[0m22:06:35.396597 [debug] [MainThread]: Flushing usage events
[0m22:06:35.941187 [debug] [MainThread]: An error was encountered while trying to flush usage events
[0m22:07:15.214445 [debug] [MainThread]: Sending event: {'category': 'dbt', 'action': 'invocation', 'label': 'start', 'context': [<snowplow_tracker.self_describing_json.SelfDescribingJson object at 0x706af7e0b380>, <snowplow_tracker.self_describing_json.SelfDescribingJson object at 0x706af8ffc0b0>, <snowplow_tracker.self_describing_json.SelfDescribingJson object at 0x706af7e080e0>]}


============================== 22:07:15.220488 | 21c44274-5c58-4d27-af2c-6d0b7d859005 ==============================
[0m22:07:15.220488 [info ] [MainThread]: Running with dbt=1.11.11
[0m22:07:15.221058 [debug] [MainThread]: running dbt with arguments {'target_path': 'None', 'log_path': '/opt/airflow/dbt/logs', 'invocation_command': 'dbt run --select silver', 'send_anonymous_usage_stats': 'True', 'printer_width': '80', 'no_print': 'None', 'partial_parse': 'True', 'indirect_selection': 'eager', 'warn_error': 'None', 'write_json': 'True', 'use_colors': 'True', 'warn_error_options': 'WarnErrorOptionsV2(error=[], warn=[], silence=[])', 'quiet': 'False', 'profiles_dir': '/opt/airflow/dbt', 'debug': 'False', 'log_cache_events': 'False', 'empty': 'False', 'use_experimental_parser': 'False', 'introspect': 'True', 'static_parser': 'True', 'cache_selected_only': 'False', 'fail_fast': 'False', 'log_format': 'default', 'version_check': 'True'}
[0m22:07:15.617500 [debug] [MainThread]: Snowflake adapter: Setting snowflake.connector to ERROR (file logging only)
[0m22:07:15.617828 [debug] [MainThread]: Snowflake adapter: Setting botocore to ERROR (file logging only)
[0m22:07:15.618048 [debug] [MainThread]: Snowflake adapter: Setting boto3 to ERROR (file logging only)
[0m22:07:15.738227 [debug] [MainThread]: Sending event: {'category': 'dbt', 'action': 'project_id', 'label': '21c44274-5c58-4d27-af2c-6d0b7d859005', 'context': [<snowplow_tracker.self_describing_json.SelfDescribingJson object at 0x706af7c9e6c0>]}
[0m22:07:15.780894 [debug] [MainThread]: Sending event: {'category': 'dbt', 'action': 'adapter_info', 'label': '21c44274-5c58-4d27-af2c-6d0b7d859005', 'context': [<snowplow_tracker.self_describing_json.SelfDescribingJson object at 0x706ac566b890>]}
[0m22:07:15.781468 [info ] [MainThread]: Registered adapter: snowflake=1.11.5
[0m22:07:15.852898 [debug] [MainThread]: checksum: 30a8cc8fdcbf66701b0944d4ccce3fa46dd04b61e5df68b9f16d57b2e0e3f0be, vars: {}, profile: , target: , version: 1.11.11
[0m22:07:15.931016 [debug] [MainThread]: Partial parsing enabled: 0 files deleted, 0 files added, 0 files changed.
[0m22:07:15.931319 [debug] [MainThread]: Nothing changed, skipping partial parsing.
[0m22:07:15.931510 [debug] [MainThread]: Partial parsing enabled, no changes found, skipping parsing
[0m22:07:15.963146 [debug] [MainThread]: Sending event: {'category': 'dbt', 'action': 'load_project', 'label': '21c44274-5c58-4d27-af2c-6d0b7d859005', 'context': [<snowplow_tracker.self_describing_json.SelfDescribingJson object at 0x706abffc5580>]}
[0m22:07:16.018653 [error] [MainThread]: Encountered an error:
[Errno 13] Permission denied: '/opt/airflow/dbt/target/manifest.json'
[0m22:07:16.020011 [error] [MainThread]: Traceback (most recent call last):
  File "/home/airflow/.local/lib/python3.12/site-packages/dbt/cli/requires.py", line 182, in wrapper
    result, success = func(*args, **kwargs)
                      ^^^^^^^^^^^^^^^^^^^^^
  File "/home/airflow/.local/lib/python3.12/site-packages/dbt/cli/requires.py", line 128, in wrapper
    return func(*args, **kwargs)
           ^^^^^^^^^^^^^^^^^^^^^
  File "/home/airflow/.local/lib/python3.12/site-packages/dbt/cli/requires.py", line 276, in wrapper
    return func(*args, **kwargs)
           ^^^^^^^^^^^^^^^^^^^^^
  File "/home/airflow/.local/lib/python3.12/site-packages/dbt/cli/requires.py", line 321, in wrapper
    return func(*args, **kwargs)
           ^^^^^^^^^^^^^^^^^^^^^
  File "/home/airflow/.local/lib/python3.12/site-packages/dbt/cli/requires.py", line 391, in wrapper
    return func(*args, **kwargs)
           ^^^^^^^^^^^^^^^^^^^^^
  File "/home/airflow/.local/lib/python3.12/site-packages/dbt/cli/requires.py", line 368, in wrapper
    return func(*args, **kwargs)
           ^^^^^^^^^^^^^^^^^^^^^
  File "/home/airflow/.local/lib/python3.12/site-packages/dbt/cli/requires.py", line 407, in wrapper
    setup_manifest(ctx, write=write, write_perf_info=write_perf_info)
  File "/home/airflow/.local/lib/python3.12/site-packages/dbt/cli/requires.py", line 434, in setup_manifest
    ctx.obj["manifest"] = parse_manifest(
                          ^^^^^^^^^^^^^^^
  File "/home/airflow/.local/lib/python3.12/site-packages/dbt/parser/manifest.py", line 2264, in parse_manifest
    write_manifest(manifest, runtime_config.project_target_path)
  File "/home/airflow/.local/lib/python3.12/site-packages/dbt/parser/manifest.py", line 2239, in write_manifest
    manifest.write(path)
  File "/home/airflow/.local/lib/python3.12/site-packages/dbt/contracts/graph/manifest.py", line 1288, in write
    writable.write(path)
  File "/home/airflow/.local/lib/python3.12/site-packages/dbt/artifacts/schemas/base.py", line 36, in write
    write_json(path, self.to_dict(omit_none=False, context={"artifact": True}))  # type: ignore
    ^^^^^^^^^^^^^^^^^^^^^^^^^^^^^^^^^^^^^^^^^^^^^^^^^^^^^^^^^^^^^^^^^^^^^^^^^^^
  File "/home/airflow/.local/lib/python3.12/site-packages/dbt_common/clients/system.py", line 310, in write_json
    with open(path, "w", encoding="utf-8") as f:
         ^^^^^^^^^^^^^^^^^^^^^^^^^^^^^^^^^
PermissionError: [Errno 13] Permission denied: '/opt/airflow/dbt/target/manifest.json'

[0m22:07:16.020815 [debug] [MainThread]: Resource report: {"command_name": "run", "command_success": false, "command_wall_clock_time": 0.84358734, "process_in_blocks": "0", "process_kernel_time": 1.292971, "process_mem_max_rss": "211932", "process_out_blocks": "16", "process_user_time": 2.293175}
[0m22:07:16.021355 [debug] [MainThread]: Command `dbt run` failed at 22:07:16.021276 after 0.84 seconds
[0m22:07:16.021627 [debug] [MainThread]: Sending event: {'category': 'dbt', 'action': 'invocation', 'label': 'end', 'context': [<snowplow_tracker.self_describing_json.SelfDescribingJson object at 0x706af6945400>, <snowplow_tracker.self_describing_json.SelfDescribingJson object at 0x706ac4bffad0>, <snowplow_tracker.self_describing_json.SelfDescribingJson object at 0x706ac4177fe0>]}
[0m22:07:16.021855 [debug] [MainThread]: Flushing usage events
[0m22:07:16.567230 [debug] [MainThread]: An error was encountered while trying to flush usage events
[0m22:08:20.947904 [debug] [MainThread]: Sending event: {'category': 'dbt', 'action': 'invocation', 'label': 'start', 'context': [<snowplow_tracker.self_describing_json.SelfDescribingJson object at 0x7aacdff43350>, <snowplow_tracker.self_describing_json.SelfDescribingJson object at 0x7aace06c4d70>, <snowplow_tracker.self_describing_json.SelfDescribingJson object at 0x7aacde963800>]}


============================== 22:08:20.953862 | c1b7cf41-60be-4296-bcb5-584bf5aec8ef ==============================
[0m22:08:20.953862 [info ] [MainThread]: Running with dbt=1.11.11
[0m22:08:20.954443 [debug] [MainThread]: running dbt with arguments {'log_cache_events': 'False', 'warn_error_options': 'WarnErrorOptionsV2(error=[], warn=[], silence=[])', 'use_colors': 'True', 'debug': 'False', 'quiet': 'False', 'static_parser': 'True', 'partial_parse': 'True', 'log_path': '/opt/airflow/dbt/logs', 'send_anonymous_usage_stats': 'True', 'target_path': 'None', 'introspect': 'True', 'fail_fast': 'False', 'cache_selected_only': 'False', 'warn_error': 'None', 'write_json': 'True', 'no_print': 'None', 'version_check': 'True', 'invocation_command': 'dbt debug', 'empty': 'None', 'profiles_dir': '/opt/airflow/dbt', 'indirect_selection': 'eager', 'log_format': 'default', 'use_experimental_parser': 'False', 'printer_width': '80'}
[0m22:08:20.959529 [info ] [MainThread]: dbt version: 1.11.11
[0m22:08:20.959813 [info ] [MainThread]: python version: 3.12.4
[0m22:08:20.960017 [info ] [MainThread]: python path: /home/airflow/.local/bin/python
[0m22:08:20.960197 [info ] [MainThread]: os info: Linux-6.8.0-51-generic-x86_64-with-glibc2.36
[0m22:08:21.338359 [debug] [MainThread]: Snowflake adapter: Setting snowflake.connector to ERROR (file logging only)
[0m22:08:21.338703 [debug] [MainThread]: Snowflake adapter: Setting botocore to ERROR (file logging only)
[0m22:08:21.338937 [debug] [MainThread]: Snowflake adapter: Setting boto3 to ERROR (file logging only)
[0m22:08:21.378370 [info ] [MainThread]: Using profiles dir at /opt/airflow/dbt
[0m22:08:21.378655 [info ] [MainThread]: Using profiles.yml file at /opt/airflow/dbt/profiles.yml
[0m22:08:21.378878 [info ] [MainThread]: Using dbt_project.yml file at /opt/airflow/dbt/dbt_project.yml
[0m22:08:21.379178 [info ] [MainThread]: adapter type: snowflake
[0m22:08:21.379396 [info ] [MainThread]: adapter version: 1.11.5
[0m22:08:21.446618 [info ] [MainThread]: Configuration:
[0m22:08:21.446968 [info ] [MainThread]:   profiles.yml file [[32mOK found and valid[0m]
[0m22:08:21.447194 [info ] [MainThread]:   dbt_project.yml file [[32mOK found and valid[0m]
[0m22:08:21.447373 [info ] [MainThread]: Required dependencies:
[0m22:08:21.447567 [debug] [MainThread]: Executing "git --help"
[0m22:08:21.448351 [info ] [MainThread]:  - git [[31mERROR[0m]

[0m22:08:21.448602 [info ] [MainThread]: Connection:
[0m22:08:21.448797 [info ] [MainThread]:   account: GTFKWVR-TDC55215
[0m22:08:21.448975 [info ] [MainThread]:   user: yaminpal
[0m22:08:21.449144 [info ] [MainThread]:   database: SALES_DB
[0m22:08:21.449303 [info ] [MainThread]:   warehouse: COMPUTE_WH
[0m22:08:21.449467 [info ] [MainThread]:   role: ACCOUNTADMIN
[0m22:08:21.449643 [info ] [MainThread]:   schema: RAW
[0m22:08:21.449813 [info ] [MainThread]:   authenticator: None
[0m22:08:21.449972 [info ] [MainThread]:   oauth_client_id: None
[0m22:08:21.450137 [info ] [MainThread]:   query_tag: None
[0m22:08:21.450290 [info ] [MainThread]:   client_session_keep_alive: False
[0m22:08:21.450458 [info ] [MainThread]:   host: None
[0m22:08:21.450620 [info ] [MainThread]:   port: None
[0m22:08:21.450792 [info ] [MainThread]:   proxy_host: None
[0m22:08:21.450967 [info ] [MainThread]:   proxy_port: None
[0m22:08:21.451132 [info ] [MainThread]:   protocol: None
[0m22:08:21.451285 [info ] [MainThread]:   connect_retries: 1
[0m22:08:21.451441 [info ] [MainThread]:   connect_timeout: None
[0m22:08:21.451591 [info ] [MainThread]:   retry_on_database_errors: False
[0m22:08:21.451743 [info ] [MainThread]:   retry_all: False
[0m22:08:21.451894 [info ] [MainThread]:   insecure_mode: False
[0m22:08:21.452053 [info ] [MainThread]:   reuse_connections: True
[0m22:08:21.452210 [info ] [MainThread]:   s3_stage_vpce_dns_name: None
[0m22:08:21.452374 [info ] [MainThread]:   platform_detection_timeout_seconds: 0.0
[0m22:08:21.452745 [info ] [MainThread]: Registered adapter: snowflake=1.11.5
[0m22:08:21.521838 [debug] [MainThread]: Acquiring new snowflake connection 'debug'
[0m22:08:21.536476 [debug] [MainThread]: Using snowflake connection "debug"
[0m22:08:21.536793 [debug] [MainThread]: On debug: select 1 as id
[0m22:08:21.536985 [debug] [MainThread]: Opening a new connection, currently in state init
[0m22:08:22.981381 [debug] [MainThread]: SQL status: SUCCESS 1 in 1.444 seconds
[0m22:08:22.984178 [info ] [MainThread]:   Connection test: [[32mOK connection ok[0m]

[0m22:08:22.985054 [info ] [MainThread]: [31m1 check failed:[0m
[0m22:08:22.985743 [info ] [MainThread]: Error from git --help: User does not have permissions for this command: "git"

[0m22:08:22.987459 [debug] [MainThread]: Resource report: {"command_name": "debug", "command_success": false, "command_wall_clock_time": 2.0757384, "process_in_blocks": "0", "process_kernel_time": 1.294989, "process_mem_max_rss": "216512", "process_out_blocks": "40", "process_user_time": 2.119982}
[0m22:08:22.988218 [debug] [MainThread]: Command `dbt debug` failed at 22:08:22.988046 after 2.08 seconds
[0m22:08:22.988705 [debug] [MainThread]: Connection 'debug' was left open.
[0m22:08:22.989135 [debug] [MainThread]: On debug: Close
[0m22:08:23.308725 [debug] [MainThread]: Sending event: {'category': 'dbt', 'action': 'invocation', 'label': 'end', 'context': [<snowplow_tracker.self_describing_json.SelfDescribingJson object at 0x7aacdf38bfb0>, <snowplow_tracker.self_describing_json.SelfDescribingJson object at 0x7aacc7350980>, <snowplow_tracker.self_describing_json.SelfDescribingJson object at 0x7aacac8f6180>]}
[0m22:08:23.310290 [debug] [MainThread]: Flushing usage events
[0m22:08:23.855960 [debug] [MainThread]: An error was encountered while trying to flush usage events
[0m22:08:27.220588 [debug] [MainThread]: Sending event: {'category': 'dbt', 'action': 'invocation', 'label': 'start', 'context': [<snowplow_tracker.self_describing_json.SelfDescribingJson object at 0x735f5402b410>, <snowplow_tracker.self_describing_json.SelfDescribingJson object at 0x735f5297bd70>, <snowplow_tracker.self_describing_json.SelfDescribingJson object at 0x735f5363e6f0>]}


============================== 22:08:27.224632 | fc619872-78dc-40a7-baff-5f6f8e188da1 ==============================
[0m22:08:27.224632 [info ] [MainThread]: Running with dbt=1.11.11
[0m22:08:27.224972 [debug] [MainThread]: running dbt with arguments {'fail_fast': 'False', 'profiles_dir': '/opt/airflow/dbt', 'static_parser': 'True', 'no_print': 'None', 'quiet': 'False', 'use_experimental_parser': 'False', 'write_json': 'True', 'printer_width': '80', 'partial_parse': 'True', 'send_anonymous_usage_stats': 'True', 'empty': 'False', 'version_check': 'True', 'target_path': 'None', 'use_colors': 'True', 'introspect': 'True', 'invocation_command': 'dbt run', 'debug': 'False', 'cache_selected_only': 'False', 'warn_error_options': 'WarnErrorOptionsV2(error=[], warn=[], silence=[])', 'log_cache_events': 'False', 'log_path': '/opt/airflow/dbt/logs', 'warn_error': 'None', 'indirect_selection': 'eager', 'log_format': 'default'}
[0m22:08:27.607392 [debug] [MainThread]: Snowflake adapter: Setting snowflake.connector to ERROR (file logging only)
[0m22:08:27.607755 [debug] [MainThread]: Snowflake adapter: Setting botocore to ERROR (file logging only)
[0m22:08:27.607970 [debug] [MainThread]: Snowflake adapter: Setting boto3 to ERROR (file logging only)
[0m22:08:27.725373 [debug] [MainThread]: Sending event: {'category': 'dbt', 'action': 'project_id', 'label': 'fc619872-78dc-40a7-baff-5f6f8e188da1', 'context': [<snowplow_tracker.self_describing_json.SelfDescribingJson object at 0x735f209fe960>]}
[0m22:08:27.767968 [debug] [MainThread]: Sending event: {'category': 'dbt', 'action': 'adapter_info', 'label': 'fc619872-78dc-40a7-baff-5f6f8e188da1', 'context': [<snowplow_tracker.self_describing_json.SelfDescribingJson object at 0x735f21321d30>]}
[0m22:08:27.768575 [info ] [MainThread]: Registered adapter: snowflake=1.11.5
[0m22:08:27.842058 [debug] [MainThread]: checksum: 30a8cc8fdcbf66701b0944d4ccce3fa46dd04b61e5df68b9f16d57b2e0e3f0be, vars: {}, profile: , target: , version: 1.11.11
[0m22:08:27.917847 [debug] [MainThread]: Partial parsing enabled: 0 files deleted, 0 files added, 0 files changed.
[0m22:08:27.918134 [debug] [MainThread]: Nothing changed, skipping partial parsing.
[0m22:08:27.918340 [debug] [MainThread]: Partial parsing enabled, no changes found, skipping parsing
[0m22:08:27.948800 [debug] [MainThread]: Sending event: {'category': 'dbt', 'action': 'load_project', 'label': 'fc619872-78dc-40a7-baff-5f6f8e188da1', 'context': [<snowplow_tracker.self_describing_json.SelfDescribingJson object at 0x735f20865c10>]}
[0m22:08:28.010713 [debug] [MainThread]: Wrote artifact WritableManifest to /opt/airflow/dbt/target/manifest.json
[0m22:08:28.011745 [debug] [MainThread]: Wrote artifact SemanticManifest to /opt/airflow/dbt/target/semantic_manifest.json
[0m22:08:28.020605 [debug] [MainThread]: Sending event: {'category': 'dbt', 'action': 'resource_counts', 'label': 'fc619872-78dc-40a7-baff-5f6f8e188da1', 'context': [<snowplow_tracker.self_describing_json.SelfDescribingJson object at 0x735f201aeae0>]}
[0m22:08:28.020907 [info ] [MainThread]: Found 5 models, 7 data tests, 3 sources, 537 macros
[0m22:08:28.021122 [debug] [MainThread]: Sending event: {'category': 'dbt', 'action': 'runnable_timing', 'label': 'fc619872-78dc-40a7-baff-5f6f8e188da1', 'context': [<snowplow_tracker.self_describing_json.SelfDescribingJson object at 0x735f20017bc0>]}
[0m22:08:28.022391 [info ] [MainThread]: 
[0m22:08:28.022690 [info ] [MainThread]: Concurrency: 4 threads (target='dev')
[0m22:08:28.022879 [info ] [MainThread]: 
[0m22:08:28.023203 [debug] [MainThread]: Acquiring new snowflake connection 'master'
[0m22:08:28.026356 [debug] [ThreadPool]: Acquiring new snowflake connection 'list_SALES_DB'
[0m22:08:28.033521 [debug] [ThreadPool]: Acquiring new snowflake connection 'list_SALES_DB'
[0m22:08:28.111961 [debug] [ThreadPool]: Using snowflake connection "list_SALES_DB"
[0m22:08:28.112330 [debug] [ThreadPool]: On list_SALES_DB: show terse schemas in database SALES_DB
    limit 10000
/* {"app": "dbt", "dbt_version": "1.11.11", "profile_name": "sales_etl", "target_name": "dev", "connection_name": "list_SALES_DB"} */
[0m22:08:28.112596 [debug] [ThreadPool]: Opening a new connection, currently in state init
[0m22:08:28.113591 [debug] [ThreadPool]: Using snowflake connection "list_SALES_DB"
[0m22:08:28.113848 [debug] [ThreadPool]: On list_SALES_DB: show terse schemas in database SALES_DB
    limit 10000
/* {"app": "dbt", "dbt_version": "1.11.11", "profile_name": "sales_etl", "target_name": "dev", "connection_name": "list_SALES_DB"} */
[0m22:08:28.114039 [debug] [ThreadPool]: Opening a new connection, currently in state init
[0m22:08:28.883851 [debug] [ThreadPool]: SQL status: SUCCESS 6 in 0.771 seconds
[0m22:08:29.852839 [debug] [ThreadPool]: SQL status: SUCCESS 6 in 1.739 seconds
[0m22:08:29.858309 [debug] [ThreadPool]: Re-using an available connection from the pool (formerly list_SALES_DB, now list_SALES_DB_SILVER)
[0m22:08:29.859814 [debug] [ThreadPool]: Re-using an available connection from the pool (formerly list_SALES_DB, now list_SALES_DB_GOLD)
[0m22:08:29.891917 [debug] [ThreadPool]: Using snowflake connection "list_SALES_DB_GOLD"
[0m22:08:29.892229 [debug] [ThreadPool]: On list_SALES_DB_GOLD: show objects in SALES_DB.GOLD
    limit 10000
    

/* {"app": "dbt", "dbt_version": "1.11.11", "profile_name": "sales_etl", "target_name": "dev", "connection_name": "list_SALES_DB_GOLD"} */;
[0m22:08:29.893655 [debug] [ThreadPool]: Using snowflake connection "list_SALES_DB_SILVER"
[0m22:08:29.893907 [debug] [ThreadPool]: On list_SALES_DB_SILVER: show objects in SALES_DB.SILVER
    limit 10000
    

/* {"app": "dbt", "dbt_version": "1.11.11", "profile_name": "sales_etl", "target_name": "dev", "connection_name": "list_SALES_DB_SILVER"} */;
[0m22:08:30.132651 [debug] [ThreadPool]: SQL status: SUCCESS 3 in 0.240 seconds
[0m22:08:30.134955 [debug] [ThreadPool]: SQL status: SUCCESS 2 in 0.241 seconds
[0m22:08:30.144871 [debug] [MainThread]: Sending event: {'category': 'dbt', 'action': 'runnable_timing', 'label': 'fc619872-78dc-40a7-baff-5f6f8e188da1', 'context': [<snowplow_tracker.self_describing_json.SelfDescribingJson object at 0x735f20a277d0>]}
[0m22:08:30.153890 [debug] [Thread-2 (]: Began running node model.sales_etl.silver_sales
[0m22:08:30.155019 [debug] [Thread-3 (]: Began running node model.sales_etl.silver_stores
[0m22:08:30.157090 [info ] [Thread-2 (]: 1 of 5 START sql table model SILVER.silver_sales ............................... [RUN]
[0m22:08:30.158683 [info ] [Thread-3 (]: 2 of 5 START sql table model SILVER.silver_stores .............................. [RUN]
[0m22:08:30.159839 [debug] [Thread-2 (]: Re-using an available connection from the pool (formerly list_SALES_DB_SILVER, now model.sales_etl.silver_sales)
[0m22:08:30.160870 [debug] [Thread-3 (]: Re-using an available connection from the pool (formerly list_SALES_DB_GOLD, now model.sales_etl.silver_stores)
[0m22:08:30.161750 [debug] [Thread-2 (]: Began compiling node model.sales_etl.silver_sales
[0m22:08:30.162476 [debug] [Thread-3 (]: Began compiling node model.sales_etl.silver_stores
[0m22:08:30.172156 [debug] [Thread-2 (]: Writing injected SQL for node "model.sales_etl.silver_sales"
[0m22:08:30.175102 [debug] [Thread-3 (]: Writing injected SQL for node "model.sales_etl.silver_stores"
[0m22:08:30.175758 [debug] [Thread-2 (]: Began executing node model.sales_etl.silver_sales
[0m22:08:30.195957 [debug] [Thread-2 (]: Writing runtime sql for node "model.sales_etl.silver_sales"
[0m22:08:30.196972 [debug] [Thread-2 (]: Using snowflake connection "model.sales_etl.silver_sales"
[0m22:08:30.197249 [debug] [Thread-2 (]: On model.sales_etl.silver_sales: create or replace transient table SALES_DB.SILVER.silver_sales
    
    
    
    as (with source as (

    select *
    from SALES_DB.RAW.sales

),

typed as (

    select
        store_token,
        transaction_id,
        receipt_token,
        try_to_timestamp(
            transaction_time,
            'YYYYMMDD"T"HH24MISS.FF3'
        ) as transaction_timestamp,
        try_to_number(amount,11,2) as amount,
        user_role,
        batch_date,
        source_file,
        load_timestamp
    from source

),

validated as (

    select
        *,
        case
            when amount is null then false
            when transaction_timestamp is null then false
            when store_token is null then false
            when transaction_id is null then false
            else true
        end as is_valid_record
    from typed

),

deduped as (

    select *
    from validated
    qualify row_number() over (
        partition by
            store_token,
            transaction_id
        order by
            load_timestamp desc
    ) = 1
)

select *
from deduped
    )

/* {"app": "dbt", "dbt_version": "1.11.11", "profile_name": "sales_etl", "target_name": "dev", "node_id": "model.sales_etl.silver_sales"} */;
[0m22:08:30.197879 [debug] [Thread-3 (]: Began executing node model.sales_etl.silver_stores
[0m22:08:30.200103 [debug] [Thread-3 (]: Writing runtime sql for node "model.sales_etl.silver_stores"
[0m22:08:30.200663 [debug] [Thread-3 (]: Using snowflake connection "model.sales_etl.silver_stores"
[0m22:08:30.201693 [debug] [Thread-3 (]: On model.sales_etl.silver_stores: create or replace transient table SALES_DB.SILVER.silver_stores
    
    
    
    as (with source as (

    select *
    from SALES_DB.RAW.stores

),

deduped as (

    select *
    from source
    qualify row_number() over (
        partition by store_token
        order by load_timestamp desc
    ) = 1

)

select *
from deduped
    )

/* {"app": "dbt", "dbt_version": "1.11.11", "profile_name": "sales_etl", "target_name": "dev", "node_id": "model.sales_etl.silver_stores"} */;
[0m22:08:31.462390 [debug] [Thread-2 (]: SQL status: SUCCESS 2240 in 1.264 seconds
[0m22:08:31.479846 [debug] [Thread-2 (]: Sending event: {'category': 'dbt', 'action': 'run_model', 'label': 'fc619872-78dc-40a7-baff-5f6f8e188da1', 'context': [<snowplow_tracker.self_describing_json.SelfDescribingJson object at 0x735f525b97c0>]}
[0m22:08:31.480295 [info ] [Thread-2 (]: 1 of 5 OK created sql table model SILVER.silver_sales .......................... [[32mSUCCESS 2240[0m in 1.32s]
[0m22:08:31.480709 [debug] [Thread-2 (]: Finished running node model.sales_etl.silver_sales
[0m22:08:31.481436 [debug] [Thread-5 (]: Began running node model.sales_etl.rpt_sales_by_transaction_date
[0m22:08:31.481935 [info ] [Thread-5 (]: 3 of 5 START sql table model GOLD.rpt_sales_by_transaction_date ................ [RUN]
[0m22:08:31.482271 [debug] [Thread-5 (]: Acquiring new snowflake connection 'model.sales_etl.rpt_sales_by_transaction_date'
[0m22:08:31.482519 [debug] [Thread-5 (]: Began compiling node model.sales_etl.rpt_sales_by_transaction_date
[0m22:08:31.484405 [debug] [Thread-5 (]: Writing injected SQL for node "model.sales_etl.rpt_sales_by_transaction_date"
[0m22:08:31.484974 [debug] [Thread-4 (]: Began running node model.sales_etl.rpt_transactions_by_batch
[0m22:08:31.485879 [info ] [Thread-4 (]: 4 of 5 START sql table model GOLD.rpt_transactions_by_batch .................... [RUN]
[0m22:08:31.486453 [debug] [Thread-4 (]: Acquiring new snowflake connection 'model.sales_etl.rpt_transactions_by_batch'
[0m22:08:31.486730 [debug] [Thread-4 (]: Began compiling node model.sales_etl.rpt_transactions_by_batch
[0m22:08:31.489670 [debug] [Thread-4 (]: Writing injected SQL for node "model.sales_etl.rpt_transactions_by_batch"
[0m22:08:31.490151 [debug] [Thread-4 (]: Began executing node model.sales_etl.rpt_transactions_by_batch
[0m22:08:31.491856 [debug] [Thread-4 (]: Writing runtime sql for node "model.sales_etl.rpt_transactions_by_batch"
[0m22:08:31.492816 [debug] [Thread-4 (]: Using snowflake connection "model.sales_etl.rpt_transactions_by_batch"
[0m22:08:31.493108 [debug] [Thread-4 (]: On model.sales_etl.rpt_transactions_by_batch: create or replace transient table SALES_DB.GOLD.rpt_transactions_by_batch
    
    
    
    as (with sales as (

    select *
    from SALES_DB.SILVER.silver_sales

),

audit as (

    select *
    from SALES_DB.RAW.file_audit
    where file_type = 'SALES'

)

select
    current_date() as snapshot_date,
    s.batch_date,
    max(a.rows_loaded) as total_processed_raw_transactions,
    count_if(s.is_valid_record) as valid_transactions,
    count_if(not s.is_valid_record) as invalid_transactions,
    max(a.load_timestamp)::date as processing_date
from sales s
left join audit a
    on s.batch_date = a.batch_date
group by
    s.batch_date
qualify row_number() over (
    order by s.batch_date desc
) <= 40
    )

/* {"app": "dbt", "dbt_version": "1.11.11", "profile_name": "sales_etl", "target_name": "dev", "node_id": "model.sales_etl.rpt_transactions_by_batch"} */;
[0m22:08:31.493386 [debug] [Thread-5 (]: Began executing node model.sales_etl.rpt_sales_by_transaction_date
[0m22:08:31.493695 [debug] [Thread-4 (]: Opening a new connection, currently in state init
[0m22:08:31.495583 [debug] [Thread-5 (]: Writing runtime sql for node "model.sales_etl.rpt_sales_by_transaction_date"
[0m22:08:31.497272 [debug] [Thread-5 (]: Using snowflake connection "model.sales_etl.rpt_sales_by_transaction_date"
[0m22:08:31.497597 [debug] [Thread-5 (]: On model.sales_etl.rpt_sales_by_transaction_date: create or replace transient table SALES_DB.GOLD.rpt_sales_by_transaction_date
    
    
    
    as (with sales as (

    select *
    from SALES_DB.SILVER.silver_sales

),

daily as (

    select
        current_date() as snapshot_date,
        cast(transaction_timestamp as date)
            as transaction_date,
        count(distinct store_token)
            as stores_with_transactions,
        sum(amount)
            as total_sales_amount,
        avg(amount)
            as total_sales_average
    from sales
    group by 2

),

monthly as (

    select
        *,
        sum(total_sales_amount) over (
            partition by
                date_trunc(
                    month,
                    transaction_date
                )
            order by transaction_date
        ) as monthly_accumulated_sales
    from daily
    
)

select *
from monthly
qualify row_number() over (
    order by transaction_date desc
) <= 40
    )

/* {"app": "dbt", "dbt_version": "1.11.11", "profile_name": "sales_etl", "target_name": "dev", "node_id": "model.sales_etl.rpt_sales_by_transaction_date"} */;
[0m22:08:31.497852 [debug] [Thread-5 (]: Opening a new connection, currently in state init
[0m22:08:32.093933 [debug] [Thread-3 (]: SQL status: SUCCESS 126 in 1.891 seconds
[0m22:08:32.099084 [debug] [Thread-3 (]: Sending event: {'category': 'dbt', 'action': 'run_model', 'label': 'fc619872-78dc-40a7-baff-5f6f8e188da1', 'context': [<snowplow_tracker.self_describing_json.SelfDescribingJson object at 0x735f19f13cb0>]}
[0m22:08:32.100320 [info ] [Thread-3 (]: 2 of 5 OK created sql table model SILVER.silver_stores ......................... [[32mSUCCESS 126[0m in 1.94s]
[0m22:08:32.101229 [debug] [Thread-3 (]: Finished running node model.sales_etl.silver_stores
[0m22:08:32.102291 [debug] [Thread-2 (]: Began running node model.sales_etl.rpt_top_5_sales_stores
[0m22:08:32.102939 [info ] [Thread-2 (]: 5 of 5 START sql table model GOLD.rpt_top_5_sales_stores ....................... [RUN]
[0m22:08:32.103405 [debug] [Thread-2 (]: Re-using an available connection from the pool (formerly model.sales_etl.silver_sales, now model.sales_etl.rpt_top_5_sales_stores)
[0m22:08:32.103780 [debug] [Thread-2 (]: Began compiling node model.sales_etl.rpt_top_5_sales_stores
[0m22:08:32.106143 [debug] [Thread-2 (]: Writing injected SQL for node "model.sales_etl.rpt_top_5_sales_stores"
[0m22:08:32.106535 [debug] [Thread-2 (]: Began executing node model.sales_etl.rpt_top_5_sales_stores
[0m22:08:32.108000 [debug] [Thread-2 (]: Writing runtime sql for node "model.sales_etl.rpt_top_5_sales_stores"
[0m22:08:32.108886 [debug] [Thread-2 (]: Using snowflake connection "model.sales_etl.rpt_top_5_sales_stores"
[0m22:08:32.109228 [debug] [Thread-2 (]: On model.sales_etl.rpt_top_5_sales_stores: create or replace transient table SALES_DB.GOLD.rpt_top_5_sales_stores
    
    
    
    as (with sales as (

    select *
    from SALES_DB.SILVER.silver_sales

),

stores as (

    select *
    from SALES_DB.SILVER.silver_stores

),

daily_sales as (

    select
        cast(
            transaction_timestamp as date
        ) as transaction_date,
        store_token,
        sum(amount) as total_sales
    from sales
    group by 1,2

),

ranked as (

    select
        *,
        dense_rank() over (
            partition by transaction_date
            order by total_sales desc
        ) as rank_id

    from daily_sales

)

select
    current_date() as snapshot_date,
    r.transaction_date,
    r.rank_id,
    r.total_sales,
    r.store_token,
    s.store_name
from ranked r
join stores s
    on r.store_token = s.store_token
where rank_id <= 5
qualify row_number() over (
    order by transaction_date desc
) <= 50
    )

/* {"app": "dbt", "dbt_version": "1.11.11", "profile_name": "sales_etl", "target_name": "dev", "node_id": "model.sales_etl.rpt_top_5_sales_stores"} */;
[0m22:08:33.053790 [debug] [Thread-2 (]: SQL status: SUCCESS 15 in 0.944 seconds
[0m22:08:33.059207 [debug] [Thread-2 (]: Sending event: {'category': 'dbt', 'action': 'run_model', 'label': 'fc619872-78dc-40a7-baff-5f6f8e188da1', 'context': [<snowplow_tracker.self_describing_json.SelfDescribingJson object at 0x735f1a9b5d00>]}
[0m22:08:33.060506 [info ] [Thread-2 (]: 5 of 5 OK created sql table model GOLD.rpt_top_5_sales_stores .................. [[32mSUCCESS 15[0m in 0.96s]
[0m22:08:33.061335 [debug] [Thread-2 (]: Finished running node model.sales_etl.rpt_top_5_sales_stores
[0m22:08:33.214503 [debug] [Thread-4 (]: SQL status: SUCCESS 3 in 1.720 seconds
[0m22:08:33.218912 [debug] [Thread-4 (]: Sending event: {'category': 'dbt', 'action': 'run_model', 'label': 'fc619872-78dc-40a7-baff-5f6f8e188da1', 'context': [<snowplow_tracker.self_describing_json.SelfDescribingJson object at 0x735f1a9b3230>]}
[0m22:08:33.220057 [info ] [Thread-4 (]: 4 of 5 OK created sql table model GOLD.rpt_transactions_by_batch ............... [[32mSUCCESS 3[0m in 1.73s]
[0m22:08:33.220918 [debug] [Thread-4 (]: Finished running node model.sales_etl.rpt_transactions_by_batch
[0m22:08:33.712246 [debug] [Thread-5 (]: SQL status: SUCCESS 3 in 2.214 seconds
[0m22:08:33.714888 [debug] [Thread-5 (]: Sending event: {'category': 'dbt', 'action': 'run_model', 'label': 'fc619872-78dc-40a7-baff-5f6f8e188da1', 'context': [<snowplow_tracker.self_describing_json.SelfDescribingJson object at 0x735f19f26ff0>]}
[0m22:08:33.715284 [info ] [Thread-5 (]: 3 of 5 OK created sql table model GOLD.rpt_sales_by_transaction_date ........... [[32mSUCCESS 3[0m in 2.23s]
[0m22:08:33.715659 [debug] [Thread-5 (]: Finished running node model.sales_etl.rpt_sales_by_transaction_date
[0m22:08:33.717777 [debug] [MainThread]: Connection 'master' was properly closed.
[0m22:08:33.718300 [debug] [MainThread]: Connection 'model.sales_etl.silver_stores' was left open.
[0m22:08:33.718724 [debug] [MainThread]: On model.sales_etl.silver_stores: Close
[0m22:08:34.034044 [debug] [MainThread]: Connection 'model.sales_etl.rpt_top_5_sales_stores' was left open.
[0m22:08:34.035071 [debug] [MainThread]: On model.sales_etl.rpt_top_5_sales_stores: Close
[0m22:08:34.344950 [debug] [MainThread]: Connection 'model.sales_etl.rpt_sales_by_transaction_date' was left open.
[0m22:08:34.346128 [debug] [MainThread]: On model.sales_etl.rpt_sales_by_transaction_date: Close
[0m22:08:34.678002 [debug] [MainThread]: Connection 'model.sales_etl.rpt_transactions_by_batch' was left open.
[0m22:08:34.679303 [debug] [MainThread]: On model.sales_etl.rpt_transactions_by_batch: Close
[0m22:08:35.002275 [info ] [MainThread]: 
[0m22:08:35.003278 [info ] [MainThread]: Finished running 5 table models in 0 hours 0 minutes and 6.98 seconds (6.98s).
[0m22:08:35.005780 [debug] [MainThread]: Command end result
[0m22:08:35.028069 [debug] [MainThread]: Wrote artifact WritableManifest to /opt/airflow/dbt/target/manifest.json
[0m22:08:35.029309 [debug] [MainThread]: Wrote artifact SemanticManifest to /opt/airflow/dbt/target/semantic_manifest.json
[0m22:08:35.033882 [debug] [MainThread]: Wrote artifact RunExecutionResult to /opt/airflow/dbt/target/run_results.json
[0m22:08:35.034164 [info ] [MainThread]: 
[0m22:08:35.034450 [info ] [MainThread]: [32mCompleted successfully[0m
[0m22:08:35.034828 [info ] [MainThread]: 
[0m22:08:35.035211 [info ] [MainThread]: Done. PASS=5 WARN=0 ERROR=0 SKIP=0 NO-OP=0 TOTAL=5
[0m22:08:35.036019 [debug] [MainThread]: Resource report: {"command_name": "run", "command_success": true, "command_wall_clock_time": 7.8523693, "process_in_blocks": "16", "process_kernel_time": 1.249173, "process_mem_max_rss": "232396", "process_out_blocks": "2728", "process_user_time": 2.798388}
[0m22:08:35.036336 [debug] [MainThread]: Command `dbt run` succeeded at 22:08:35.036274 after 7.85 seconds
[0m22:08:35.036578 [debug] [MainThread]: Sending event: {'category': 'dbt', 'action': 'invocation', 'label': 'end', 'context': [<snowplow_tracker.self_describing_json.SelfDescribingJson object at 0x735f528bf8f0>, <snowplow_tracker.self_describing_json.SelfDescribingJson object at 0x735f53259e20>, <snowplow_tracker.self_describing_json.SelfDescribingJson object at 0x735f529459a0>]}
[0m22:08:35.036821 [debug] [MainThread]: Flushing usage events
[0m22:08:35.716186 [debug] [MainThread]: An error was encountered while trying to flush usage events
[0m22:08:58.436347 [debug] [MainThread]: Sending event: {'category': 'dbt', 'action': 'invocation', 'label': 'start', 'context': [<snowplow_tracker.self_describing_json.SelfDescribingJson object at 0x7f6b999435f0>, <snowplow_tracker.self_describing_json.SelfDescribingJson object at 0x7f6b98da7f20>, <snowplow_tracker.self_describing_json.SelfDescribingJson object at 0x7f6b98f49070>]}


============================== 22:08:58.440672 | 49288c53-0771-4033-8a40-74e61a0071ae ==============================
[0m22:08:58.440672 [info ] [MainThread]: Running with dbt=1.11.11
[0m22:08:58.441032 [debug] [MainThread]: running dbt with arguments {'debug': 'False', 'indirect_selection': 'eager', 'printer_width': '80', 'warn_error_options': 'WarnErrorOptionsV2(error=[], warn=[], silence=[])', 'write_json': 'True', 'log_cache_events': 'False', 'profiles_dir': '/opt/airflow/dbt', 'send_anonymous_usage_stats': 'True', 'log_format': 'default', 'cache_selected_only': 'False', 'quiet': 'False', 'log_path': '/opt/airflow/dbt/logs', 'target_path': 'None', 'no_print': 'None', 'use_colors': 'True', 'invocation_command': 'dbt run --select silver', 'introspect': 'True', 'warn_error': 'None', 'version_check': 'True', 'use_experimental_parser': 'False', 'static_parser': 'True', 'empty': 'False', 'partial_parse': 'True', 'fail_fast': 'False'}
[0m22:08:58.859479 [debug] [MainThread]: Snowflake adapter: Setting snowflake.connector to ERROR (file logging only)
[0m22:08:58.859855 [debug] [MainThread]: Snowflake adapter: Setting botocore to ERROR (file logging only)
[0m22:08:58.860089 [debug] [MainThread]: Snowflake adapter: Setting boto3 to ERROR (file logging only)
[0m22:08:58.983557 [debug] [MainThread]: Sending event: {'category': 'dbt', 'action': 'project_id', 'label': '49288c53-0771-4033-8a40-74e61a0071ae', 'context': [<snowplow_tracker.self_describing_json.SelfDescribingJson object at 0x7f6b6634bbf0>]}
[0m22:08:59.027152 [debug] [MainThread]: Sending event: {'category': 'dbt', 'action': 'adapter_info', 'label': '49288c53-0771-4033-8a40-74e61a0071ae', 'context': [<snowplow_tracker.self_describing_json.SelfDescribingJson object at 0x7f6b97e88110>]}
[0m22:08:59.028045 [info ] [MainThread]: Registered adapter: snowflake=1.11.5
[0m22:08:59.101734 [debug] [MainThread]: checksum: 30a8cc8fdcbf66701b0944d4ccce3fa46dd04b61e5df68b9f16d57b2e0e3f0be, vars: {}, profile: , target: , version: 1.11.11
[0m22:08:59.182731 [debug] [MainThread]: Partial parsing enabled: 0 files deleted, 0 files added, 0 files changed.
[0m22:08:59.183163 [debug] [MainThread]: Nothing changed, skipping partial parsing.
[0m22:08:59.183400 [debug] [MainThread]: Partial parsing enabled, no changes found, skipping parsing
[0m22:08:59.216570 [debug] [MainThread]: Sending event: {'category': 'dbt', 'action': 'load_project', 'label': '49288c53-0771-4033-8a40-74e61a0071ae', 'context': [<snowplow_tracker.self_describing_json.SelfDescribingJson object at 0x7f6b6586eb70>]}
[0m22:08:59.285237 [debug] [MainThread]: Wrote artifact WritableManifest to /opt/airflow/dbt/target/manifest.json
[0m22:08:59.286779 [debug] [MainThread]: Wrote artifact SemanticManifest to /opt/airflow/dbt/target/semantic_manifest.json
[0m22:08:59.296669 [debug] [MainThread]: Sending event: {'category': 'dbt', 'action': 'resource_counts', 'label': '49288c53-0771-4033-8a40-74e61a0071ae', 'context': [<snowplow_tracker.self_describing_json.SelfDescribingJson object at 0x7f6b6519dd60>]}
[0m22:08:59.297049 [info ] [MainThread]: Found 5 models, 7 data tests, 3 sources, 537 macros
[0m22:08:59.297276 [debug] [MainThread]: Sending event: {'category': 'dbt', 'action': 'runnable_timing', 'label': '49288c53-0771-4033-8a40-74e61a0071ae', 'context': [<snowplow_tracker.self_describing_json.SelfDescribingJson object at 0x7f6b651c4530>]}
[0m22:08:59.298361 [info ] [MainThread]: 
[0m22:08:59.298637 [info ] [MainThread]: Concurrency: 4 threads (target='dev')
[0m22:08:59.298815 [info ] [MainThread]: 
[0m22:08:59.299147 [debug] [MainThread]: Acquiring new snowflake connection 'master'
[0m22:08:59.302161 [debug] [ThreadPool]: Acquiring new snowflake connection 'list_SALES_DB'
[0m22:08:59.330596 [debug] [ThreadPool]: Using snowflake connection "list_SALES_DB"
[0m22:08:59.331065 [debug] [ThreadPool]: On list_SALES_DB: show terse schemas in database SALES_DB
    limit 10000
/* {"app": "dbt", "dbt_version": "1.11.11", "profile_name": "sales_etl", "target_name": "dev", "connection_name": "list_SALES_DB"} */
[0m22:08:59.331300 [debug] [ThreadPool]: Opening a new connection, currently in state init
[0m22:09:00.850909 [debug] [ThreadPool]: SQL status: SUCCESS 6 in 1.519 seconds
[0m22:09:00.857011 [debug] [ThreadPool]: Re-using an available connection from the pool (formerly list_SALES_DB, now list_SALES_DB_SILVER)
[0m22:09:00.868168 [debug] [ThreadPool]: Acquiring new snowflake connection 'list_SALES_DB_GOLD'
[0m22:09:00.867903 [debug] [ThreadPool]: Using snowflake connection "list_SALES_DB_SILVER"
[0m22:09:00.870723 [debug] [ThreadPool]: Using snowflake connection "list_SALES_DB_GOLD"
[0m22:09:00.871121 [debug] [ThreadPool]: On list_SALES_DB_SILVER: show objects in SALES_DB.SILVER
    limit 10000
    

/* {"app": "dbt", "dbt_version": "1.11.11", "profile_name": "sales_etl", "target_name": "dev", "connection_name": "list_SALES_DB_SILVER"} */;
[0m22:09:00.871426 [debug] [ThreadPool]: On list_SALES_DB_GOLD: show objects in SALES_DB.GOLD
    limit 10000
    

/* {"app": "dbt", "dbt_version": "1.11.11", "profile_name": "sales_etl", "target_name": "dev", "connection_name": "list_SALES_DB_GOLD"} */;
[0m22:09:00.872550 [debug] [ThreadPool]: Opening a new connection, currently in state init
[0m22:09:01.125868 [debug] [ThreadPool]: SQL status: SUCCESS 2 in 0.254 seconds
[0m22:09:02.244306 [debug] [ThreadPool]: SQL status: SUCCESS 3 in 1.372 seconds
[0m22:09:02.247497 [debug] [MainThread]: Sending event: {'category': 'dbt', 'action': 'runnable_timing', 'label': '49288c53-0771-4033-8a40-74e61a0071ae', 'context': [<snowplow_tracker.self_describing_json.SelfDescribingJson object at 0x7f6b653be210>]}
[0m22:09:02.254364 [debug] [Thread-2 (]: Began running node model.sales_etl.silver_sales
[0m22:09:02.255689 [debug] [Thread-3 (]: Began running node model.sales_etl.silver_stores
[0m22:09:02.257289 [info ] [Thread-2 (]: 1 of 2 START sql table model SILVER.silver_sales ............................... [RUN]
[0m22:09:02.258807 [info ] [Thread-3 (]: 2 of 2 START sql table model SILVER.silver_stores .............................. [RUN]
[0m22:09:02.259977 [debug] [Thread-2 (]: Re-using an available connection from the pool (formerly list_SALES_DB_GOLD, now model.sales_etl.silver_sales)
[0m22:09:02.261257 [debug] [Thread-3 (]: Re-using an available connection from the pool (formerly list_SALES_DB_SILVER, now model.sales_etl.silver_stores)
[0m22:09:02.262540 [debug] [Thread-2 (]: Began compiling node model.sales_etl.silver_sales
[0m22:09:02.263877 [debug] [Thread-3 (]: Began compiling node model.sales_etl.silver_stores
[0m22:09:02.275209 [debug] [Thread-2 (]: Writing injected SQL for node "model.sales_etl.silver_sales"
[0m22:09:02.277202 [debug] [Thread-3 (]: Writing injected SQL for node "model.sales_etl.silver_stores"
[0m22:09:02.278113 [debug] [Thread-2 (]: Began executing node model.sales_etl.silver_sales
[0m22:09:02.288898 [debug] [Thread-3 (]: Began executing node model.sales_etl.silver_stores
[0m22:09:02.297430 [debug] [Thread-2 (]: Writing runtime sql for node "model.sales_etl.silver_sales"
[0m22:09:02.299172 [debug] [Thread-3 (]: Writing runtime sql for node "model.sales_etl.silver_stores"
[0m22:09:02.300061 [debug] [Thread-3 (]: Using snowflake connection "model.sales_etl.silver_stores"
[0m22:09:02.300336 [debug] [Thread-3 (]: On model.sales_etl.silver_stores: create or replace transient table SALES_DB.SILVER.silver_stores
    
    
    
    as (with source as (

    select *
    from SALES_DB.RAW.stores

),

deduped as (

    select *
    from source
    qualify row_number() over (
        partition by store_token
        order by load_timestamp desc
    ) = 1

)

select *
from deduped
    )

/* {"app": "dbt", "dbt_version": "1.11.11", "profile_name": "sales_etl", "target_name": "dev", "node_id": "model.sales_etl.silver_stores"} */;
[0m22:09:02.301442 [debug] [Thread-2 (]: Using snowflake connection "model.sales_etl.silver_sales"
[0m22:09:02.301728 [debug] [Thread-2 (]: On model.sales_etl.silver_sales: create or replace transient table SALES_DB.SILVER.silver_sales
    
    
    
    as (with source as (

    select *
    from SALES_DB.RAW.sales

),

typed as (

    select
        store_token,
        transaction_id,
        receipt_token,
        try_to_timestamp(
            transaction_time,
            'YYYYMMDD"T"HH24MISS.FF3'
        ) as transaction_timestamp,
        try_to_number(amount,11,2) as amount,
        user_role,
        batch_date,
        source_file,
        load_timestamp
    from source

),

validated as (

    select
        *,
        case
            when amount is null then false
            when transaction_timestamp is null then false
            when store_token is null then false
            when transaction_id is null then false
            else true
        end as is_valid_record
    from typed

),

deduped as (

    select *
    from validated
    qualify row_number() over (
        partition by
            store_token,
            transaction_id
        order by
            load_timestamp desc
    ) = 1
)

select *
from deduped
    )

/* {"app": "dbt", "dbt_version": "1.11.11", "profile_name": "sales_etl", "target_name": "dev", "node_id": "model.sales_etl.silver_sales"} */;
[0m22:09:03.248765 [debug] [Thread-2 (]: SQL status: SUCCESS 2240 in 0.946 seconds
[0m22:09:03.272797 [debug] [Thread-2 (]: Sending event: {'category': 'dbt', 'action': 'run_model', 'label': '49288c53-0771-4033-8a40-74e61a0071ae', 'context': [<snowplow_tracker.self_describing_json.SelfDescribingJson object at 0x7f6b64b5af30>]}
[0m22:09:03.273321 [info ] [Thread-2 (]: 1 of 2 OK created sql table model SILVER.silver_sales .......................... [[32mSUCCESS 2240[0m in 1.01s]
[0m22:09:03.273767 [debug] [Thread-2 (]: Finished running node model.sales_etl.silver_sales
[0m22:09:03.469595 [debug] [Thread-3 (]: SQL status: SUCCESS 126 in 1.169 seconds
[0m22:09:03.473000 [debug] [Thread-3 (]: Sending event: {'category': 'dbt', 'action': 'run_model', 'label': '49288c53-0771-4033-8a40-74e61a0071ae', 'context': [<snowplow_tracker.self_describing_json.SelfDescribingJson object at 0x7f6b641196a0>]}
[0m22:09:03.473453 [info ] [Thread-3 (]: 2 of 2 OK created sql table model SILVER.silver_stores ......................... [[32mSUCCESS 126[0m in 1.21s]
[0m22:09:03.473824 [debug] [Thread-3 (]: Finished running node model.sales_etl.silver_stores
[0m22:09:03.475943 [debug] [MainThread]: Connection 'master' was properly closed.
[0m22:09:03.476537 [debug] [MainThread]: Connection 'model.sales_etl.silver_stores' was left open.
[0m22:09:03.477052 [debug] [MainThread]: On model.sales_etl.silver_stores: Close
[0m22:09:03.809805 [debug] [MainThread]: Connection 'model.sales_etl.silver_sales' was left open.
[0m22:09:03.811006 [debug] [MainThread]: On model.sales_etl.silver_sales: Close
[0m22:09:04.103843 [info ] [MainThread]: 
[0m22:09:04.104985 [info ] [MainThread]: Finished running 2 table models in 0 hours 0 minutes and 4.80 seconds (4.80s).
[0m22:09:04.106752 [debug] [MainThread]: Command end result
[0m22:09:04.126954 [debug] [MainThread]: Wrote artifact WritableManifest to /opt/airflow/dbt/target/manifest.json
[0m22:09:04.128277 [debug] [MainThread]: Wrote artifact SemanticManifest to /opt/airflow/dbt/target/semantic_manifest.json
[0m22:09:04.131979 [debug] [MainThread]: Wrote artifact RunExecutionResult to /opt/airflow/dbt/target/run_results.json
[0m22:09:04.132206 [info ] [MainThread]: 
[0m22:09:04.132435 [info ] [MainThread]: [32mCompleted successfully[0m
[0m22:09:04.132616 [info ] [MainThread]: 
[0m22:09:04.132803 [info ] [MainThread]: Done. PASS=2 WARN=0 ERROR=0 SKIP=0 NO-OP=0 TOTAL=2
[0m22:09:04.133390 [debug] [MainThread]: Resource report: {"command_name": "run", "command_success": true, "command_wall_clock_time": 5.737916, "process_in_blocks": "0", "process_kernel_time": 1.300694, "process_mem_max_rss": "227564", "process_out_blocks": "2648", "process_user_time": 2.816173}
[0m22:09:04.133703 [debug] [MainThread]: Command `dbt run` succeeded at 22:09:04.133645 after 5.74 seconds
[0m22:09:04.133926 [debug] [MainThread]: Sending event: {'category': 'dbt', 'action': 'invocation', 'label': 'end', 'context': [<snowplow_tracker.self_describing_json.SelfDescribingJson object at 0x7f6b9aaed580>, <snowplow_tracker.self_describing_json.SelfDescribingJson object at 0x7f6b9a0f1400>, <snowplow_tracker.self_describing_json.SelfDescribingJson object at 0x7f6b97ec36e0>]}
[0m22:09:04.134158 [debug] [MainThread]: Flushing usage events
[0m22:09:04.679365 [debug] [MainThread]: An error was encountered while trying to flush usage events
[0m22:09:08.035363 [debug] [MainThread]: Sending event: {'category': 'dbt', 'action': 'invocation', 'label': 'start', 'context': [<snowplow_tracker.self_describing_json.SelfDescribingJson object at 0x72df9d15d8e0>, <snowplow_tracker.self_describing_json.SelfDescribingJson object at 0x72df9ed09700>, <snowplow_tracker.self_describing_json.SelfDescribingJson object at 0x72df9ce95d00>]}


============================== 22:09:08.041669 | 7328b745-57f8-413e-81fe-afb1f8cefc3b ==============================
[0m22:09:08.041669 [info ] [MainThread]: Running with dbt=1.11.11
[0m22:09:08.042306 [debug] [MainThread]: running dbt with arguments {'cache_selected_only': 'False', 'no_print': 'None', 'debug': 'False', 'version_check': 'True', 'invocation_command': 'dbt test', 'fail_fast': 'False', 'introspect': 'True', 'empty': 'None', 'warn_error_options': 'WarnErrorOptionsV2(error=[], warn=[], silence=[])', 'printer_width': '80', 'log_path': '/opt/airflow/dbt/logs', 'profiles_dir': '/opt/airflow/dbt', 'use_colors': 'True', 'quiet': 'False', 'partial_parse': 'True', 'log_format': 'default', 'target_path': 'None', 'indirect_selection': 'eager', 'static_parser': 'True', 'use_experimental_parser': 'False', 'warn_error': 'None', 'write_json': 'True', 'log_cache_events': 'False', 'send_anonymous_usage_stats': 'True'}
[0m22:09:08.468278 [debug] [MainThread]: Snowflake adapter: Setting snowflake.connector to ERROR (file logging only)
[0m22:09:08.468696 [debug] [MainThread]: Snowflake adapter: Setting botocore to ERROR (file logging only)
[0m22:09:08.468920 [debug] [MainThread]: Snowflake adapter: Setting boto3 to ERROR (file logging only)
[0m22:09:08.590829 [debug] [MainThread]: Sending event: {'category': 'dbt', 'action': 'project_id', 'label': '7328b745-57f8-413e-81fe-afb1f8cefc3b', 'context': [<snowplow_tracker.self_describing_json.SelfDescribingJson object at 0x72df6a457c80>]}
[0m22:09:08.633339 [debug] [MainThread]: Sending event: {'category': 'dbt', 'action': 'adapter_info', 'label': '7328b745-57f8-413e-81fe-afb1f8cefc3b', 'context': [<snowplow_tracker.self_describing_json.SelfDescribingJson object at 0x72df901078f0>]}
[0m22:09:08.633977 [info ] [MainThread]: Registered adapter: snowflake=1.11.5
[0m22:09:08.706764 [debug] [MainThread]: checksum: 30a8cc8fdcbf66701b0944d4ccce3fa46dd04b61e5df68b9f16d57b2e0e3f0be, vars: {}, profile: , target: , version: 1.11.11
[0m22:09:08.786949 [debug] [MainThread]: Partial parsing enabled: 0 files deleted, 0 files added, 0 files changed.
[0m22:09:08.787271 [debug] [MainThread]: Nothing changed, skipping partial parsing.
[0m22:09:08.787496 [debug] [MainThread]: Partial parsing enabled, no changes found, skipping parsing
[0m22:09:08.819832 [debug] [MainThread]: Sending event: {'category': 'dbt', 'action': 'load_project', 'label': '7328b745-57f8-413e-81fe-afb1f8cefc3b', 'context': [<snowplow_tracker.self_describing_json.SelfDescribingJson object at 0x72df697c13d0>]}
[0m22:09:08.883867 [debug] [MainThread]: Wrote artifact WritableManifest to /opt/airflow/dbt/target/manifest.json
[0m22:09:08.885112 [debug] [MainThread]: Wrote artifact SemanticManifest to /opt/airflow/dbt/target/semantic_manifest.json
[0m22:09:08.900682 [debug] [MainThread]: Sending event: {'category': 'dbt', 'action': 'resource_counts', 'label': '7328b745-57f8-413e-81fe-afb1f8cefc3b', 'context': [<snowplow_tracker.self_describing_json.SelfDescribingJson object at 0x72df697c23f0>]}
[0m22:09:08.901097 [info ] [MainThread]: Found 5 models, 7 data tests, 3 sources, 537 macros
[0m22:09:08.901375 [debug] [MainThread]: Sending event: {'category': 'dbt', 'action': 'runnable_timing', 'label': '7328b745-57f8-413e-81fe-afb1f8cefc3b', 'context': [<snowplow_tracker.self_describing_json.SelfDescribingJson object at 0x72df6a3fa2d0>]}
[0m22:09:08.903021 [info ] [MainThread]: 
[0m22:09:08.903288 [info ] [MainThread]: Concurrency: 4 threads (target='dev')
[0m22:09:08.903496 [info ] [MainThread]: 
[0m22:09:08.903853 [debug] [MainThread]: Acquiring new snowflake connection 'master'
[0m22:09:08.907320 [debug] [ThreadPool]: Acquiring new snowflake connection 'list_SALES_DB_GOLD'
[0m22:09:08.919599 [debug] [ThreadPool]: Acquiring new snowflake connection 'list_SALES_DB_SILVER'
[0m22:09:09.012275 [debug] [ThreadPool]: Using snowflake connection "list_SALES_DB_GOLD"
[0m22:09:09.012633 [debug] [ThreadPool]: On list_SALES_DB_GOLD: show objects in SALES_DB.GOLD
    limit 10000
    

/* {"app": "dbt", "dbt_version": "1.11.11", "profile_name": "sales_etl", "target_name": "dev", "connection_name": "list_SALES_DB_GOLD"} */;
[0m22:09:09.012846 [debug] [ThreadPool]: Opening a new connection, currently in state init
[0m22:09:09.013286 [debug] [ThreadPool]: Using snowflake connection "list_SALES_DB_SILVER"
[0m22:09:09.013564 [debug] [ThreadPool]: On list_SALES_DB_SILVER: show objects in SALES_DB.SILVER
    limit 10000
    

/* {"app": "dbt", "dbt_version": "1.11.11", "profile_name": "sales_etl", "target_name": "dev", "connection_name": "list_SALES_DB_SILVER"} */;
[0m22:09:09.013757 [debug] [ThreadPool]: Opening a new connection, currently in state init
[0m22:09:09.835891 [debug] [ThreadPool]: SQL status: SUCCESS 3 in 0.823 seconds
[0m22:09:10.882364 [debug] [ThreadPool]: SQL status: SUCCESS 2 in 1.868 seconds
[0m22:09:10.884907 [debug] [MainThread]: Sending event: {'category': 'dbt', 'action': 'runnable_timing', 'label': '7328b745-57f8-413e-81fe-afb1f8cefc3b', 'context': [<snowplow_tracker.self_describing_json.SelfDescribingJson object at 0x72df6a3fa2d0>]}
[0m22:09:10.893903 [debug] [Thread-2 (]: Began running node test.sales_etl.not_null_silver_sales_amount.02a892d606
[0m22:09:10.895097 [debug] [Thread-3 (]: Began running node test.sales_etl.not_null_silver_sales_store_token.a775148663
[0m22:09:10.896886 [debug] [Thread-4 (]: Began running node test.sales_etl.not_null_silver_sales_transaction_id.728e50eea6
[0m22:09:10.898272 [info ] [Thread-2 (]: 1 of 7 START test not_null_silver_sales_amount ................................. [RUN]
[0m22:09:10.900016 [debug] [Thread-5 (]: Began running node test.sales_etl.not_null_silver_stores_store_token.6cfdf18669
[0m22:09:10.902042 [info ] [Thread-3 (]: 2 of 7 START test not_null_silver_sales_store_token ............................ [RUN]
[0m22:09:10.903576 [info ] [Thread-4 (]: 3 of 7 START test not_null_silver_sales_transaction_id ......................... [RUN]
[0m22:09:10.905036 [debug] [Thread-2 (]: Re-using an available connection from the pool (formerly list_SALES_DB_SILVER, now test.sales_etl.not_null_silver_sales_amount.02a892d606)
[0m22:09:10.906365 [info ] [Thread-5 (]: 4 of 7 START test not_null_silver_stores_store_token ........................... [RUN]
[0m22:09:10.907659 [debug] [Thread-3 (]: Re-using an available connection from the pool (formerly list_SALES_DB_GOLD, now test.sales_etl.not_null_silver_sales_store_token.a775148663)
[0m22:09:10.909179 [debug] [Thread-4 (]: Acquiring new snowflake connection 'test.sales_etl.not_null_silver_sales_transaction_id.728e50eea6'
[0m22:09:10.910398 [debug] [Thread-2 (]: Began compiling node test.sales_etl.not_null_silver_sales_amount.02a892d606
[0m22:09:10.911883 [debug] [Thread-5 (]: Acquiring new snowflake connection 'test.sales_etl.not_null_silver_stores_store_token.6cfdf18669'
[0m22:09:10.913187 [debug] [Thread-3 (]: Began compiling node test.sales_etl.not_null_silver_sales_store_token.a775148663
[0m22:09:10.914560 [debug] [Thread-4 (]: Began compiling node test.sales_etl.not_null_silver_sales_transaction_id.728e50eea6
[0m22:09:10.931006 [debug] [Thread-5 (]: Began compiling node test.sales_etl.not_null_silver_stores_store_token.6cfdf18669
[0m22:09:10.932921 [debug] [Thread-2 (]: Writing injected SQL for node "test.sales_etl.not_null_silver_sales_amount.02a892d606"
[0m22:09:10.935444 [debug] [Thread-3 (]: Writing injected SQL for node "test.sales_etl.not_null_silver_sales_store_token.a775148663"
[0m22:09:10.938303 [debug] [Thread-4 (]: Writing injected SQL for node "test.sales_etl.not_null_silver_sales_transaction_id.728e50eea6"
[0m22:09:10.941361 [debug] [Thread-5 (]: Writing injected SQL for node "test.sales_etl.not_null_silver_stores_store_token.6cfdf18669"
[0m22:09:10.942025 [debug] [Thread-3 (]: Began executing node test.sales_etl.not_null_silver_sales_store_token.a775148663
[0m22:09:10.942354 [debug] [Thread-2 (]: Began executing node test.sales_etl.not_null_silver_sales_amount.02a892d606
[0m22:09:10.942955 [debug] [Thread-5 (]: Began executing node test.sales_etl.not_null_silver_stores_store_token.6cfdf18669
[0m22:09:10.943267 [debug] [Thread-4 (]: Began executing node test.sales_etl.not_null_silver_sales_transaction_id.728e50eea6
[0m22:09:10.957385 [debug] [Thread-3 (]: Writing runtime sql for node "test.sales_etl.not_null_silver_sales_store_token.a775148663"
[0m22:09:10.959033 [debug] [Thread-2 (]: Writing runtime sql for node "test.sales_etl.not_null_silver_sales_amount.02a892d606"
[0m22:09:10.960591 [debug] [Thread-5 (]: Writing runtime sql for node "test.sales_etl.not_null_silver_stores_store_token.6cfdf18669"
[0m22:09:10.962036 [debug] [Thread-4 (]: Writing runtime sql for node "test.sales_etl.not_null_silver_sales_transaction_id.728e50eea6"
[0m22:09:10.962783 [debug] [Thread-3 (]: Using snowflake connection "test.sales_etl.not_null_silver_sales_store_token.a775148663"
[0m22:09:10.963481 [debug] [Thread-2 (]: Using snowflake connection "test.sales_etl.not_null_silver_sales_amount.02a892d606"
[0m22:09:10.964138 [debug] [Thread-5 (]: Using snowflake connection "test.sales_etl.not_null_silver_stores_store_token.6cfdf18669"
[0m22:09:10.964817 [debug] [Thread-4 (]: Using snowflake connection "test.sales_etl.not_null_silver_sales_transaction_id.728e50eea6"
[0m22:09:10.965255 [debug] [Thread-3 (]: On test.sales_etl.not_null_silver_sales_store_token.a775148663: select
      count(*) as failures,
      count(*) != 0 as should_warn,
      count(*) != 0 as should_error
    from (
      
    
  
    
    



select store_token
from SALES_DB.SILVER.silver_sales
where store_token is null



  
  
      
    ) dbt_internal_test
/* {"app": "dbt", "dbt_version": "1.11.11", "profile_name": "sales_etl", "target_name": "dev", "node_id": "test.sales_etl.not_null_silver_sales_store_token.a775148663"} */
[0m22:09:10.965631 [debug] [Thread-2 (]: On test.sales_etl.not_null_silver_sales_amount.02a892d606: select
      count(*) as failures,
      count(*) != 0 as should_warn,
      count(*) != 0 as should_error
    from (
      
    
  
    
    



select amount
from SALES_DB.SILVER.silver_sales
where amount is null



  
  
      
    ) dbt_internal_test
/* {"app": "dbt", "dbt_version": "1.11.11", "profile_name": "sales_etl", "target_name": "dev", "node_id": "test.sales_etl.not_null_silver_sales_amount.02a892d606"} */
[0m22:09:10.965980 [debug] [Thread-5 (]: On test.sales_etl.not_null_silver_stores_store_token.6cfdf18669: select
      count(*) as failures,
      count(*) != 0 as should_warn,
      count(*) != 0 as should_error
    from (
      
    
  
    
    



select store_token
from SALES_DB.SILVER.silver_stores
where store_token is null



  
  
      
    ) dbt_internal_test
/* {"app": "dbt", "dbt_version": "1.11.11", "profile_name": "sales_etl", "target_name": "dev", "node_id": "test.sales_etl.not_null_silver_stores_store_token.6cfdf18669"} */
[0m22:09:10.966329 [debug] [Thread-4 (]: On test.sales_etl.not_null_silver_sales_transaction_id.728e50eea6: select
      count(*) as failures,
      count(*) != 0 as should_warn,
      count(*) != 0 as should_error
    from (
      
    
  
    
    



select transaction_id
from SALES_DB.SILVER.silver_sales
where transaction_id is null



  
  
      
    ) dbt_internal_test
/* {"app": "dbt", "dbt_version": "1.11.11", "profile_name": "sales_etl", "target_name": "dev", "node_id": "test.sales_etl.not_null_silver_sales_transaction_id.728e50eea6"} */
[0m22:09:10.968435 [debug] [Thread-5 (]: Opening a new connection, currently in state init
[0m22:09:10.968754 [debug] [Thread-4 (]: Opening a new connection, currently in state init
[0m22:09:11.338051 [debug] [Thread-3 (]: SQL status: SUCCESS 1 in 0.371 seconds
[0m22:09:11.344576 [info ] [Thread-3 (]: 2 of 7 PASS not_null_silver_sales_store_token .................................. [[32mPASS[0m in 0.44s]
[0m22:09:11.345126 [debug] [Thread-3 (]: Finished running node test.sales_etl.not_null_silver_sales_store_token.a775148663
[0m22:09:11.345394 [debug] [Thread-3 (]: Began running node test.sales_etl.unique_silver_stores_store_token.2ae0e77f54
[0m22:09:11.345656 [info ] [Thread-3 (]: 5 of 7 START test unique_silver_stores_store_token ............................. [RUN]
[0m22:09:11.345984 [debug] [Thread-3 (]: Re-using an available connection from the pool (formerly test.sales_etl.not_null_silver_sales_store_token.a775148663, now test.sales_etl.unique_silver_stores_store_token.2ae0e77f54)
[0m22:09:11.346336 [debug] [Thread-3 (]: Began compiling node test.sales_etl.unique_silver_stores_store_token.2ae0e77f54
[0m22:09:11.350837 [debug] [Thread-3 (]: Writing injected SQL for node "test.sales_etl.unique_silver_stores_store_token.2ae0e77f54"
[0m22:09:11.351257 [debug] [Thread-3 (]: Began executing node test.sales_etl.unique_silver_stores_store_token.2ae0e77f54
[0m22:09:11.352658 [debug] [Thread-3 (]: Writing runtime sql for node "test.sales_etl.unique_silver_stores_store_token.2ae0e77f54"
[0m22:09:11.353276 [debug] [Thread-3 (]: Using snowflake connection "test.sales_etl.unique_silver_stores_store_token.2ae0e77f54"
[0m22:09:11.353615 [debug] [Thread-3 (]: On test.sales_etl.unique_silver_stores_store_token.2ae0e77f54: select
      count(*) as failures,
      count(*) != 0 as should_warn,
      count(*) != 0 as should_error
    from (
      
    
  
    
    

select
    store_token as unique_field,
    count(*) as n_records

from SALES_DB.SILVER.silver_stores
where store_token is not null
group by store_token
having count(*) > 1



  
  
      
    ) dbt_internal_test
/* {"app": "dbt", "dbt_version": "1.11.11", "profile_name": "sales_etl", "target_name": "dev", "node_id": "test.sales_etl.unique_silver_stores_store_token.2ae0e77f54"} */
[0m22:09:11.368950 [debug] [Thread-2 (]: SQL status: SUCCESS 1 in 0.401 seconds
[0m22:09:11.370486 [info ] [Thread-2 (]: 1 of 7 PASS not_null_silver_sales_amount ....................................... [[32mPASS[0m in 0.47s]
[0m22:09:11.370911 [debug] [Thread-2 (]: Finished running node test.sales_etl.not_null_silver_sales_amount.02a892d606
[0m22:09:11.371189 [debug] [Thread-2 (]: Began running node test.sales_etl.unique_transaction
[0m22:09:11.371427 [info ] [Thread-2 (]: 6 of 7 START test unique_transaction ........................................... [RUN]
[0m22:09:11.371830 [debug] [Thread-2 (]: Re-using an available connection from the pool (formerly test.sales_etl.not_null_silver_sales_amount.02a892d606, now test.sales_etl.unique_transaction)
[0m22:09:11.372115 [debug] [Thread-2 (]: Began compiling node test.sales_etl.unique_transaction
[0m22:09:11.374914 [debug] [Thread-2 (]: Writing injected SQL for node "test.sales_etl.unique_transaction"
[0m22:09:11.375341 [debug] [Thread-2 (]: Began executing node test.sales_etl.unique_transaction
[0m22:09:11.376736 [debug] [Thread-2 (]: Writing runtime sql for node "test.sales_etl.unique_transaction"
[0m22:09:11.377331 [debug] [Thread-2 (]: Using snowflake connection "test.sales_etl.unique_transaction"
[0m22:09:11.377617 [debug] [Thread-2 (]: On test.sales_etl.unique_transaction: select
      count(*) as failures,
      count(*) != 0 as should_warn,
      count(*) != 0 as should_error
    from (
      
    
  select
    store_token,
    transaction_id,
    count(*)
from SALES_DB.SILVER.silver_sales
group by
    store_token,
    transaction_id
having count(*) > 1
  
  
      
    ) dbt_internal_test
/* {"app": "dbt", "dbt_version": "1.11.11", "profile_name": "sales_etl", "target_name": "dev", "node_id": "test.sales_etl.unique_transaction"} */
[0m22:09:11.778717 [debug] [Thread-3 (]: SQL status: SUCCESS 1 in 0.424 seconds
[0m22:09:11.780724 [debug] [Thread-2 (]: SQL status: SUCCESS 1 in 0.403 seconds
[0m22:09:11.786211 [info ] [Thread-3 (]: 5 of 7 PASS unique_silver_stores_store_token ................................... [[32mPASS[0m in 0.44s]
[0m22:09:11.789974 [info ] [Thread-2 (]: 6 of 7 PASS unique_transaction ................................................. [[32mPASS[0m in 0.42s]
[0m22:09:11.792362 [debug] [Thread-4 (]: SQL status: SUCCESS 1 in 0.823 seconds
[0m22:09:11.793750 [debug] [Thread-3 (]: Finished running node test.sales_etl.unique_silver_stores_store_token.2ae0e77f54
[0m22:09:11.795056 [debug] [Thread-2 (]: Finished running node test.sales_etl.unique_transaction
[0m22:09:11.798957 [info ] [Thread-4 (]: 3 of 7 PASS not_null_silver_sales_transaction_id ............................... [[32mPASS[0m in 0.89s]
[0m22:09:11.800403 [debug] [Thread-3 (]: Began running node test.sales_etl.valid_store_token
[0m22:09:11.802300 [debug] [Thread-4 (]: Finished running node test.sales_etl.not_null_silver_sales_transaction_id.728e50eea6
[0m22:09:11.803361 [info ] [Thread-3 (]: 7 of 7 START test valid_store_token ............................................ [RUN]
[0m22:09:11.804751 [debug] [Thread-3 (]: Re-using an available connection from the pool (formerly test.sales_etl.unique_silver_stores_store_token.2ae0e77f54, now test.sales_etl.valid_store_token)
[0m22:09:11.805394 [debug] [Thread-3 (]: Began compiling node test.sales_etl.valid_store_token
[0m22:09:11.808784 [debug] [Thread-3 (]: Writing injected SQL for node "test.sales_etl.valid_store_token"
[0m22:09:11.809276 [debug] [Thread-3 (]: Began executing node test.sales_etl.valid_store_token
[0m22:09:11.811289 [debug] [Thread-3 (]: Writing runtime sql for node "test.sales_etl.valid_store_token"
[0m22:09:11.812197 [debug] [Thread-3 (]: Using snowflake connection "test.sales_etl.valid_store_token"
[0m22:09:11.812499 [debug] [Thread-3 (]: On test.sales_etl.valid_store_token: select
      count(*) as failures,
      count(*) != 0 as should_warn,
      count(*) != 0 as should_error
    from (
      
    
  select
    s.store_token
from SALES_DB.SILVER.silver_sales s
left join SALES_DB.SILVER.silver_stores st
    on s.store_token = st.store_token
where st.store_token is null
  
  
      
    ) dbt_internal_test
/* {"app": "dbt", "dbt_version": "1.11.11", "profile_name": "sales_etl", "target_name": "dev", "node_id": "test.sales_etl.valid_store_token"} */
[0m22:09:11.840594 [debug] [Thread-5 (]: SQL status: SUCCESS 1 in 0.872 seconds
[0m22:09:11.845083 [info ] [Thread-5 (]: 4 of 7 PASS not_null_silver_stores_store_token ................................. [[32mPASS[0m in 0.93s]
[0m22:09:11.845572 [debug] [Thread-5 (]: Finished running node test.sales_etl.not_null_silver_stores_store_token.6cfdf18669
[0m22:09:12.119575 [debug] [Thread-3 (]: SQL status: SUCCESS 1 in 0.307 seconds
[0m22:09:12.122952 [info ] [Thread-3 (]: 7 of 7 PASS valid_store_token .................................................. [[32mPASS[0m in 0.32s]
[0m22:09:12.123815 [debug] [Thread-3 (]: Finished running node test.sales_etl.valid_store_token
[0m22:09:12.125569 [debug] [MainThread]: Connection 'master' was properly closed.
[0m22:09:12.125856 [debug] [MainThread]: Connection 'test.sales_etl.valid_store_token' was left open.
[0m22:09:12.126074 [debug] [MainThread]: On test.sales_etl.valid_store_token: Close
[0m22:09:12.439192 [debug] [MainThread]: Connection 'test.sales_etl.unique_transaction' was left open.
[0m22:09:12.439875 [debug] [MainThread]: On test.sales_etl.unique_transaction: Close
[0m22:09:12.732310 [debug] [MainThread]: Connection 'test.sales_etl.not_null_silver_sales_transaction_id.728e50eea6' was left open.
[0m22:09:12.732913 [debug] [MainThread]: On test.sales_etl.not_null_silver_sales_transaction_id.728e50eea6: Close
[0m22:09:13.043481 [debug] [MainThread]: Connection 'test.sales_etl.not_null_silver_stores_store_token.6cfdf18669' was left open.
[0m22:09:13.044635 [debug] [MainThread]: On test.sales_etl.not_null_silver_stores_store_token.6cfdf18669: Close
[0m22:09:13.361017 [info ] [MainThread]: 
[0m22:09:13.362260 [info ] [MainThread]: Finished running 7 data tests in 0 hours 0 minutes and 4.46 seconds (4.46s).
[0m22:09:13.365353 [debug] [MainThread]: Command end result
[0m22:09:13.386311 [debug] [MainThread]: Wrote artifact WritableManifest to /opt/airflow/dbt/target/manifest.json
[0m22:09:13.387427 [debug] [MainThread]: Wrote artifact SemanticManifest to /opt/airflow/dbt/target/semantic_manifest.json
[0m22:09:13.391627 [debug] [MainThread]: Wrote artifact RunExecutionResult to /opt/airflow/dbt/target/run_results.json
[0m22:09:13.391855 [info ] [MainThread]: 
[0m22:09:13.392075 [info ] [MainThread]: [32mCompleted successfully[0m
[0m22:09:13.392252 [info ] [MainThread]: 
[0m22:09:13.392443 [info ] [MainThread]: Done. PASS=7 WARN=0 ERROR=0 SKIP=0 NO-OP=0 TOTAL=7
[0m22:09:13.393037 [debug] [MainThread]: Resource report: {"command_name": "test", "command_success": true, "command_wall_clock_time": 5.3954964, "process_in_blocks": "0", "process_kernel_time": 1.360713, "process_mem_max_rss": "233624", "process_out_blocks": "2736", "process_user_time": 2.891515}
[0m22:09:13.393337 [debug] [MainThread]: Command `dbt test` succeeded at 22:09:13.393276 after 5.40 seconds
[0m22:09:13.393572 [debug] [MainThread]: Sending event: {'category': 'dbt', 'action': 'invocation', 'label': 'end', 'context': [<snowplow_tracker.self_describing_json.SelfDescribingJson object at 0x72df9d2ce7e0>, <snowplow_tracker.self_describing_json.SelfDescribingJson object at 0x72df9c062930>, <snowplow_tracker.self_describing_json.SelfDescribingJson object at 0x72df68fafe00>]}
[0m22:09:13.393799 [debug] [MainThread]: Flushing usage events
[0m22:09:13.936165 [debug] [MainThread]: An error was encountered while trying to flush usage events
[0m22:09:17.521785 [debug] [MainThread]: Sending event: {'category': 'dbt', 'action': 'invocation', 'label': 'start', 'context': [<snowplow_tracker.self_describing_json.SelfDescribingJson object at 0x7b6139edd400>, <snowplow_tracker.self_describing_json.SelfDescribingJson object at 0x7b61393b1310>, <snowplow_tracker.self_describing_json.SelfDescribingJson object at 0x7b61393b1280>]}


============================== 22:09:17.527956 | a369d409-0b9b-4717-af1a-644b774a9871 ==============================
[0m22:09:17.527956 [info ] [MainThread]: Running with dbt=1.11.11
[0m22:09:17.528577 [debug] [MainThread]: running dbt with arguments {'invocation_command': 'dbt run --select gold', 'send_anonymous_usage_stats': 'True', 'profiles_dir': '/opt/airflow/dbt', 'target_path': 'None', 'fail_fast': 'False', 'write_json': 'True', 'introspect': 'True', 'use_colors': 'True', 'indirect_selection': 'eager', 'empty': 'False', 'quiet': 'False', 'debug': 'False', 'cache_selected_only': 'False', 'version_check': 'True', 'use_experimental_parser': 'False', 'log_format': 'default', 'log_path': '/opt/airflow/dbt/logs', 'warn_error': 'None', 'printer_width': '80', 'log_cache_events': 'False', 'warn_error_options': 'WarnErrorOptionsV2(error=[], warn=[], silence=[])', 'partial_parse': 'True', 'static_parser': 'True', 'no_print': 'None'}
[0m22:09:17.961062 [debug] [MainThread]: Snowflake adapter: Setting snowflake.connector to ERROR (file logging only)
[0m22:09:17.961595 [debug] [MainThread]: Snowflake adapter: Setting botocore to ERROR (file logging only)
[0m22:09:17.961910 [debug] [MainThread]: Snowflake adapter: Setting boto3 to ERROR (file logging only)
[0m22:09:18.091888 [debug] [MainThread]: Sending event: {'category': 'dbt', 'action': 'project_id', 'label': 'a369d409-0b9b-4717-af1a-644b774a9871', 'context': [<snowplow_tracker.self_describing_json.SelfDescribingJson object at 0x7b6102a9ae40>]}
[0m22:09:18.136097 [debug] [MainThread]: Sending event: {'category': 'dbt', 'action': 'adapter_info', 'label': 'a369d409-0b9b-4717-af1a-644b774a9871', 'context': [<snowplow_tracker.self_describing_json.SelfDescribingJson object at 0x7b613936fd70>]}
[0m22:09:18.136854 [info ] [MainThread]: Registered adapter: snowflake=1.11.5
[0m22:09:18.212626 [debug] [MainThread]: checksum: 30a8cc8fdcbf66701b0944d4ccce3fa46dd04b61e5df68b9f16d57b2e0e3f0be, vars: {}, profile: , target: , version: 1.11.11
[0m22:09:18.295309 [debug] [MainThread]: Partial parsing enabled: 0 files deleted, 0 files added, 0 files changed.
[0m22:09:18.295706 [debug] [MainThread]: Nothing changed, skipping partial parsing.
[0m22:09:18.295935 [debug] [MainThread]: Partial parsing enabled, no changes found, skipping parsing
[0m22:09:18.329191 [debug] [MainThread]: Sending event: {'category': 'dbt', 'action': 'load_project', 'label': 'a369d409-0b9b-4717-af1a-644b774a9871', 'context': [<snowplow_tracker.self_describing_json.SelfDescribingJson object at 0x7b6103771640>]}
[0m22:09:18.396866 [debug] [MainThread]: Wrote artifact WritableManifest to /opt/airflow/dbt/target/manifest.json
[0m22:09:18.398194 [debug] [MainThread]: Wrote artifact SemanticManifest to /opt/airflow/dbt/target/semantic_manifest.json
[0m22:09:18.407462 [debug] [MainThread]: Sending event: {'category': 'dbt', 'action': 'resource_counts', 'label': 'a369d409-0b9b-4717-af1a-644b774a9871', 'context': [<snowplow_tracker.self_describing_json.SelfDescribingJson object at 0x7b610224dfd0>]}
[0m22:09:18.407782 [info ] [MainThread]: Found 5 models, 7 data tests, 3 sources, 537 macros
[0m22:09:18.408028 [debug] [MainThread]: Sending event: {'category': 'dbt', 'action': 'runnable_timing', 'label': 'a369d409-0b9b-4717-af1a-644b774a9871', 'context': [<snowplow_tracker.self_describing_json.SelfDescribingJson object at 0x7b6102262ab0>]}
[0m22:09:18.409126 [info ] [MainThread]: 
[0m22:09:18.409367 [info ] [MainThread]: Concurrency: 4 threads (target='dev')
[0m22:09:18.409589 [info ] [MainThread]: 
[0m22:09:18.409890 [debug] [MainThread]: Acquiring new snowflake connection 'master'
[0m22:09:18.412793 [debug] [ThreadPool]: Acquiring new snowflake connection 'list_SALES_DB'
[0m22:09:18.436691 [debug] [ThreadPool]: Using snowflake connection "list_SALES_DB"
[0m22:09:18.437036 [debug] [ThreadPool]: On list_SALES_DB: show terse schemas in database SALES_DB
    limit 10000
/* {"app": "dbt", "dbt_version": "1.11.11", "profile_name": "sales_etl", "target_name": "dev", "connection_name": "list_SALES_DB"} */
[0m22:09:18.437237 [debug] [ThreadPool]: Opening a new connection, currently in state init
[0m22:09:19.273166 [debug] [ThreadPool]: SQL status: SUCCESS 6 in 0.836 seconds
[0m22:09:19.275698 [debug] [ThreadPool]: Re-using an available connection from the pool (formerly list_SALES_DB, now list_SALES_DB_SILVER)
[0m22:09:19.281783 [debug] [ThreadPool]: Acquiring new snowflake connection 'list_SALES_DB_GOLD'
[0m22:09:19.288800 [debug] [ThreadPool]: Using snowflake connection "list_SALES_DB_SILVER"
[0m22:09:19.290790 [debug] [ThreadPool]: Using snowflake connection "list_SALES_DB_GOLD"
[0m22:09:19.291283 [debug] [ThreadPool]: On list_SALES_DB_SILVER: show objects in SALES_DB.SILVER
    limit 10000
    

/* {"app": "dbt", "dbt_version": "1.11.11", "profile_name": "sales_etl", "target_name": "dev", "connection_name": "list_SALES_DB_SILVER"} */;
[0m22:09:19.291813 [debug] [ThreadPool]: On list_SALES_DB_GOLD: show objects in SALES_DB.GOLD
    limit 10000
    

/* {"app": "dbt", "dbt_version": "1.11.11", "profile_name": "sales_etl", "target_name": "dev", "connection_name": "list_SALES_DB_GOLD"} */;
[0m22:09:19.292484 [debug] [ThreadPool]: Opening a new connection, currently in state init
[0m22:09:19.519173 [debug] [ThreadPool]: SQL status: SUCCESS 2 in 0.227 seconds
[0m22:09:20.731051 [debug] [ThreadPool]: SQL status: SUCCESS 3 in 1.438 seconds
[0m22:09:20.734840 [debug] [MainThread]: Sending event: {'category': 'dbt', 'action': 'runnable_timing', 'label': 'a369d409-0b9b-4717-af1a-644b774a9871', 'context': [<snowplow_tracker.self_describing_json.SelfDescribingJson object at 0x7b61391af650>]}
[0m22:09:20.740861 [debug] [Thread-2 (]: Began running node model.sales_etl.rpt_sales_by_transaction_date
[0m22:09:20.742048 [debug] [Thread-3 (]: Began running node model.sales_etl.rpt_top_5_sales_stores
[0m22:09:20.743086 [info ] [Thread-2 (]: 1 of 3 START sql table model GOLD.rpt_sales_by_transaction_date ................ [RUN]
[0m22:09:20.743939 [debug] [Thread-4 (]: Began running node model.sales_etl.rpt_transactions_by_batch
[0m22:09:20.745197 [info ] [Thread-3 (]: 2 of 3 START sql table model GOLD.rpt_top_5_sales_stores ....................... [RUN]
[0m22:09:20.746240 [debug] [Thread-2 (]: Re-using an available connection from the pool (formerly list_SALES_DB_GOLD, now model.sales_etl.rpt_sales_by_transaction_date)
[0m22:09:20.747266 [info ] [Thread-4 (]: 3 of 3 START sql table model GOLD.rpt_transactions_by_batch .................... [RUN]
[0m22:09:20.748335 [debug] [Thread-3 (]: Re-using an available connection from the pool (formerly list_SALES_DB_SILVER, now model.sales_etl.rpt_top_5_sales_stores)
[0m22:09:20.749253 [debug] [Thread-2 (]: Began compiling node model.sales_etl.rpt_sales_by_transaction_date
[0m22:09:20.750294 [debug] [Thread-4 (]: Acquiring new snowflake connection 'model.sales_etl.rpt_transactions_by_batch'
[0m22:09:20.751244 [debug] [Thread-3 (]: Began compiling node model.sales_etl.rpt_top_5_sales_stores
[0m22:09:20.759787 [debug] [Thread-2 (]: Writing injected SQL for node "model.sales_etl.rpt_sales_by_transaction_date"
[0m22:09:20.760379 [debug] [Thread-4 (]: Began compiling node model.sales_etl.rpt_transactions_by_batch
[0m22:09:20.763586 [debug] [Thread-3 (]: Writing injected SQL for node "model.sales_etl.rpt_top_5_sales_stores"
[0m22:09:20.768056 [debug] [Thread-4 (]: Writing injected SQL for node "model.sales_etl.rpt_transactions_by_batch"
[0m22:09:20.768814 [debug] [Thread-2 (]: Began executing node model.sales_etl.rpt_sales_by_transaction_date
[0m22:09:20.769471 [debug] [Thread-3 (]: Began executing node model.sales_etl.rpt_top_5_sales_stores
[0m22:09:20.776115 [debug] [Thread-4 (]: Began executing node model.sales_etl.rpt_transactions_by_batch
[0m22:09:20.811106 [debug] [Thread-3 (]: Writing runtime sql for node "model.sales_etl.rpt_top_5_sales_stores"
[0m22:09:20.811729 [debug] [Thread-2 (]: Writing runtime sql for node "model.sales_etl.rpt_sales_by_transaction_date"
[0m22:09:20.814239 [debug] [Thread-4 (]: Writing runtime sql for node "model.sales_etl.rpt_transactions_by_batch"
[0m22:09:20.815875 [debug] [Thread-3 (]: Using snowflake connection "model.sales_etl.rpt_top_5_sales_stores"
[0m22:09:20.816963 [debug] [Thread-4 (]: Using snowflake connection "model.sales_etl.rpt_transactions_by_batch"
[0m22:09:20.817510 [debug] [Thread-3 (]: On model.sales_etl.rpt_top_5_sales_stores: create or replace transient table SALES_DB.GOLD.rpt_top_5_sales_stores
    
    
    
    as (with sales as (

    select *
    from SALES_DB.SILVER.silver_sales

),

stores as (

    select *
    from SALES_DB.SILVER.silver_stores

),

daily_sales as (

    select
        cast(
            transaction_timestamp as date
        ) as transaction_date,
        store_token,
        sum(amount) as total_sales
    from sales
    group by 1,2

),

ranked as (

    select
        *,
        dense_rank() over (
            partition by transaction_date
            order by total_sales desc
        ) as rank_id

    from daily_sales

)

select
    current_date() as snapshot_date,
    r.transaction_date,
    r.rank_id,
    r.total_sales,
    r.store_token,
    s.store_name
from ranked r
join stores s
    on r.store_token = s.store_token
where rank_id <= 5
qualify row_number() over (
    order by transaction_date desc
) <= 50
    )

/* {"app": "dbt", "dbt_version": "1.11.11", "profile_name": "sales_etl", "target_name": "dev", "node_id": "model.sales_etl.rpt_top_5_sales_stores"} */;
[0m22:09:20.818565 [debug] [Thread-2 (]: Using snowflake connection "model.sales_etl.rpt_sales_by_transaction_date"
[0m22:09:20.819109 [debug] [Thread-4 (]: On model.sales_etl.rpt_transactions_by_batch: create or replace transient table SALES_DB.GOLD.rpt_transactions_by_batch
    
    
    
    as (with sales as (

    select *
    from SALES_DB.SILVER.silver_sales

),

audit as (

    select *
    from SALES_DB.RAW.file_audit
    where file_type = 'SALES'

)

select
    current_date() as snapshot_date,
    s.batch_date,
    max(a.rows_loaded) as total_processed_raw_transactions,
    count_if(s.is_valid_record) as valid_transactions,
    count_if(not s.is_valid_record) as invalid_transactions,
    max(a.load_timestamp)::date as processing_date
from sales s
left join audit a
    on s.batch_date = a.batch_date
group by
    s.batch_date
qualify row_number() over (
    order by s.batch_date desc
) <= 40
    )

/* {"app": "dbt", "dbt_version": "1.11.11", "profile_name": "sales_etl", "target_name": "dev", "node_id": "model.sales_etl.rpt_transactions_by_batch"} */;
[0m22:09:20.819964 [debug] [Thread-2 (]: On model.sales_etl.rpt_sales_by_transaction_date: create or replace transient table SALES_DB.GOLD.rpt_sales_by_transaction_date
    
    
    
    as (with sales as (

    select *
    from SALES_DB.SILVER.silver_sales

),

daily as (

    select
        current_date() as snapshot_date,
        cast(transaction_timestamp as date)
            as transaction_date,
        count(distinct store_token)
            as stores_with_transactions,
        sum(amount)
            as total_sales_amount,
        avg(amount)
            as total_sales_average
    from sales
    group by 2

),

monthly as (

    select
        *,
        sum(total_sales_amount) over (
            partition by
                date_trunc(
                    month,
                    transaction_date
                )
            order by transaction_date
        ) as monthly_accumulated_sales
    from daily
    
)

select *
from monthly
qualify row_number() over (
    order by transaction_date desc
) <= 40
    )

/* {"app": "dbt", "dbt_version": "1.11.11", "profile_name": "sales_etl", "target_name": "dev", "node_id": "model.sales_etl.rpt_sales_by_transaction_date"} */;
[0m22:09:20.820975 [debug] [Thread-4 (]: Opening a new connection, currently in state init
[0m22:09:21.637775 [debug] [Thread-2 (]: SQL status: SUCCESS 3 in 0.816 seconds
[0m22:09:21.660479 [debug] [Thread-3 (]: SQL status: SUCCESS 15 in 0.841 seconds
[0m22:09:21.662589 [debug] [Thread-2 (]: Sending event: {'category': 'dbt', 'action': 'run_model', 'label': 'a369d409-0b9b-4717-af1a-644b774a9871', 'context': [<snowplow_tracker.self_describing_json.SelfDescribingJson object at 0x7b6139021880>]}
[0m22:09:21.663467 [debug] [Thread-3 (]: Sending event: {'category': 'dbt', 'action': 'run_model', 'label': 'a369d409-0b9b-4717-af1a-644b774a9871', 'context': [<snowplow_tracker.self_describing_json.SelfDescribingJson object at 0x7b6101350560>]}
[0m22:09:21.663171 [info ] [Thread-2 (]: 1 of 3 OK created sql table model GOLD.rpt_sales_by_transaction_date ........... [[32mSUCCESS 3[0m in 0.91s]
[0m22:09:21.664612 [info ] [Thread-3 (]: 2 of 3 OK created sql table model GOLD.rpt_top_5_sales_stores .................. [[32mSUCCESS 15[0m in 0.91s]
[0m22:09:21.665404 [debug] [Thread-2 (]: Finished running node model.sales_etl.rpt_sales_by_transaction_date
[0m22:09:21.665898 [debug] [Thread-3 (]: Finished running node model.sales_etl.rpt_top_5_sales_stores
[0m22:09:22.453026 [debug] [Thread-4 (]: SQL status: SUCCESS 3 in 1.632 seconds
[0m22:09:22.454673 [debug] [Thread-4 (]: Sending event: {'category': 'dbt', 'action': 'run_model', 'label': 'a369d409-0b9b-4717-af1a-644b774a9871', 'context': [<snowplow_tracker.self_describing_json.SelfDescribingJson object at 0x7b61013810d0>]}
[0m22:09:22.455167 [info ] [Thread-4 (]: 3 of 3 OK created sql table model GOLD.rpt_transactions_by_batch ............... [[32mSUCCESS 3[0m in 1.70s]
[0m22:09:22.455566 [debug] [Thread-4 (]: Finished running node model.sales_etl.rpt_transactions_by_batch
[0m22:09:22.457078 [debug] [MainThread]: Connection 'master' was properly closed.
[0m22:09:22.457444 [debug] [MainThread]: Connection 'model.sales_etl.rpt_top_5_sales_stores' was left open.
[0m22:09:22.457764 [debug] [MainThread]: On model.sales_etl.rpt_top_5_sales_stores: Close
[0m22:09:22.761242 [debug] [MainThread]: Connection 'model.sales_etl.rpt_sales_by_transaction_date' was left open.
[0m22:09:22.761863 [debug] [MainThread]: On model.sales_etl.rpt_sales_by_transaction_date: Close
[0m22:09:23.066410 [debug] [MainThread]: Connection 'model.sales_etl.rpt_transactions_by_batch' was left open.
[0m22:09:23.066886 [debug] [MainThread]: On model.sales_etl.rpt_transactions_by_batch: Close
[0m22:09:23.359662 [info ] [MainThread]: 
[0m22:09:23.360108 [info ] [MainThread]: Finished running 3 table models in 0 hours 0 minutes and 4.95 seconds (4.95s).
[0m22:09:23.360884 [debug] [MainThread]: Command end result
[0m22:09:23.381215 [debug] [MainThread]: Wrote artifact WritableManifest to /opt/airflow/dbt/target/manifest.json
[0m22:09:23.382978 [debug] [MainThread]: Wrote artifact SemanticManifest to /opt/airflow/dbt/target/semantic_manifest.json
[0m22:09:23.386967 [debug] [MainThread]: Wrote artifact RunExecutionResult to /opt/airflow/dbt/target/run_results.json
[0m22:09:23.387223 [info ] [MainThread]: 
[0m22:09:23.387478 [info ] [MainThread]: [32mCompleted successfully[0m
[0m22:09:23.387682 [info ] [MainThread]: 
[0m22:09:23.387886 [info ] [MainThread]: Done. PASS=3 WARN=0 ERROR=0 SKIP=0 NO-OP=0 TOTAL=3
[0m22:09:23.388554 [debug] [MainThread]: Resource report: {"command_name": "run", "command_success": true, "command_wall_clock_time": 5.9057403, "process_in_blocks": "0", "process_kernel_time": 1.268687, "process_mem_max_rss": "230240", "process_out_blocks": "2672", "process_user_time": 2.985558}
[0m22:09:23.388884 [debug] [MainThread]: Command `dbt run` succeeded at 22:09:23.388819 after 5.91 seconds
[0m22:09:23.389131 [debug] [MainThread]: Sending event: {'category': 'dbt', 'action': 'invocation', 'label': 'end', 'context': [<snowplow_tracker.self_describing_json.SelfDescribingJson object at 0x7b613936fc50>, <snowplow_tracker.self_describing_json.SelfDescribingJson object at 0x7b613a50a060>, <snowplow_tracker.self_describing_json.SelfDescribingJson object at 0x7b6135119fa0>]}
[0m22:09:23.389374 [debug] [MainThread]: Flushing usage events
[0m22:09:23.926708 [debug] [MainThread]: An error was encountered while trying to flush usage events
[0m22:11:03.976349 [debug] [MainThread]: Sending event: {'category': 'dbt', 'action': 'invocation', 'label': 'start', 'context': [<snowplow_tracker.self_describing_json.SelfDescribingJson object at 0x7960c87a76e0>, <snowplow_tracker.self_describing_json.SelfDescribingJson object at 0x7960c87a77d0>, <snowplow_tracker.self_describing_json.SelfDescribingJson object at 0x7960c77580b0>]}


============================== 22:11:03.980585 | 913d05e8-9c08-4933-a6f2-614acadf3864 ==============================
[0m22:11:03.980585 [info ] [MainThread]: Running with dbt=1.11.11
[0m22:11:03.980998 [debug] [MainThread]: running dbt with arguments {'cache_selected_only': 'False', 'version_check': 'True', 'log_format': 'default', 'quiet': 'False', 'log_cache_events': 'False', 'write_json': 'True', 'debug': 'False', 'profiles_dir': '/opt/airflow/dbt', 'send_anonymous_usage_stats': 'True', 'no_print': 'None', 'introspect': 'True', 'printer_width': '80', 'fail_fast': 'False', 'partial_parse': 'True', 'warn_error': 'None', 'log_path': '/opt/airflow/dbt/logs', 'indirect_selection': 'eager', 'target_path': 'None', 'warn_error_options': 'WarnErrorOptionsV2(error=[], warn=[], silence=[])', 'use_colors': 'True', 'use_experimental_parser': 'False', 'invocation_command': 'dbt run --select silver', 'static_parser': 'True', 'empty': 'False'}
[0m22:11:04.404471 [debug] [MainThread]: Snowflake adapter: Setting snowflake.connector to ERROR (file logging only)
[0m22:11:04.404954 [debug] [MainThread]: Snowflake adapter: Setting botocore to ERROR (file logging only)
[0m22:11:04.405179 [debug] [MainThread]: Snowflake adapter: Setting boto3 to ERROR (file logging only)
[0m22:11:04.528391 [debug] [MainThread]: Sending event: {'category': 'dbt', 'action': 'project_id', 'label': '913d05e8-9c08-4933-a6f2-614acadf3864', 'context': [<snowplow_tracker.self_describing_json.SelfDescribingJson object at 0x796095d2ce30>]}
[0m22:11:04.572543 [debug] [MainThread]: Sending event: {'category': 'dbt', 'action': 'adapter_info', 'label': '913d05e8-9c08-4933-a6f2-614acadf3864', 'context': [<snowplow_tracker.self_describing_json.SelfDescribingJson object at 0x7960c80b1340>]}
[0m22:11:04.573290 [info ] [MainThread]: Registered adapter: snowflake=1.11.5
[0m22:11:04.648488 [debug] [MainThread]: checksum: 30a8cc8fdcbf66701b0944d4ccce3fa46dd04b61e5df68b9f16d57b2e0e3f0be, vars: {}, profile: , target: , version: 1.11.11
[0m22:11:04.734278 [debug] [MainThread]: Partial parsing enabled: 0 files deleted, 0 files added, 0 files changed.
[0m22:11:04.734791 [debug] [MainThread]: Nothing changed, skipping partial parsing.
[0m22:11:04.735025 [debug] [MainThread]: Partial parsing enabled, no changes found, skipping parsing
[0m22:11:04.768377 [debug] [MainThread]: Sending event: {'category': 'dbt', 'action': 'load_project', 'label': '913d05e8-9c08-4933-a6f2-614acadf3864', 'context': [<snowplow_tracker.self_describing_json.SelfDescribingJson object at 0x796094bbd970>]}
[0m22:11:04.833197 [debug] [MainThread]: Wrote artifact WritableManifest to /opt/airflow/dbt/target/manifest.json
[0m22:11:04.834374 [debug] [MainThread]: Wrote artifact SemanticManifest to /opt/airflow/dbt/target/semantic_manifest.json
[0m22:11:04.844210 [debug] [MainThread]: Sending event: {'category': 'dbt', 'action': 'resource_counts', 'label': '913d05e8-9c08-4933-a6f2-614acadf3864', 'context': [<snowplow_tracker.self_describing_json.SelfDescribingJson object at 0x79609469e030>]}
[0m22:11:04.844537 [info ] [MainThread]: Found 5 models, 7 data tests, 3 sources, 537 macros
[0m22:11:04.844787 [debug] [MainThread]: Sending event: {'category': 'dbt', 'action': 'runnable_timing', 'label': '913d05e8-9c08-4933-a6f2-614acadf3864', 'context': [<snowplow_tracker.self_describing_json.SelfDescribingJson object at 0x7960c736c980>]}
[0m22:11:04.845883 [info ] [MainThread]: 
[0m22:11:04.846119 [info ] [MainThread]: Concurrency: 4 threads (target='dev')
[0m22:11:04.846324 [info ] [MainThread]: 
[0m22:11:04.846683 [debug] [MainThread]: Acquiring new snowflake connection 'master'
[0m22:11:04.849767 [debug] [ThreadPool]: Acquiring new snowflake connection 'list_SALES_DB'
[0m22:11:04.874485 [debug] [ThreadPool]: Using snowflake connection "list_SALES_DB"
[0m22:11:04.874783 [debug] [ThreadPool]: On list_SALES_DB: show terse schemas in database SALES_DB
    limit 10000
/* {"app": "dbt", "dbt_version": "1.11.11", "profile_name": "sales_etl", "target_name": "dev", "connection_name": "list_SALES_DB"} */
[0m22:11:04.874973 [debug] [ThreadPool]: Opening a new connection, currently in state init
[0m22:11:06.356475 [debug] [ThreadPool]: SQL status: SUCCESS 6 in 1.481 seconds
[0m22:11:06.362917 [debug] [ThreadPool]: Re-using an available connection from the pool (formerly list_SALES_DB, now list_SALES_DB_SILVER)
[0m22:11:06.365000 [debug] [ThreadPool]: Acquiring new snowflake connection 'list_SALES_DB_GOLD'
[0m22:11:06.377481 [debug] [ThreadPool]: Using snowflake connection "list_SALES_DB_SILVER"
[0m22:11:06.378998 [debug] [ThreadPool]: Using snowflake connection "list_SALES_DB_GOLD"
[0m22:11:06.379380 [debug] [ThreadPool]: On list_SALES_DB_SILVER: show objects in SALES_DB.SILVER
    limit 10000
    

/* {"app": "dbt", "dbt_version": "1.11.11", "profile_name": "sales_etl", "target_name": "dev", "connection_name": "list_SALES_DB_SILVER"} */;
[0m22:11:06.379715 [debug] [ThreadPool]: On list_SALES_DB_GOLD: show objects in SALES_DB.GOLD
    limit 10000
    

/* {"app": "dbt", "dbt_version": "1.11.11", "profile_name": "sales_etl", "target_name": "dev", "connection_name": "list_SALES_DB_GOLD"} */;
[0m22:11:06.380942 [debug] [ThreadPool]: Opening a new connection, currently in state init
[0m22:11:06.628180 [debug] [ThreadPool]: SQL status: SUCCESS 2 in 0.248 seconds
[0m22:11:08.024250 [debug] [ThreadPool]: SQL status: SUCCESS 3 in 1.643 seconds
[0m22:11:08.032260 [debug] [MainThread]: Sending event: {'category': 'dbt', 'action': 'runnable_timing', 'label': '913d05e8-9c08-4933-a6f2-614acadf3864', 'context': [<snowplow_tracker.self_describing_json.SelfDescribingJson object at 0x796094d290d0>]}
[0m22:11:08.039388 [debug] [Thread-2 (]: Began running node model.sales_etl.silver_sales
[0m22:11:08.040114 [debug] [Thread-3 (]: Began running node model.sales_etl.silver_stores
[0m22:11:08.041108 [info ] [Thread-2 (]: 1 of 2 START sql table model SILVER.silver_sales ............................... [RUN]
[0m22:11:08.042154 [info ] [Thread-3 (]: 2 of 2 START sql table model SILVER.silver_stores .............................. [RUN]
[0m22:11:08.043196 [debug] [Thread-2 (]: Re-using an available connection from the pool (formerly list_SALES_DB_GOLD, now model.sales_etl.silver_sales)
[0m22:11:08.044143 [debug] [Thread-3 (]: Re-using an available connection from the pool (formerly list_SALES_DB_SILVER, now model.sales_etl.silver_stores)
[0m22:11:08.045044 [debug] [Thread-2 (]: Began compiling node model.sales_etl.silver_sales
[0m22:11:08.045863 [debug] [Thread-3 (]: Began compiling node model.sales_etl.silver_stores
[0m22:11:08.057128 [debug] [Thread-2 (]: Writing injected SQL for node "model.sales_etl.silver_sales"
[0m22:11:08.059897 [debug] [Thread-3 (]: Writing injected SQL for node "model.sales_etl.silver_stores"
[0m22:11:08.060820 [debug] [Thread-3 (]: Began executing node model.sales_etl.silver_stores
[0m22:11:08.067733 [debug] [Thread-2 (]: Began executing node model.sales_etl.silver_sales
[0m22:11:08.097519 [debug] [Thread-3 (]: Writing runtime sql for node "model.sales_etl.silver_stores"
[0m22:11:08.099581 [debug] [Thread-2 (]: Writing runtime sql for node "model.sales_etl.silver_sales"
[0m22:11:08.100489 [debug] [Thread-3 (]: Using snowflake connection "model.sales_etl.silver_stores"
[0m22:11:08.100917 [debug] [Thread-3 (]: On model.sales_etl.silver_stores: create or replace transient table SALES_DB.SILVER.silver_stores
    
    
    
    as (with source as (

    select *
    from SALES_DB.RAW.stores

),

deduped as (

    select *
    from source
    qualify row_number() over (
        partition by store_token
        order by load_timestamp desc
    ) = 1

)

select *
from deduped
    )

/* {"app": "dbt", "dbt_version": "1.11.11", "profile_name": "sales_etl", "target_name": "dev", "node_id": "model.sales_etl.silver_stores"} */;
[0m22:11:08.103009 [debug] [Thread-2 (]: Using snowflake connection "model.sales_etl.silver_sales"
[0m22:11:08.103312 [debug] [Thread-2 (]: On model.sales_etl.silver_sales: create or replace transient table SALES_DB.SILVER.silver_sales
    
    
    
    as (with source as (

    select *
    from SALES_DB.RAW.sales

),

typed as (

    select
        store_token,
        transaction_id,
        receipt_token,
        try_to_timestamp(
            transaction_time,
            'YYYYMMDD"T"HH24MISS.FF3'
        ) as transaction_timestamp,
        try_to_number(amount,11,2) as amount,
        user_role,
        batch_date,
        source_file,
        load_timestamp
    from source

),

validated as (

    select
        *,
        case
            when amount is null then false
            when transaction_timestamp is null then false
            when store_token is null then false
            when transaction_id is null then false
            else true
        end as is_valid_record
    from typed

),

deduped as (

    select *
    from validated
    qualify row_number() over (
        partition by
            store_token,
            transaction_id
        order by
            load_timestamp desc
    ) = 1
)

select *
from deduped
    )

/* {"app": "dbt", "dbt_version": "1.11.11", "profile_name": "sales_etl", "target_name": "dev", "node_id": "model.sales_etl.silver_sales"} */;
[0m22:11:08.967787 [debug] [Thread-3 (]: SQL status: SUCCESS 144 in 0.866 seconds
[0m22:11:08.990356 [debug] [Thread-3 (]: Sending event: {'category': 'dbt', 'action': 'run_model', 'label': '913d05e8-9c08-4933-a6f2-614acadf3864', 'context': [<snowplow_tracker.self_describing_json.SelfDescribingJson object at 0x7960c8973530>]}
[0m22:11:08.990881 [info ] [Thread-3 (]: 2 of 2 OK created sql table model SILVER.silver_stores ......................... [[32mSUCCESS 144[0m in 0.95s]
[0m22:11:08.991269 [debug] [Thread-3 (]: Finished running node model.sales_etl.silver_stores
[0m22:11:08.997873 [debug] [Thread-2 (]: SQL status: SUCCESS 2560 in 0.894 seconds
[0m22:11:08.999619 [debug] [Thread-2 (]: Sending event: {'category': 'dbt', 'action': 'run_model', 'label': '913d05e8-9c08-4933-a6f2-614acadf3864', 'context': [<snowplow_tracker.self_describing_json.SelfDescribingJson object at 0x7960940cbc80>]}
[0m22:11:09.000125 [info ] [Thread-2 (]: 1 of 2 OK created sql table model SILVER.silver_sales .......................... [[32mSUCCESS 2560[0m in 0.96s]
[0m22:11:09.000510 [debug] [Thread-2 (]: Finished running node model.sales_etl.silver_sales
[0m22:11:09.002051 [debug] [MainThread]: Connection 'master' was properly closed.
[0m22:11:09.002293 [debug] [MainThread]: Connection 'model.sales_etl.silver_stores' was left open.
[0m22:11:09.002520 [debug] [MainThread]: On model.sales_etl.silver_stores: Close
[0m22:11:09.303930 [debug] [MainThread]: Connection 'model.sales_etl.silver_sales' was left open.
[0m22:11:09.305071 [debug] [MainThread]: On model.sales_etl.silver_sales: Close
[0m22:11:09.608534 [info ] [MainThread]: 
[0m22:11:09.609467 [info ] [MainThread]: Finished running 2 table models in 0 hours 0 minutes and 4.76 seconds (4.76s).
[0m22:11:09.611177 [debug] [MainThread]: Command end result
[0m22:11:09.633064 [debug] [MainThread]: Wrote artifact WritableManifest to /opt/airflow/dbt/target/manifest.json
[0m22:11:09.634809 [debug] [MainThread]: Wrote artifact SemanticManifest to /opt/airflow/dbt/target/semantic_manifest.json
[0m22:11:09.639077 [debug] [MainThread]: Wrote artifact RunExecutionResult to /opt/airflow/dbt/target/run_results.json
[0m22:11:09.639319 [info ] [MainThread]: 
[0m22:11:09.639609 [info ] [MainThread]: [32mCompleted successfully[0m
[0m22:11:09.639812 [info ] [MainThread]: 
[0m22:11:09.640019 [info ] [MainThread]: Done. PASS=2 WARN=0 ERROR=0 SKIP=0 NO-OP=0 TOTAL=2
[0m22:11:09.640622 [debug] [MainThread]: Resource report: {"command_name": "run", "command_success": true, "command_wall_clock_time": 5.7025604, "process_in_blocks": "0", "process_kernel_time": 1.34123, "process_mem_max_rss": "227548", "process_out_blocks": "2648", "process_user_time": 2.805207}
[0m22:11:09.640922 [debug] [MainThread]: Command `dbt run` succeeded at 22:11:09.640862 after 5.70 seconds
[0m22:11:09.641148 [debug] [MainThread]: Sending event: {'category': 'dbt', 'action': 'invocation', 'label': 'end', 'context': [<snowplow_tracker.self_describing_json.SelfDescribingJson object at 0x7960c88c7e30>, <snowplow_tracker.self_describing_json.SelfDescribingJson object at 0x7960c8253d70>, <snowplow_tracker.self_describing_json.SelfDescribingJson object at 0x7960c8253e00>]}
[0m22:11:09.641375 [debug] [MainThread]: Flushing usage events
[0m22:11:10.200644 [debug] [MainThread]: An error was encountered while trying to flush usage events
[0m22:11:13.043982 [debug] [MainThread]: Sending event: {'category': 'dbt', 'action': 'invocation', 'label': 'start', 'context': [<snowplow_tracker.self_describing_json.SelfDescribingJson object at 0x72841b862630>, <snowplow_tracker.self_describing_json.SelfDescribingJson object at 0x72841b863860>, <snowplow_tracker.self_describing_json.SelfDescribingJson object at 0x72841bf08aa0>]}


============================== 22:11:13.048402 | e8d84ca6-06d4-4f3f-ae68-2318a7a88ccd ==============================
[0m22:11:13.048402 [info ] [MainThread]: Running with dbt=1.11.11
[0m22:11:13.050581 [debug] [MainThread]: running dbt with arguments {'target_path': 'None', 'warn_error_options': 'WarnErrorOptionsV2(error=[], warn=[], silence=[])', 'indirect_selection': 'eager', 'partial_parse': 'True', 'debug': 'False', 'fail_fast': 'False', 'no_print': 'None', 'use_colors': 'True', 'printer_width': '80', 'introspect': 'True', 'cache_selected_only': 'False', 'invocation_command': 'dbt test', 'empty': 'None', 'static_parser': 'True', 'use_experimental_parser': 'False', 'log_path': '/opt/airflow/dbt/logs', 'version_check': 'True', 'log_format': 'default', 'write_json': 'True', 'log_cache_events': 'False', 'quiet': 'False', 'send_anonymous_usage_stats': 'True', 'profiles_dir': '/opt/airflow/dbt', 'warn_error': 'None'}
[0m22:11:13.487589 [debug] [MainThread]: Snowflake adapter: Setting snowflake.connector to ERROR (file logging only)
[0m22:11:13.488056 [debug] [MainThread]: Snowflake adapter: Setting botocore to ERROR (file logging only)
[0m22:11:13.488297 [debug] [MainThread]: Snowflake adapter: Setting boto3 to ERROR (file logging only)
[0m22:11:13.614534 [debug] [MainThread]: Sending event: {'category': 'dbt', 'action': 'project_id', 'label': 'e8d84ca6-06d4-4f3f-ae68-2318a7a88ccd', 'context': [<snowplow_tracker.self_describing_json.SelfDescribingJson object at 0x72841be122d0>]}
[0m22:11:13.660894 [debug] [MainThread]: Sending event: {'category': 'dbt', 'action': 'adapter_info', 'label': 'e8d84ca6-06d4-4f3f-ae68-2318a7a88ccd', 'context': [<snowplow_tracker.self_describing_json.SelfDescribingJson object at 0x7283e8cfdc10>]}
[0m22:11:13.661511 [info ] [MainThread]: Registered adapter: snowflake=1.11.5
[0m22:11:13.740132 [debug] [MainThread]: checksum: 30a8cc8fdcbf66701b0944d4ccce3fa46dd04b61e5df68b9f16d57b2e0e3f0be, vars: {}, profile: , target: , version: 1.11.11
[0m22:11:13.830225 [debug] [MainThread]: Partial parsing enabled: 0 files deleted, 0 files added, 0 files changed.
[0m22:11:13.830566 [debug] [MainThread]: Nothing changed, skipping partial parsing.
[0m22:11:13.830773 [debug] [MainThread]: Partial parsing enabled, no changes found, skipping parsing
[0m22:11:13.865269 [debug] [MainThread]: Sending event: {'category': 'dbt', 'action': 'load_project', 'label': 'e8d84ca6-06d4-4f3f-ae68-2318a7a88ccd', 'context': [<snowplow_tracker.self_describing_json.SelfDescribingJson object at 0x7283e82ae3c0>]}
[0m22:11:13.934965 [debug] [MainThread]: Wrote artifact WritableManifest to /opt/airflow/dbt/target/manifest.json
[0m22:11:13.936705 [debug] [MainThread]: Wrote artifact SemanticManifest to /opt/airflow/dbt/target/semantic_manifest.json
[0m22:11:13.952857 [debug] [MainThread]: Sending event: {'category': 'dbt', 'action': 'resource_counts', 'label': 'e8d84ca6-06d4-4f3f-ae68-2318a7a88ccd', 'context': [<snowplow_tracker.self_describing_json.SelfDescribingJson object at 0x7283e3da6d50>]}
[0m22:11:13.953317 [info ] [MainThread]: Found 5 models, 7 data tests, 3 sources, 537 macros
[0m22:11:13.953719 [debug] [MainThread]: Sending event: {'category': 'dbt', 'action': 'runnable_timing', 'label': 'e8d84ca6-06d4-4f3f-ae68-2318a7a88ccd', 'context': [<snowplow_tracker.self_describing_json.SelfDescribingJson object at 0x7283e80c2420>]}
[0m22:11:13.955545 [info ] [MainThread]: 
[0m22:11:13.955839 [info ] [MainThread]: Concurrency: 4 threads (target='dev')
[0m22:11:13.956045 [info ] [MainThread]: 
[0m22:11:13.956500 [debug] [MainThread]: Acquiring new snowflake connection 'master'
[0m22:11:13.959541 [debug] [ThreadPool]: Acquiring new snowflake connection 'list_SALES_DB_GOLD'
[0m22:11:13.972715 [debug] [ThreadPool]: Acquiring new snowflake connection 'list_SALES_DB_SILVER'
[0m22:11:14.074120 [debug] [ThreadPool]: Using snowflake connection "list_SALES_DB_GOLD"
[0m22:11:14.074455 [debug] [ThreadPool]: On list_SALES_DB_GOLD: show objects in SALES_DB.GOLD
    limit 10000
    

/* {"app": "dbt", "dbt_version": "1.11.11", "profile_name": "sales_etl", "target_name": "dev", "connection_name": "list_SALES_DB_GOLD"} */;
[0m22:11:14.074691 [debug] [ThreadPool]: Opening a new connection, currently in state init
[0m22:11:14.075570 [debug] [ThreadPool]: Using snowflake connection "list_SALES_DB_SILVER"
[0m22:11:14.075820 [debug] [ThreadPool]: On list_SALES_DB_SILVER: show objects in SALES_DB.SILVER
    limit 10000
    

/* {"app": "dbt", "dbt_version": "1.11.11", "profile_name": "sales_etl", "target_name": "dev", "connection_name": "list_SALES_DB_SILVER"} */;
[0m22:11:14.076024 [debug] [ThreadPool]: Opening a new connection, currently in state init
[0m22:11:14.925933 [debug] [ThreadPool]: SQL status: SUCCESS 2 in 0.850 seconds
[0m22:11:14.934413 [debug] [ThreadPool]: SQL status: SUCCESS 3 in 0.860 seconds
[0m22:11:14.936359 [debug] [MainThread]: Sending event: {'category': 'dbt', 'action': 'runnable_timing', 'label': 'e8d84ca6-06d4-4f3f-ae68-2318a7a88ccd', 'context': [<snowplow_tracker.self_describing_json.SelfDescribingJson object at 0x72841be122d0>]}
[0m22:11:14.939899 [debug] [Thread-2 (]: Began running node test.sales_etl.not_null_silver_sales_amount.02a892d606
[0m22:11:14.940330 [debug] [Thread-3 (]: Began running node test.sales_etl.not_null_silver_sales_store_token.a775148663
[0m22:11:14.940831 [debug] [Thread-4 (]: Began running node test.sales_etl.not_null_silver_sales_transaction_id.728e50eea6
[0m22:11:14.941639 [debug] [Thread-5 (]: Began running node test.sales_etl.not_null_silver_stores_store_token.6cfdf18669
[0m22:11:14.941274 [info ] [Thread-2 (]: 1 of 7 START test not_null_silver_sales_amount ................................. [RUN]
[0m22:11:14.942239 [info ] [Thread-3 (]: 2 of 7 START test not_null_silver_sales_store_token ............................ [RUN]
[0m22:11:14.942766 [info ] [Thread-4 (]: 3 of 7 START test not_null_silver_sales_transaction_id ......................... [RUN]
[0m22:11:14.943225 [info ] [Thread-5 (]: 4 of 7 START test not_null_silver_stores_store_token ........................... [RUN]
[0m22:11:14.943749 [debug] [Thread-2 (]: Re-using an available connection from the pool (formerly list_SALES_DB_GOLD, now test.sales_etl.not_null_silver_sales_amount.02a892d606)
[0m22:11:14.944178 [debug] [Thread-3 (]: Re-using an available connection from the pool (formerly list_SALES_DB_SILVER, now test.sales_etl.not_null_silver_sales_store_token.a775148663)
[0m22:11:14.944698 [debug] [Thread-4 (]: Acquiring new snowflake connection 'test.sales_etl.not_null_silver_sales_transaction_id.728e50eea6'
[0m22:11:14.945200 [debug] [Thread-5 (]: Acquiring new snowflake connection 'test.sales_etl.not_null_silver_stores_store_token.6cfdf18669'
[0m22:11:14.945685 [debug] [Thread-2 (]: Began compiling node test.sales_etl.not_null_silver_sales_amount.02a892d606
[0m22:11:14.946443 [debug] [Thread-3 (]: Began compiling node test.sales_etl.not_null_silver_sales_store_token.a775148663
[0m22:11:14.946972 [debug] [Thread-4 (]: Began compiling node test.sales_etl.not_null_silver_sales_transaction_id.728e50eea6
[0m22:11:14.947407 [debug] [Thread-5 (]: Began compiling node test.sales_etl.not_null_silver_stores_store_token.6cfdf18669
[0m22:11:14.959227 [debug] [Thread-2 (]: Writing injected SQL for node "test.sales_etl.not_null_silver_sales_amount.02a892d606"
[0m22:11:14.962774 [debug] [Thread-3 (]: Writing injected SQL for node "test.sales_etl.not_null_silver_sales_store_token.a775148663"
[0m22:11:14.966300 [debug] [Thread-4 (]: Writing injected SQL for node "test.sales_etl.not_null_silver_sales_transaction_id.728e50eea6"
[0m22:11:14.970777 [debug] [Thread-5 (]: Writing injected SQL for node "test.sales_etl.not_null_silver_stores_store_token.6cfdf18669"
[0m22:11:14.972132 [debug] [Thread-4 (]: Began executing node test.sales_etl.not_null_silver_sales_transaction_id.728e50eea6
[0m22:11:14.972822 [debug] [Thread-2 (]: Began executing node test.sales_etl.not_null_silver_sales_amount.02a892d606
[0m22:11:14.973347 [debug] [Thread-3 (]: Began executing node test.sales_etl.not_null_silver_sales_store_token.a775148663
[0m22:11:14.974019 [debug] [Thread-5 (]: Began executing node test.sales_etl.not_null_silver_stores_store_token.6cfdf18669
[0m22:11:14.992335 [debug] [Thread-2 (]: Writing runtime sql for node "test.sales_etl.not_null_silver_sales_amount.02a892d606"
[0m22:11:14.993615 [debug] [Thread-4 (]: Writing runtime sql for node "test.sales_etl.not_null_silver_sales_transaction_id.728e50eea6"
[0m22:11:14.995032 [debug] [Thread-3 (]: Writing runtime sql for node "test.sales_etl.not_null_silver_sales_store_token.a775148663"
[0m22:11:14.996425 [debug] [Thread-5 (]: Writing runtime sql for node "test.sales_etl.not_null_silver_stores_store_token.6cfdf18669"
[0m22:11:14.997390 [debug] [Thread-2 (]: Using snowflake connection "test.sales_etl.not_null_silver_sales_amount.02a892d606"
[0m22:11:14.998082 [debug] [Thread-4 (]: Using snowflake connection "test.sales_etl.not_null_silver_sales_transaction_id.728e50eea6"
[0m22:11:14.998818 [debug] [Thread-3 (]: Using snowflake connection "test.sales_etl.not_null_silver_sales_store_token.a775148663"
[0m22:11:14.999406 [debug] [Thread-2 (]: On test.sales_etl.not_null_silver_sales_amount.02a892d606: select
      count(*) as failures,
      count(*) != 0 as should_warn,
      count(*) != 0 as should_error
    from (
      
    
  
    
    



select amount
from SALES_DB.SILVER.silver_sales
where amount is null



  
  
      
    ) dbt_internal_test
/* {"app": "dbt", "dbt_version": "1.11.11", "profile_name": "sales_etl", "target_name": "dev", "node_id": "test.sales_etl.not_null_silver_sales_amount.02a892d606"} */
[0m22:11:15.000135 [debug] [Thread-5 (]: Using snowflake connection "test.sales_etl.not_null_silver_stores_store_token.6cfdf18669"
[0m22:11:15.000533 [debug] [Thread-4 (]: On test.sales_etl.not_null_silver_sales_transaction_id.728e50eea6: select
      count(*) as failures,
      count(*) != 0 as should_warn,
      count(*) != 0 as should_error
    from (
      
    
  
    
    



select transaction_id
from SALES_DB.SILVER.silver_sales
where transaction_id is null



  
  
      
    ) dbt_internal_test
/* {"app": "dbt", "dbt_version": "1.11.11", "profile_name": "sales_etl", "target_name": "dev", "node_id": "test.sales_etl.not_null_silver_sales_transaction_id.728e50eea6"} */
[0m22:11:15.000885 [debug] [Thread-3 (]: On test.sales_etl.not_null_silver_sales_store_token.a775148663: select
      count(*) as failures,
      count(*) != 0 as should_warn,
      count(*) != 0 as should_error
    from (
      
    
  
    
    



select store_token
from SALES_DB.SILVER.silver_sales
where store_token is null



  
  
      
    ) dbt_internal_test
/* {"app": "dbt", "dbt_version": "1.11.11", "profile_name": "sales_etl", "target_name": "dev", "node_id": "test.sales_etl.not_null_silver_sales_store_token.a775148663"} */
[0m22:11:15.001782 [debug] [Thread-5 (]: On test.sales_etl.not_null_silver_stores_store_token.6cfdf18669: select
      count(*) as failures,
      count(*) != 0 as should_warn,
      count(*) != 0 as should_error
    from (
      
    
  
    
    



select store_token
from SALES_DB.SILVER.silver_stores
where store_token is null



  
  
      
    ) dbt_internal_test
/* {"app": "dbt", "dbt_version": "1.11.11", "profile_name": "sales_etl", "target_name": "dev", "node_id": "test.sales_etl.not_null_silver_stores_store_token.6cfdf18669"} */
[0m22:11:15.002881 [debug] [Thread-4 (]: Opening a new connection, currently in state init
[0m22:11:15.004046 [debug] [Thread-5 (]: Opening a new connection, currently in state init
[0m22:11:15.325221 [debug] [Thread-3 (]: SQL status: SUCCESS 1 in 0.322 seconds
[0m22:11:15.337084 [info ] [Thread-3 (]: 2 of 7 PASS not_null_silver_sales_store_token .................................. [[32mPASS[0m in 0.39s]
[0m22:11:15.338730 [debug] [Thread-2 (]: SQL status: SUCCESS 1 in 0.337 seconds
[0m22:11:15.339599 [debug] [Thread-3 (]: Finished running node test.sales_etl.not_null_silver_sales_store_token.a775148663
[0m22:11:15.342185 [info ] [Thread-2 (]: 1 of 7 PASS not_null_silver_sales_amount ....................................... [[32mPASS[0m in 0.40s]
[0m22:11:15.342922 [debug] [Thread-3 (]: Began running node test.sales_etl.unique_silver_stores_store_token.2ae0e77f54
[0m22:11:15.344007 [debug] [Thread-2 (]: Finished running node test.sales_etl.not_null_silver_sales_amount.02a892d606
[0m22:11:15.344999 [info ] [Thread-3 (]: 5 of 7 START test unique_silver_stores_store_token ............................. [RUN]
[0m22:11:15.345786 [debug] [Thread-2 (]: Began running node test.sales_etl.unique_transaction
[0m22:11:15.346588 [debug] [Thread-3 (]: Re-using an available connection from the pool (formerly test.sales_etl.not_null_silver_sales_store_token.a775148663, now test.sales_etl.unique_silver_stores_store_token.2ae0e77f54)
[0m22:11:15.347313 [info ] [Thread-2 (]: 6 of 7 START test unique_transaction ........................................... [RUN]
[0m22:11:15.348136 [debug] [Thread-3 (]: Began compiling node test.sales_etl.unique_silver_stores_store_token.2ae0e77f54
[0m22:11:15.348698 [debug] [Thread-2 (]: Re-using an available connection from the pool (formerly test.sales_etl.not_null_silver_sales_amount.02a892d606, now test.sales_etl.unique_transaction)
[0m22:11:15.354719 [debug] [Thread-2 (]: Began compiling node test.sales_etl.unique_transaction
[0m22:11:15.356950 [debug] [Thread-2 (]: Writing injected SQL for node "test.sales_etl.unique_transaction"
[0m22:11:15.358279 [debug] [Thread-3 (]: Writing injected SQL for node "test.sales_etl.unique_silver_stores_store_token.2ae0e77f54"
[0m22:11:15.358702 [debug] [Thread-3 (]: Began executing node test.sales_etl.unique_silver_stores_store_token.2ae0e77f54
[0m22:11:15.360099 [debug] [Thread-3 (]: Writing runtime sql for node "test.sales_etl.unique_silver_stores_store_token.2ae0e77f54"
[0m22:11:15.361728 [debug] [Thread-3 (]: Using snowflake connection "test.sales_etl.unique_silver_stores_store_token.2ae0e77f54"
[0m22:11:15.362006 [debug] [Thread-3 (]: On test.sales_etl.unique_silver_stores_store_token.2ae0e77f54: select
      count(*) as failures,
      count(*) != 0 as should_warn,
      count(*) != 0 as should_error
    from (
      
    
  
    
    

select
    store_token as unique_field,
    count(*) as n_records

from SALES_DB.SILVER.silver_stores
where store_token is not null
group by store_token
having count(*) > 1



  
  
      
    ) dbt_internal_test
/* {"app": "dbt", "dbt_version": "1.11.11", "profile_name": "sales_etl", "target_name": "dev", "node_id": "test.sales_etl.unique_silver_stores_store_token.2ae0e77f54"} */
[0m22:11:15.362953 [debug] [Thread-2 (]: Began executing node test.sales_etl.unique_transaction
[0m22:11:15.364256 [debug] [Thread-2 (]: Writing runtime sql for node "test.sales_etl.unique_transaction"
[0m22:11:15.364800 [debug] [Thread-2 (]: Using snowflake connection "test.sales_etl.unique_transaction"
[0m22:11:15.365077 [debug] [Thread-2 (]: On test.sales_etl.unique_transaction: select
      count(*) as failures,
      count(*) != 0 as should_warn,
      count(*) != 0 as should_error
    from (
      
    
  select
    store_token,
    transaction_id,
    count(*)
from SALES_DB.SILVER.silver_sales
group by
    store_token,
    transaction_id
having count(*) > 1
  
  
      
    ) dbt_internal_test
/* {"app": "dbt", "dbt_version": "1.11.11", "profile_name": "sales_etl", "target_name": "dev", "node_id": "test.sales_etl.unique_transaction"} */
[0m22:11:15.616575 [debug] [Thread-2 (]: SQL status: SUCCESS 1 in 0.251 seconds
[0m22:11:15.621320 [info ] [Thread-2 (]: 6 of 7 PASS unique_transaction ................................................. [[32mPASS[0m in 0.27s]
[0m22:11:15.622293 [debug] [Thread-2 (]: Finished running node test.sales_etl.unique_transaction
[0m22:11:15.622836 [debug] [Thread-2 (]: Began running node test.sales_etl.valid_store_token
[0m22:11:15.623229 [info ] [Thread-2 (]: 7 of 7 START test valid_store_token ............................................ [RUN]
[0m22:11:15.623708 [debug] [Thread-2 (]: Re-using an available connection from the pool (formerly test.sales_etl.unique_transaction, now test.sales_etl.valid_store_token)
[0m22:11:15.624062 [debug] [Thread-2 (]: Began compiling node test.sales_etl.valid_store_token
[0m22:11:15.626260 [debug] [Thread-2 (]: Writing injected SQL for node "test.sales_etl.valid_store_token"
[0m22:11:15.626740 [debug] [Thread-2 (]: Began executing node test.sales_etl.valid_store_token
[0m22:11:15.628071 [debug] [Thread-2 (]: Writing runtime sql for node "test.sales_etl.valid_store_token"
[0m22:11:15.628660 [debug] [Thread-2 (]: Using snowflake connection "test.sales_etl.valid_store_token"
[0m22:11:15.628892 [debug] [Thread-2 (]: On test.sales_etl.valid_store_token: select
      count(*) as failures,
      count(*) != 0 as should_warn,
      count(*) != 0 as should_error
    from (
      
    
  select
    s.store_token
from SALES_DB.SILVER.silver_sales s
left join SALES_DB.SILVER.silver_stores st
    on s.store_token = st.store_token
where st.store_token is null
  
  
      
    ) dbt_internal_test
/* {"app": "dbt", "dbt_version": "1.11.11", "profile_name": "sales_etl", "target_name": "dev", "node_id": "test.sales_etl.valid_store_token"} */
[0m22:11:15.765221 [debug] [Thread-3 (]: SQL status: SUCCESS 1 in 0.403 seconds
[0m22:11:15.769998 [info ] [Thread-3 (]: 5 of 7 PASS unique_silver_stores_store_token ................................... [[32mPASS[0m in 0.42s]
[0m22:11:15.771154 [debug] [Thread-3 (]: Finished running node test.sales_etl.unique_silver_stores_store_token.2ae0e77f54
[0m22:11:15.854127 [debug] [Thread-5 (]: SQL status: SUCCESS 1 in 0.850 seconds
[0m22:11:15.859324 [info ] [Thread-5 (]: 4 of 7 PASS not_null_silver_stores_store_token ................................. [[32mPASS[0m in 0.91s]
[0m22:11:15.860302 [debug] [Thread-5 (]: Finished running node test.sales_etl.not_null_silver_stores_store_token.6cfdf18669
[0m22:11:15.965895 [debug] [Thread-2 (]: SQL status: SUCCESS 1 in 0.336 seconds
[0m22:11:15.969128 [info ] [Thread-2 (]: 7 of 7 PASS valid_store_token .................................................. [[32mPASS[0m in 0.35s]
[0m22:11:15.969564 [debug] [Thread-2 (]: Finished running node test.sales_etl.valid_store_token
[0m22:11:16.414746 [debug] [Thread-4 (]: SQL status: SUCCESS 1 in 1.412 seconds
[0m22:11:16.419449 [info ] [Thread-4 (]: 3 of 7 PASS not_null_silver_sales_transaction_id ............................... [[32mPASS[0m in 1.47s]
[0m22:11:16.420803 [debug] [Thread-4 (]: Finished running node test.sales_etl.not_null_silver_sales_transaction_id.728e50eea6
[0m22:11:16.423895 [debug] [MainThread]: Connection 'master' was properly closed.
[0m22:11:16.424611 [debug] [MainThread]: Connection 'test.sales_etl.valid_store_token' was left open.
[0m22:11:16.425270 [debug] [MainThread]: On test.sales_etl.valid_store_token: Close
[0m22:11:16.720018 [debug] [MainThread]: Connection 'test.sales_etl.unique_silver_stores_store_token.2ae0e77f54' was left open.
[0m22:11:16.721358 [debug] [MainThread]: On test.sales_etl.unique_silver_stores_store_token.2ae0e77f54: Close
[0m22:11:17.027046 [debug] [MainThread]: Connection 'test.sales_etl.not_null_silver_sales_transaction_id.728e50eea6' was left open.
[0m22:11:17.028220 [debug] [MainThread]: On test.sales_etl.not_null_silver_sales_transaction_id.728e50eea6: Close
[0m22:11:17.353079 [debug] [MainThread]: Connection 'test.sales_etl.not_null_silver_stores_store_token.6cfdf18669' was left open.
[0m22:11:17.354291 [debug] [MainThread]: On test.sales_etl.not_null_silver_stores_store_token.6cfdf18669: Close
[0m22:11:17.645582 [info ] [MainThread]: 
[0m22:11:17.647009 [info ] [MainThread]: Finished running 7 data tests in 0 hours 0 minutes and 3.69 seconds (3.69s).
[0m22:11:17.650244 [debug] [MainThread]: Command end result
[0m22:11:17.672688 [debug] [MainThread]: Wrote artifact WritableManifest to /opt/airflow/dbt/target/manifest.json
[0m22:11:17.673953 [debug] [MainThread]: Wrote artifact SemanticManifest to /opt/airflow/dbt/target/semantic_manifest.json
[0m22:11:17.678410 [debug] [MainThread]: Wrote artifact RunExecutionResult to /opt/airflow/dbt/target/run_results.json
[0m22:11:17.678648 [info ] [MainThread]: 
[0m22:11:17.678878 [info ] [MainThread]: [32mCompleted successfully[0m
[0m22:11:17.679067 [info ] [MainThread]: 
[0m22:11:17.679263 [info ] [MainThread]: Done. PASS=7 WARN=0 ERROR=0 SKIP=0 NO-OP=0 TOTAL=7
[0m22:11:17.679926 [debug] [MainThread]: Resource report: {"command_name": "test", "command_success": true, "command_wall_clock_time": 4.674701, "process_in_blocks": "0", "process_kernel_time": 1.407537, "process_mem_max_rss": "234164", "process_out_blocks": "2744", "process_user_time": 2.929874}
[0m22:11:17.680231 [debug] [MainThread]: Command `dbt test` succeeded at 22:11:17.680171 after 4.68 seconds
[0m22:11:17.680492 [debug] [MainThread]: Sending event: {'category': 'dbt', 'action': 'invocation', 'label': 'end', 'context': [<snowplow_tracker.self_describing_json.SelfDescribingJson object at 0x7283e3da51c0>, <snowplow_tracker.self_describing_json.SelfDescribingJson object at 0x7283e3ea3da0>, <snowplow_tracker.self_describing_json.SelfDescribingJson object at 0x7283e8d238f0>]}
[0m22:11:17.680744 [debug] [MainThread]: Flushing usage events
[0m22:11:18.233332 [debug] [MainThread]: An error was encountered while trying to flush usage events
[0m22:11:21.065190 [debug] [MainThread]: Sending event: {'category': 'dbt', 'action': 'invocation', 'label': 'start', 'context': [<snowplow_tracker.self_describing_json.SelfDescribingJson object at 0x782465cb8920>, <snowplow_tracker.self_describing_json.SelfDescribingJson object at 0x782467fa69c0>, <snowplow_tracker.self_describing_json.SelfDescribingJson object at 0x7824663148c0>]}


============================== 22:11:21.070419 | 54d202ae-e6d2-4b55-8a0a-01924de4ee8c ==============================
[0m22:11:21.070419 [info ] [MainThread]: Running with dbt=1.11.11
[0m22:11:21.070972 [debug] [MainThread]: running dbt with arguments {'use_colors': 'True', 'version_check': 'True', 'warn_error': 'None', 'quiet': 'False', 'fail_fast': 'False', 'introspect': 'True', 'log_format': 'default', 'static_parser': 'True', 'cache_selected_only': 'False', 'log_cache_events': 'False', 'profiles_dir': '/opt/airflow/dbt', 'use_experimental_parser': 'False', 'debug': 'False', 'warn_error_options': 'WarnErrorOptionsV2(error=[], warn=[], silence=[])', 'write_json': 'True', 'indirect_selection': 'eager', 'printer_width': '80', 'partial_parse': 'True', 'invocation_command': 'dbt run --select gold', 'target_path': 'None', 'log_path': '/opt/airflow/dbt/logs', 'empty': 'False', 'send_anonymous_usage_stats': 'True', 'no_print': 'None'}
[0m22:11:21.507118 [debug] [MainThread]: Snowflake adapter: Setting snowflake.connector to ERROR (file logging only)
[0m22:11:21.507499 [debug] [MainThread]: Snowflake adapter: Setting botocore to ERROR (file logging only)
[0m22:11:21.507729 [debug] [MainThread]: Snowflake adapter: Setting boto3 to ERROR (file logging only)
[0m22:11:21.632524 [debug] [MainThread]: Sending event: {'category': 'dbt', 'action': 'project_id', 'label': '54d202ae-e6d2-4b55-8a0a-01924de4ee8c', 'context': [<snowplow_tracker.self_describing_json.SelfDescribingJson object at 0x782467640ad0>]}
[0m22:11:21.677648 [debug] [MainThread]: Sending event: {'category': 'dbt', 'action': 'adapter_info', 'label': '54d202ae-e6d2-4b55-8a0a-01924de4ee8c', 'context': [<snowplow_tracker.self_describing_json.SelfDescribingJson object at 0x78244db23e60>]}
[0m22:11:21.678239 [info ] [MainThread]: Registered adapter: snowflake=1.11.5
[0m22:11:21.753646 [debug] [MainThread]: checksum: 30a8cc8fdcbf66701b0944d4ccce3fa46dd04b61e5df68b9f16d57b2e0e3f0be, vars: {}, profile: , target: , version: 1.11.11
[0m22:11:21.836322 [debug] [MainThread]: Partial parsing enabled: 0 files deleted, 0 files added, 0 files changed.
[0m22:11:21.836891 [debug] [MainThread]: Nothing changed, skipping partial parsing.
[0m22:11:21.837191 [debug] [MainThread]: Partial parsing enabled, no changes found, skipping parsing
[0m22:11:21.870957 [debug] [MainThread]: Sending event: {'category': 'dbt', 'action': 'load_project', 'label': '54d202ae-e6d2-4b55-8a0a-01924de4ee8c', 'context': [<snowplow_tracker.self_describing_json.SelfDescribingJson object at 0x78242e699880>]}
[0m22:11:21.939189 [debug] [MainThread]: Wrote artifact WritableManifest to /opt/airflow/dbt/target/manifest.json
[0m22:11:21.940332 [debug] [MainThread]: Wrote artifact SemanticManifest to /opt/airflow/dbt/target/semantic_manifest.json
[0m22:11:21.949222 [debug] [MainThread]: Sending event: {'category': 'dbt', 'action': 'resource_counts', 'label': '54d202ae-e6d2-4b55-8a0a-01924de4ee8c', 'context': [<snowplow_tracker.self_describing_json.SelfDescribingJson object at 0x78242df79eb0>]}
[0m22:11:21.949689 [info ] [MainThread]: Found 5 models, 7 data tests, 3 sources, 537 macros
[0m22:11:21.949934 [debug] [MainThread]: Sending event: {'category': 'dbt', 'action': 'runnable_timing', 'label': '54d202ae-e6d2-4b55-8a0a-01924de4ee8c', 'context': [<snowplow_tracker.self_describing_json.SelfDescribingJson object at 0x782434b822a0>]}
[0m22:11:21.951048 [info ] [MainThread]: 
[0m22:11:21.951287 [info ] [MainThread]: Concurrency: 4 threads (target='dev')
[0m22:11:21.951482 [info ] [MainThread]: 
[0m22:11:21.951787 [debug] [MainThread]: Acquiring new snowflake connection 'master'
[0m22:11:21.955357 [debug] [ThreadPool]: Acquiring new snowflake connection 'list_SALES_DB'
[0m22:11:21.983534 [debug] [ThreadPool]: Using snowflake connection "list_SALES_DB"
[0m22:11:21.983867 [debug] [ThreadPool]: On list_SALES_DB: show terse schemas in database SALES_DB
    limit 10000
/* {"app": "dbt", "dbt_version": "1.11.11", "profile_name": "sales_etl", "target_name": "dev", "connection_name": "list_SALES_DB"} */
[0m22:11:21.984074 [debug] [ThreadPool]: Opening a new connection, currently in state init
[0m22:11:22.845665 [debug] [ThreadPool]: SQL status: SUCCESS 6 in 0.862 seconds
[0m22:11:22.848015 [debug] [ThreadPool]: Re-using an available connection from the pool (formerly list_SALES_DB, now list_SALES_DB_SILVER)
[0m22:11:22.855044 [debug] [ThreadPool]: Acquiring new snowflake connection 'list_SALES_DB_GOLD'
[0m22:11:22.869857 [debug] [ThreadPool]: Using snowflake connection "list_SALES_DB_GOLD"
[0m22:11:22.870187 [debug] [ThreadPool]: On list_SALES_DB_GOLD: show objects in SALES_DB.GOLD
    limit 10000
    

/* {"app": "dbt", "dbt_version": "1.11.11", "profile_name": "sales_etl", "target_name": "dev", "connection_name": "list_SALES_DB_GOLD"} */;
[0m22:11:22.870398 [debug] [ThreadPool]: Opening a new connection, currently in state init
[0m22:11:22.871663 [debug] [ThreadPool]: Using snowflake connection "list_SALES_DB_SILVER"
[0m22:11:22.871968 [debug] [ThreadPool]: On list_SALES_DB_SILVER: show objects in SALES_DB.SILVER
    limit 10000
    

/* {"app": "dbt", "dbt_version": "1.11.11", "profile_name": "sales_etl", "target_name": "dev", "connection_name": "list_SALES_DB_SILVER"} */;
[0m22:11:23.063963 [debug] [ThreadPool]: SQL status: SUCCESS 2 in 0.192 seconds
[0m22:11:24.303071 [debug] [ThreadPool]: SQL status: SUCCESS 3 in 1.432 seconds
[0m22:11:24.309716 [debug] [MainThread]: Sending event: {'category': 'dbt', 'action': 'runnable_timing', 'label': '54d202ae-e6d2-4b55-8a0a-01924de4ee8c', 'context': [<snowplow_tracker.self_describing_json.SelfDescribingJson object at 0x78242e74c740>]}
[0m22:11:24.317241 [debug] [Thread-2 (]: Began running node model.sales_etl.rpt_sales_by_transaction_date
[0m22:11:24.318561 [debug] [Thread-3 (]: Began running node model.sales_etl.rpt_top_5_sales_stores
[0m22:11:24.319990 [debug] [Thread-4 (]: Began running node model.sales_etl.rpt_transactions_by_batch
[0m22:11:24.321773 [info ] [Thread-2 (]: 1 of 3 START sql table model GOLD.rpt_sales_by_transaction_date ................ [RUN]
[0m22:11:24.323344 [info ] [Thread-3 (]: 2 of 3 START sql table model GOLD.rpt_top_5_sales_stores ....................... [RUN]
[0m22:11:24.325712 [info ] [Thread-4 (]: 3 of 3 START sql table model GOLD.rpt_transactions_by_batch .................... [RUN]
[0m22:11:24.327467 [debug] [Thread-2 (]: Re-using an available connection from the pool (formerly list_SALES_DB_GOLD, now model.sales_etl.rpt_sales_by_transaction_date)
[0m22:11:24.328894 [debug] [Thread-3 (]: Re-using an available connection from the pool (formerly list_SALES_DB_SILVER, now model.sales_etl.rpt_top_5_sales_stores)
[0m22:11:24.330444 [debug] [Thread-4 (]: Acquiring new snowflake connection 'model.sales_etl.rpt_transactions_by_batch'
[0m22:11:24.331598 [debug] [Thread-2 (]: Began compiling node model.sales_etl.rpt_sales_by_transaction_date
[0m22:11:24.332816 [debug] [Thread-3 (]: Began compiling node model.sales_etl.rpt_top_5_sales_stores
[0m22:11:24.333919 [debug] [Thread-4 (]: Began compiling node model.sales_etl.rpt_transactions_by_batch
[0m22:11:24.344085 [debug] [Thread-2 (]: Writing injected SQL for node "model.sales_etl.rpt_sales_by_transaction_date"
[0m22:11:24.346154 [debug] [Thread-3 (]: Writing injected SQL for node "model.sales_etl.rpt_top_5_sales_stores"
[0m22:11:24.348463 [debug] [Thread-4 (]: Writing injected SQL for node "model.sales_etl.rpt_transactions_by_batch"
[0m22:11:24.349287 [debug] [Thread-3 (]: Began executing node model.sales_etl.rpt_top_5_sales_stores
[0m22:11:24.349727 [debug] [Thread-2 (]: Began executing node model.sales_etl.rpt_sales_by_transaction_date
[0m22:11:24.350264 [debug] [Thread-4 (]: Began executing node model.sales_etl.rpt_transactions_by_batch
[0m22:11:24.377249 [debug] [Thread-2 (]: Writing runtime sql for node "model.sales_etl.rpt_sales_by_transaction_date"
[0m22:11:24.378839 [debug] [Thread-3 (]: Writing runtime sql for node "model.sales_etl.rpt_top_5_sales_stores"
[0m22:11:24.380492 [debug] [Thread-4 (]: Writing runtime sql for node "model.sales_etl.rpt_transactions_by_batch"
[0m22:11:24.381390 [debug] [Thread-2 (]: Using snowflake connection "model.sales_etl.rpt_sales_by_transaction_date"
[0m22:11:24.382438 [debug] [Thread-3 (]: Using snowflake connection "model.sales_etl.rpt_top_5_sales_stores"
[0m22:11:24.383220 [debug] [Thread-4 (]: Using snowflake connection "model.sales_etl.rpt_transactions_by_batch"
[0m22:11:24.383676 [debug] [Thread-2 (]: On model.sales_etl.rpt_sales_by_transaction_date: create or replace transient table SALES_DB.GOLD.rpt_sales_by_transaction_date
    
    
    
    as (with sales as (

    select *
    from SALES_DB.SILVER.silver_sales

),

daily as (

    select
        current_date() as snapshot_date,
        cast(transaction_timestamp as date)
            as transaction_date,
        count(distinct store_token)
            as stores_with_transactions,
        sum(amount)
            as total_sales_amount,
        avg(amount)
            as total_sales_average
    from sales
    group by 2

),

monthly as (

    select
        *,
        sum(total_sales_amount) over (
            partition by
                date_trunc(
                    month,
                    transaction_date
                )
            order by transaction_date
        ) as monthly_accumulated_sales
    from daily
    
)

select *
from monthly
qualify row_number() over (
    order by transaction_date desc
) <= 40
    )

/* {"app": "dbt", "dbt_version": "1.11.11", "profile_name": "sales_etl", "target_name": "dev", "node_id": "model.sales_etl.rpt_sales_by_transaction_date"} */;
[0m22:11:24.384251 [debug] [Thread-3 (]: On model.sales_etl.rpt_top_5_sales_stores: create or replace transient table SALES_DB.GOLD.rpt_top_5_sales_stores
    
    
    
    as (with sales as (

    select *
    from SALES_DB.SILVER.silver_sales

),

stores as (

    select *
    from SALES_DB.SILVER.silver_stores

),

daily_sales as (

    select
        cast(
            transaction_timestamp as date
        ) as transaction_date,
        store_token,
        sum(amount) as total_sales
    from sales
    group by 1,2

),

ranked as (

    select
        *,
        dense_rank() over (
            partition by transaction_date
            order by total_sales desc
        ) as rank_id

    from daily_sales

)

select
    current_date() as snapshot_date,
    r.transaction_date,
    r.rank_id,
    r.total_sales,
    r.store_token,
    s.store_name
from ranked r
join stores s
    on r.store_token = s.store_token
where rank_id <= 5
qualify row_number() over (
    order by transaction_date desc
) <= 50
    )

/* {"app": "dbt", "dbt_version": "1.11.11", "profile_name": "sales_etl", "target_name": "dev", "node_id": "model.sales_etl.rpt_top_5_sales_stores"} */;
[0m22:11:24.384652 [debug] [Thread-4 (]: On model.sales_etl.rpt_transactions_by_batch: create or replace transient table SALES_DB.GOLD.rpt_transactions_by_batch
    
    
    
    as (with sales as (

    select *
    from SALES_DB.SILVER.silver_sales

),

audit as (

    select *
    from SALES_DB.RAW.file_audit
    where file_type = 'SALES'

)

select
    current_date() as snapshot_date,
    s.batch_date,
    max(a.rows_loaded) as total_processed_raw_transactions,
    count_if(s.is_valid_record) as valid_transactions,
    count_if(not s.is_valid_record) as invalid_transactions,
    max(a.load_timestamp)::date as processing_date
from sales s
left join audit a
    on s.batch_date = a.batch_date
group by
    s.batch_date
qualify row_number() over (
    order by s.batch_date desc
) <= 40
    )

/* {"app": "dbt", "dbt_version": "1.11.11", "profile_name": "sales_etl", "target_name": "dev", "node_id": "model.sales_etl.rpt_transactions_by_batch"} */;
[0m22:11:24.387691 [debug] [Thread-4 (]: Opening a new connection, currently in state init
[0m22:11:25.276812 [debug] [Thread-2 (]: SQL status: SUCCESS 3 in 0.891 seconds
[0m22:11:25.317886 [debug] [Thread-3 (]: SQL status: SUCCESS 15 in 0.931 seconds
[0m22:11:25.318258 [debug] [Thread-2 (]: Sending event: {'category': 'dbt', 'action': 'run_model', 'label': '54d202ae-e6d2-4b55-8a0a-01924de4ee8c', 'context': [<snowplow_tracker.self_describing_json.SelfDescribingJson object at 0x782466317710>]}
[0m22:11:25.319941 [debug] [Thread-3 (]: Sending event: {'category': 'dbt', 'action': 'run_model', 'label': '54d202ae-e6d2-4b55-8a0a-01924de4ee8c', 'context': [<snowplow_tracker.self_describing_json.SelfDescribingJson object at 0x78242d998d40>]}
[0m22:11:25.320494 [info ] [Thread-2 (]: 1 of 3 OK created sql table model GOLD.rpt_sales_by_transaction_date ........... [[32mSUCCESS 3[0m in 0.99s]
[0m22:11:25.321129 [info ] [Thread-3 (]: 2 of 3 OK created sql table model GOLD.rpt_top_5_sales_stores .................. [[32mSUCCESS 15[0m in 0.99s]
[0m22:11:25.321594 [debug] [Thread-2 (]: Finished running node model.sales_etl.rpt_sales_by_transaction_date
[0m22:11:25.321961 [debug] [Thread-3 (]: Finished running node model.sales_etl.rpt_top_5_sales_stores
[0m22:11:26.859162 [debug] [Thread-4 (]: SQL status: SUCCESS 3 in 2.471 seconds
[0m22:11:26.863225 [debug] [Thread-4 (]: Sending event: {'category': 'dbt', 'action': 'run_model', 'label': '54d202ae-e6d2-4b55-8a0a-01924de4ee8c', 'context': [<snowplow_tracker.self_describing_json.SelfDescribingJson object at 0x78242d966090>]}
[0m22:11:26.864074 [info ] [Thread-4 (]: 3 of 3 OK created sql table model GOLD.rpt_transactions_by_batch ............... [[32mSUCCESS 3[0m in 2.53s]
[0m22:11:26.864722 [debug] [Thread-4 (]: Finished running node model.sales_etl.rpt_transactions_by_batch
[0m22:11:26.866553 [debug] [MainThread]: Connection 'master' was properly closed.
[0m22:11:26.866932 [debug] [MainThread]: Connection 'model.sales_etl.rpt_top_5_sales_stores' was left open.
[0m22:11:26.867265 [debug] [MainThread]: On model.sales_etl.rpt_top_5_sales_stores: Close
[0m22:11:27.170963 [debug] [MainThread]: Connection 'model.sales_etl.rpt_sales_by_transaction_date' was left open.
[0m22:11:27.171822 [debug] [MainThread]: On model.sales_etl.rpt_sales_by_transaction_date: Close
[0m22:11:27.466626 [debug] [MainThread]: Connection 'model.sales_etl.rpt_transactions_by_batch' was left open.
[0m22:11:27.467138 [debug] [MainThread]: On model.sales_etl.rpt_transactions_by_batch: Close
[0m22:11:27.787547 [info ] [MainThread]: 
[0m22:11:27.787969 [info ] [MainThread]: Finished running 3 table models in 0 hours 0 minutes and 5.84 seconds (5.84s).
[0m22:11:27.788729 [debug] [MainThread]: Command end result
[0m22:11:27.807794 [debug] [MainThread]: Wrote artifact WritableManifest to /opt/airflow/dbt/target/manifest.json
[0m22:11:27.808926 [debug] [MainThread]: Wrote artifact SemanticManifest to /opt/airflow/dbt/target/semantic_manifest.json
[0m22:11:27.812701 [debug] [MainThread]: Wrote artifact RunExecutionResult to /opt/airflow/dbt/target/run_results.json
[0m22:11:27.812935 [info ] [MainThread]: 
[0m22:11:27.813170 [info ] [MainThread]: [32mCompleted successfully[0m
[0m22:11:27.813367 [info ] [MainThread]: 
[0m22:11:27.813578 [info ] [MainThread]: Done. PASS=3 WARN=0 ERROR=0 SKIP=0 NO-OP=0 TOTAL=3
[0m22:11:27.814182 [debug] [MainThread]: Resource report: {"command_name": "run", "command_success": true, "command_wall_clock_time": 6.7877464, "process_in_blocks": "0", "process_kernel_time": 1.352737, "process_mem_max_rss": "230204", "process_out_blocks": "2672", "process_user_time": 2.899437}
[0m22:11:27.814505 [debug] [MainThread]: Command `dbt run` succeeded at 22:11:27.814443 after 6.79 seconds
[0m22:11:27.814742 [debug] [MainThread]: Sending event: {'category': 'dbt', 'action': 'invocation', 'label': 'end', 'context': [<snowplow_tracker.self_describing_json.SelfDescribingJson object at 0x782466fbabd0>, <snowplow_tracker.self_describing_json.SelfDescribingJson object at 0x78244db21460>, <snowplow_tracker.self_describing_json.SelfDescribingJson object at 0x782466340860>]}
[0m22:11:27.814981 [debug] [MainThread]: Flushing usage events
[0m22:11:28.364807 [debug] [MainThread]: An error was encountered while trying to flush usage events
[0m22:13:14.562352 [debug] [MainThread]: Sending event: {'category': 'dbt', 'action': 'invocation', 'label': 'start', 'context': [<snowplow_tracker.self_describing_json.SelfDescribingJson object at 0x70bd5b3580b0>, <snowplow_tracker.self_describing_json.SelfDescribingJson object at 0x70bd5c784710>, <snowplow_tracker.self_describing_json.SelfDescribingJson object at 0x70bd5a749460>]}


============================== 22:13:14.566654 | 4e690c53-b609-4cda-a95d-1acbf3586e13 ==============================
[0m22:13:14.566654 [info ] [MainThread]: Running with dbt=1.11.11
[0m22:13:14.567041 [debug] [MainThread]: running dbt with arguments {'no_print': 'None', 'debug': 'False', 'log_cache_events': 'False', 'write_json': 'True', 'quiet': 'False', 'invocation_command': 'dbt run --select silver', 'fail_fast': 'False', 'introspect': 'True', 'printer_width': '80', 'partial_parse': 'True', 'indirect_selection': 'eager', 'log_format': 'default', 'cache_selected_only': 'False', 'log_path': '/opt/airflow/dbt/logs', 'use_experimental_parser': 'False', 'profiles_dir': '/opt/airflow/dbt', 'send_anonymous_usage_stats': 'True', 'version_check': 'True', 'use_colors': 'True', 'warn_error': 'None', 'empty': 'False', 'warn_error_options': 'WarnErrorOptionsV2(error=[], warn=[], silence=[])', 'target_path': 'None', 'static_parser': 'True'}
[0m22:13:15.000012 [debug] [MainThread]: Snowflake adapter: Setting snowflake.connector to ERROR (file logging only)
[0m22:13:15.000347 [debug] [MainThread]: Snowflake adapter: Setting botocore to ERROR (file logging only)
[0m22:13:15.000594 [debug] [MainThread]: Snowflake adapter: Setting boto3 to ERROR (file logging only)
[0m22:13:15.127628 [debug] [MainThread]: Sending event: {'category': 'dbt', 'action': 'project_id', 'label': '4e690c53-b609-4cda-a95d-1acbf3586e13', 'context': [<snowplow_tracker.self_describing_json.SelfDescribingJson object at 0x70bd28fad610>]}
[0m22:13:15.170640 [debug] [MainThread]: Sending event: {'category': 'dbt', 'action': 'adapter_info', 'label': '4e690c53-b609-4cda-a95d-1acbf3586e13', 'context': [<snowplow_tracker.self_describing_json.SelfDescribingJson object at 0x70bd52636570>]}
[0m22:13:15.171506 [info ] [MainThread]: Registered adapter: snowflake=1.11.5
[0m22:13:15.247252 [debug] [MainThread]: checksum: 30a8cc8fdcbf66701b0944d4ccce3fa46dd04b61e5df68b9f16d57b2e0e3f0be, vars: {}, profile: , target: , version: 1.11.11
[0m22:13:15.328260 [debug] [MainThread]: Partial parsing enabled: 0 files deleted, 0 files added, 0 files changed.
[0m22:13:15.328587 [debug] [MainThread]: Nothing changed, skipping partial parsing.
[0m22:13:15.328809 [debug] [MainThread]: Partial parsing enabled, no changes found, skipping parsing
[0m22:13:15.361500 [debug] [MainThread]: Sending event: {'category': 'dbt', 'action': 'load_project', 'label': '4e690c53-b609-4cda-a95d-1acbf3586e13', 'context': [<snowplow_tracker.self_describing_json.SelfDescribingJson object at 0x70bd283d11f0>]}
[0m22:13:15.428251 [debug] [MainThread]: Wrote artifact WritableManifest to /opt/airflow/dbt/target/manifest.json
[0m22:13:15.429402 [debug] [MainThread]: Wrote artifact SemanticManifest to /opt/airflow/dbt/target/semantic_manifest.json
[0m22:13:15.438435 [debug] [MainThread]: Sending event: {'category': 'dbt', 'action': 'resource_counts', 'label': '4e690c53-b609-4cda-a95d-1acbf3586e13', 'context': [<snowplow_tracker.self_describing_json.SelfDescribingJson object at 0x70bd281c6840>]}
[0m22:13:15.438768 [info ] [MainThread]: Found 5 models, 7 data tests, 3 sources, 537 macros
[0m22:13:15.439000 [debug] [MainThread]: Sending event: {'category': 'dbt', 'action': 'runnable_timing', 'label': '4e690c53-b609-4cda-a95d-1acbf3586e13', 'context': [<snowplow_tracker.self_describing_json.SelfDescribingJson object at 0x70bd281d6870>]}
[0m22:13:15.440233 [info ] [MainThread]: 
[0m22:13:15.440542 [info ] [MainThread]: Concurrency: 4 threads (target='dev')
[0m22:13:15.440741 [info ] [MainThread]: 
[0m22:13:15.441053 [debug] [MainThread]: Acquiring new snowflake connection 'master'
[0m22:13:15.444164 [debug] [ThreadPool]: Acquiring new snowflake connection 'list_SALES_DB'
[0m22:13:15.469280 [debug] [ThreadPool]: Using snowflake connection "list_SALES_DB"
[0m22:13:15.469587 [debug] [ThreadPool]: On list_SALES_DB: show terse schemas in database SALES_DB
    limit 10000
/* {"app": "dbt", "dbt_version": "1.11.11", "profile_name": "sales_etl", "target_name": "dev", "connection_name": "list_SALES_DB"} */
[0m22:13:15.469819 [debug] [ThreadPool]: Opening a new connection, currently in state init
[0m22:13:17.422947 [debug] [ThreadPool]: SQL status: SUCCESS 6 in 1.953 seconds
[0m22:13:17.425841 [debug] [ThreadPool]: Re-using an available connection from the pool (formerly list_SALES_DB, now list_SALES_DB_GOLD)
[0m22:13:17.426620 [debug] [ThreadPool]: Acquiring new snowflake connection 'list_SALES_DB_SILVER'
[0m22:13:17.436459 [debug] [ThreadPool]: Using snowflake connection "list_SALES_DB_GOLD"
[0m22:13:17.439157 [debug] [ThreadPool]: Using snowflake connection "list_SALES_DB_SILVER"
[0m22:13:17.439711 [debug] [ThreadPool]: On list_SALES_DB_GOLD: show objects in SALES_DB.GOLD
    limit 10000
    

/* {"app": "dbt", "dbt_version": "1.11.11", "profile_name": "sales_etl", "target_name": "dev", "connection_name": "list_SALES_DB_GOLD"} */;
[0m22:13:17.440061 [debug] [ThreadPool]: On list_SALES_DB_SILVER: show objects in SALES_DB.SILVER
    limit 10000
    

/* {"app": "dbt", "dbt_version": "1.11.11", "profile_name": "sales_etl", "target_name": "dev", "connection_name": "list_SALES_DB_SILVER"} */;
[0m22:13:17.440708 [debug] [ThreadPool]: Opening a new connection, currently in state init
[0m22:13:17.644286 [debug] [ThreadPool]: SQL status: SUCCESS 3 in 0.204 seconds
[0m22:13:18.943900 [debug] [ThreadPool]: SQL status: SUCCESS 2 in 1.503 seconds
[0m22:13:18.951144 [debug] [MainThread]: Sending event: {'category': 'dbt', 'action': 'runnable_timing', 'label': '4e690c53-b609-4cda-a95d-1acbf3586e13', 'context': [<snowplow_tracker.self_describing_json.SelfDescribingJson object at 0x70bd2326b3e0>]}
[0m22:13:18.955902 [debug] [Thread-2 (]: Began running node model.sales_etl.silver_sales
[0m22:13:18.956517 [debug] [Thread-3 (]: Began running node model.sales_etl.silver_stores
[0m22:13:18.957354 [info ] [Thread-2 (]: 1 of 2 START sql table model SILVER.silver_sales ............................... [RUN]
[0m22:13:18.958237 [info ] [Thread-3 (]: 2 of 2 START sql table model SILVER.silver_stores .............................. [RUN]
[0m22:13:18.959149 [debug] [Thread-2 (]: Re-using an available connection from the pool (formerly list_SALES_DB_SILVER, now model.sales_etl.silver_sales)
[0m22:13:18.959856 [debug] [Thread-3 (]: Re-using an available connection from the pool (formerly list_SALES_DB_GOLD, now model.sales_etl.silver_stores)
[0m22:13:18.960667 [debug] [Thread-2 (]: Began compiling node model.sales_etl.silver_sales
[0m22:13:18.961393 [debug] [Thread-3 (]: Began compiling node model.sales_etl.silver_stores
[0m22:13:18.969862 [debug] [Thread-2 (]: Writing injected SQL for node "model.sales_etl.silver_sales"
[0m22:13:18.972532 [debug] [Thread-3 (]: Writing injected SQL for node "model.sales_etl.silver_stores"
[0m22:13:18.973231 [debug] [Thread-3 (]: Began executing node model.sales_etl.silver_stores
[0m22:13:18.978788 [debug] [Thread-2 (]: Began executing node model.sales_etl.silver_sales
[0m22:13:19.010005 [debug] [Thread-3 (]: Writing runtime sql for node "model.sales_etl.silver_stores"
[0m22:13:19.012976 [debug] [Thread-2 (]: Writing runtime sql for node "model.sales_etl.silver_sales"
[0m22:13:19.013955 [debug] [Thread-2 (]: Using snowflake connection "model.sales_etl.silver_sales"
[0m22:13:19.014224 [debug] [Thread-2 (]: On model.sales_etl.silver_sales: create or replace transient table SALES_DB.SILVER.silver_sales
    
    
    
    as (with source as (

    select *
    from SALES_DB.RAW.sales

),

typed as (

    select
        store_token,
        transaction_id,
        receipt_token,
        try_to_timestamp(
            transaction_time,
            'YYYYMMDD"T"HH24MISS.FF3'
        ) as transaction_timestamp,
        try_to_number(amount,11,2) as amount,
        user_role,
        batch_date,
        source_file,
        load_timestamp
    from source

),

validated as (

    select
        *,
        case
            when amount is null then false
            when transaction_timestamp is null then false
            when store_token is null then false
            when transaction_id is null then false
            else true
        end as is_valid_record
    from typed

),

deduped as (

    select *
    from validated
    qualify row_number() over (
        partition by
            store_token,
            transaction_id
        order by
            load_timestamp desc
    ) = 1
)

select *
from deduped
    )

/* {"app": "dbt", "dbt_version": "1.11.11", "profile_name": "sales_etl", "target_name": "dev", "node_id": "model.sales_etl.silver_sales"} */;
[0m22:13:19.015048 [debug] [Thread-3 (]: Using snowflake connection "model.sales_etl.silver_stores"
[0m22:13:19.015298 [debug] [Thread-3 (]: On model.sales_etl.silver_stores: create or replace transient table SALES_DB.SILVER.silver_stores
    
    
    
    as (with source as (

    select *
    from SALES_DB.RAW.stores

),

deduped as (

    select *
    from source
    qualify row_number() over (
        partition by store_token
        order by load_timestamp desc
    ) = 1

)

select *
from deduped
    )

/* {"app": "dbt", "dbt_version": "1.11.11", "profile_name": "sales_etl", "target_name": "dev", "node_id": "model.sales_etl.silver_stores"} */;
[0m22:13:20.037123 [debug] [Thread-3 (]: SQL status: SUCCESS 162 in 1.021 seconds
[0m22:13:20.061386 [debug] [Thread-3 (]: Sending event: {'category': 'dbt', 'action': 'run_model', 'label': '4e690c53-b609-4cda-a95d-1acbf3586e13', 'context': [<snowplow_tracker.self_describing_json.SelfDescribingJson object at 0x70bd5bbc75f0>]}
[0m22:13:20.061899 [info ] [Thread-3 (]: 2 of 2 OK created sql table model SILVER.silver_stores ......................... [[32mSUCCESS 162[0m in 1.10s]
[0m22:13:20.062301 [debug] [Thread-3 (]: Finished running node model.sales_etl.silver_stores
[0m22:13:20.133679 [debug] [Thread-2 (]: SQL status: SUCCESS 2880 in 1.119 seconds
[0m22:13:20.138207 [debug] [Thread-2 (]: Sending event: {'category': 'dbt', 'action': 'run_model', 'label': '4e690c53-b609-4cda-a95d-1acbf3586e13', 'context': [<snowplow_tracker.self_describing_json.SelfDescribingJson object at 0x70bd232be1e0>]}
[0m22:13:20.139217 [info ] [Thread-2 (]: 1 of 2 OK created sql table model SILVER.silver_sales .......................... [[32mSUCCESS 2880[0m in 1.18s]
[0m22:13:20.140032 [debug] [Thread-2 (]: Finished running node model.sales_etl.silver_sales
[0m22:13:20.142189 [debug] [MainThread]: Connection 'master' was properly closed.
[0m22:13:20.142650 [debug] [MainThread]: Connection 'model.sales_etl.silver_stores' was left open.
[0m22:13:20.143059 [debug] [MainThread]: On model.sales_etl.silver_stores: Close
[0m22:13:20.437527 [debug] [MainThread]: Connection 'model.sales_etl.silver_sales' was left open.
[0m22:13:20.438223 [debug] [MainThread]: On model.sales_etl.silver_sales: Close
[0m22:13:20.734959 [info ] [MainThread]: 
[0m22:13:20.736230 [info ] [MainThread]: Finished running 2 table models in 0 hours 0 minutes and 5.29 seconds (5.29s).
[0m22:13:20.738225 [debug] [MainThread]: Command end result
[0m22:13:20.759929 [debug] [MainThread]: Wrote artifact WritableManifest to /opt/airflow/dbt/target/manifest.json
[0m22:13:20.762188 [debug] [MainThread]: Wrote artifact SemanticManifest to /opt/airflow/dbt/target/semantic_manifest.json
[0m22:13:20.766108 [debug] [MainThread]: Wrote artifact RunExecutionResult to /opt/airflow/dbt/target/run_results.json
[0m22:13:20.766348 [info ] [MainThread]: 
[0m22:13:20.766595 [info ] [MainThread]: [32mCompleted successfully[0m
[0m22:13:20.766780 [info ] [MainThread]: 
[0m22:13:20.766979 [info ] [MainThread]: Done. PASS=2 WARN=0 ERROR=0 SKIP=0 NO-OP=0 TOTAL=2
[0m22:13:20.767642 [debug] [MainThread]: Resource report: {"command_name": "run", "command_success": true, "command_wall_clock_time": 6.2442665, "process_in_blocks": "0", "process_kernel_time": 1.2094, "process_mem_max_rss": "227592", "process_out_blocks": "2648", "process_user_time": 2.825936}
[0m22:13:20.767962 [debug] [MainThread]: Command `dbt run` succeeded at 22:13:20.767898 after 6.24 seconds
[0m22:13:20.768208 [debug] [MainThread]: Sending event: {'category': 'dbt', 'action': 'invocation', 'label': 'end', 'context': [<snowplow_tracker.self_describing_json.SelfDescribingJson object at 0x70bd5a749700>, <snowplow_tracker.self_describing_json.SelfDescribingJson object at 0x70bd5ba6edb0>, <snowplow_tracker.self_describing_json.SelfDescribingJson object at 0x70bd5a6de420>]}
[0m22:13:20.768454 [debug] [MainThread]: Flushing usage events
[0m22:13:21.324288 [debug] [MainThread]: An error was encountered while trying to flush usage events
[0m22:13:24.569656 [debug] [MainThread]: Sending event: {'category': 'dbt', 'action': 'invocation', 'label': 'start', 'context': [<snowplow_tracker.self_describing_json.SelfDescribingJson object at 0x7bf9c63fca10>, <snowplow_tracker.self_describing_json.SelfDescribingJson object at 0x7bf9c4d79be0>, <snowplow_tracker.self_describing_json.SelfDescribingJson object at 0x7bf9c4005d00>]}


============================== 22:13:24.575460 | 18cd2fdc-d714-4df9-a33c-a8978851f982 ==============================
[0m22:13:24.575460 [info ] [MainThread]: Running with dbt=1.11.11
[0m22:13:24.575900 [debug] [MainThread]: running dbt with arguments {'profiles_dir': '/opt/airflow/dbt', 'partial_parse': 'True', 'indirect_selection': 'eager', 'fail_fast': 'False', 'warn_error': 'None', 'use_experimental_parser': 'False', 'log_cache_events': 'False', 'target_path': 'None', 'introspect': 'True', 'log_format': 'default', 'warn_error_options': 'WarnErrorOptionsV2(error=[], warn=[], silence=[])', 'no_print': 'None', 'invocation_command': 'dbt test', 'quiet': 'False', 'static_parser': 'True', 'send_anonymous_usage_stats': 'True', 'cache_selected_only': 'False', 'debug': 'False', 'write_json': 'True', 'use_colors': 'True', 'printer_width': '80', 'log_path': '/opt/airflow/dbt/logs', 'version_check': 'True', 'empty': 'None'}
[0m22:13:25.008966 [debug] [MainThread]: Snowflake adapter: Setting snowflake.connector to ERROR (file logging only)
[0m22:13:25.009389 [debug] [MainThread]: Snowflake adapter: Setting botocore to ERROR (file logging only)
[0m22:13:25.009636 [debug] [MainThread]: Snowflake adapter: Setting boto3 to ERROR (file logging only)
[0m22:13:25.133319 [debug] [MainThread]: Sending event: {'category': 'dbt', 'action': 'project_id', 'label': '18cd2fdc-d714-4df9-a33c-a8978851f982', 'context': [<snowplow_tracker.self_describing_json.SelfDescribingJson object at 0x7bf9917a0a40>]}
[0m22:13:25.177547 [debug] [MainThread]: Sending event: {'category': 'dbt', 'action': 'adapter_info', 'label': '18cd2fdc-d714-4df9-a33c-a8978851f982', 'context': [<snowplow_tracker.self_describing_json.SelfDescribingJson object at 0x7bf991686ab0>]}
[0m22:13:25.178270 [info ] [MainThread]: Registered adapter: snowflake=1.11.5
[0m22:13:25.252930 [debug] [MainThread]: checksum: 30a8cc8fdcbf66701b0944d4ccce3fa46dd04b61e5df68b9f16d57b2e0e3f0be, vars: {}, profile: , target: , version: 1.11.11
[0m22:13:25.333071 [debug] [MainThread]: Partial parsing enabled: 0 files deleted, 0 files added, 0 files changed.
[0m22:13:25.333400 [debug] [MainThread]: Nothing changed, skipping partial parsing.
[0m22:13:25.333627 [debug] [MainThread]: Partial parsing enabled, no changes found, skipping parsing
[0m22:13:25.365691 [debug] [MainThread]: Sending event: {'category': 'dbt', 'action': 'load_project', 'label': '18cd2fdc-d714-4df9-a33c-a8978851f982', 'context': [<snowplow_tracker.self_describing_json.SelfDescribingJson object at 0x7bf9911c4fe0>]}
[0m22:13:25.430674 [debug] [MainThread]: Wrote artifact WritableManifest to /opt/airflow/dbt/target/manifest.json
[0m22:13:25.431845 [debug] [MainThread]: Wrote artifact SemanticManifest to /opt/airflow/dbt/target/semantic_manifest.json
[0m22:13:25.447446 [debug] [MainThread]: Sending event: {'category': 'dbt', 'action': 'resource_counts', 'label': '18cd2fdc-d714-4df9-a33c-a8978851f982', 'context': [<snowplow_tracker.self_describing_json.SelfDescribingJson object at 0x7bf990eb2cc0>]}
[0m22:13:25.447853 [info ] [MainThread]: Found 5 models, 7 data tests, 3 sources, 537 macros
[0m22:13:25.448151 [debug] [MainThread]: Sending event: {'category': 'dbt', 'action': 'runnable_timing', 'label': '18cd2fdc-d714-4df9-a33c-a8978851f982', 'context': [<snowplow_tracker.self_describing_json.SelfDescribingJson object at 0x7bf9916e22d0>]}
[0m22:13:25.449568 [info ] [MainThread]: 
[0m22:13:25.449871 [info ] [MainThread]: Concurrency: 4 threads (target='dev')
[0m22:13:25.450165 [info ] [MainThread]: 
[0m22:13:25.450566 [debug] [MainThread]: Acquiring new snowflake connection 'master'
[0m22:13:25.453788 [debug] [ThreadPool]: Acquiring new snowflake connection 'list_SALES_DB_SILVER'
[0m22:13:25.461090 [debug] [ThreadPool]: Acquiring new snowflake connection 'list_SALES_DB_GOLD'
[0m22:13:25.564381 [debug] [ThreadPool]: Using snowflake connection "list_SALES_DB_SILVER"
[0m22:13:25.564754 [debug] [ThreadPool]: Using snowflake connection "list_SALES_DB_GOLD"
[0m22:13:25.565056 [debug] [ThreadPool]: On list_SALES_DB_SILVER: show objects in SALES_DB.SILVER
    limit 10000
    

/* {"app": "dbt", "dbt_version": "1.11.11", "profile_name": "sales_etl", "target_name": "dev", "connection_name": "list_SALES_DB_SILVER"} */;
[0m22:13:25.565322 [debug] [ThreadPool]: On list_SALES_DB_GOLD: show objects in SALES_DB.GOLD
    limit 10000
    

/* {"app": "dbt", "dbt_version": "1.11.11", "profile_name": "sales_etl", "target_name": "dev", "connection_name": "list_SALES_DB_GOLD"} */;
[0m22:13:25.565577 [debug] [ThreadPool]: Opening a new connection, currently in state init
[0m22:13:25.565788 [debug] [ThreadPool]: Opening a new connection, currently in state init
[0m22:13:26.396081 [debug] [ThreadPool]: SQL status: SUCCESS 2 in 0.830 seconds
[0m22:13:26.401814 [debug] [ThreadPool]: SQL status: SUCCESS 3 in 0.836 seconds
[0m22:13:26.406480 [debug] [MainThread]: Sending event: {'category': 'dbt', 'action': 'runnable_timing', 'label': '18cd2fdc-d714-4df9-a33c-a8978851f982', 'context': [<snowplow_tracker.self_describing_json.SelfDescribingJson object at 0x7bf992163860>]}
[0m22:13:26.414380 [debug] [Thread-2 (]: Began running node test.sales_etl.not_null_silver_sales_amount.02a892d606
[0m22:13:26.415624 [debug] [Thread-3 (]: Began running node test.sales_etl.not_null_silver_sales_store_token.a775148663
[0m22:13:26.416909 [debug] [Thread-4 (]: Began running node test.sales_etl.not_null_silver_sales_transaction_id.728e50eea6
[0m22:13:26.418086 [info ] [Thread-2 (]: 1 of 7 START test not_null_silver_sales_amount ................................. [RUN]
[0m22:13:26.419525 [info ] [Thread-3 (]: 2 of 7 START test not_null_silver_sales_store_token ............................ [RUN]
[0m22:13:26.420868 [info ] [Thread-4 (]: 3 of 7 START test not_null_silver_sales_transaction_id ......................... [RUN]
[0m22:13:26.422029 [debug] [Thread-5 (]: Began running node test.sales_etl.not_null_silver_stores_store_token.6cfdf18669
[0m22:13:26.423387 [debug] [Thread-2 (]: Re-using an available connection from the pool (formerly list_SALES_DB_GOLD, now test.sales_etl.not_null_silver_sales_amount.02a892d606)
[0m22:13:26.424695 [debug] [Thread-3 (]: Re-using an available connection from the pool (formerly list_SALES_DB_SILVER, now test.sales_etl.not_null_silver_sales_store_token.a775148663)
[0m22:13:26.426142 [debug] [Thread-4 (]: Acquiring new snowflake connection 'test.sales_etl.not_null_silver_sales_transaction_id.728e50eea6'
[0m22:13:26.427547 [info ] [Thread-5 (]: 4 of 7 START test not_null_silver_stores_store_token ........................... [RUN]
[0m22:13:26.429198 [debug] [Thread-2 (]: Began compiling node test.sales_etl.not_null_silver_sales_amount.02a892d606
[0m22:13:26.430763 [debug] [Thread-3 (]: Began compiling node test.sales_etl.not_null_silver_sales_store_token.a775148663
[0m22:13:26.432043 [debug] [Thread-4 (]: Began compiling node test.sales_etl.not_null_silver_sales_transaction_id.728e50eea6
[0m22:13:26.433974 [debug] [Thread-5 (]: Acquiring new snowflake connection 'test.sales_etl.not_null_silver_stores_store_token.6cfdf18669'
[0m22:13:26.475352 [debug] [Thread-2 (]: Writing injected SQL for node "test.sales_etl.not_null_silver_sales_amount.02a892d606"
[0m22:13:26.477327 [debug] [Thread-4 (]: Writing injected SQL for node "test.sales_etl.not_null_silver_sales_transaction_id.728e50eea6"
[0m22:13:26.478070 [debug] [Thread-3 (]: Writing injected SQL for node "test.sales_etl.not_null_silver_sales_store_token.a775148663"
[0m22:13:26.478794 [debug] [Thread-5 (]: Began compiling node test.sales_etl.not_null_silver_stores_store_token.6cfdf18669
[0m22:13:26.480299 [debug] [Thread-3 (]: Began executing node test.sales_etl.not_null_silver_sales_store_token.a775148663
[0m22:13:26.480961 [debug] [Thread-4 (]: Began executing node test.sales_etl.not_null_silver_sales_transaction_id.728e50eea6
[0m22:13:26.481548 [debug] [Thread-2 (]: Began executing node test.sales_etl.not_null_silver_sales_amount.02a892d606
[0m22:13:26.486662 [debug] [Thread-5 (]: Writing injected SQL for node "test.sales_etl.not_null_silver_stores_store_token.6cfdf18669"
[0m22:13:26.523272 [debug] [Thread-4 (]: Writing runtime sql for node "test.sales_etl.not_null_silver_sales_transaction_id.728e50eea6"
[0m22:13:26.524920 [debug] [Thread-3 (]: Writing runtime sql for node "test.sales_etl.not_null_silver_sales_store_token.a775148663"
[0m22:13:26.527445 [debug] [Thread-2 (]: Writing runtime sql for node "test.sales_etl.not_null_silver_sales_amount.02a892d606"
[0m22:13:26.528395 [debug] [Thread-4 (]: Using snowflake connection "test.sales_etl.not_null_silver_sales_transaction_id.728e50eea6"
[0m22:13:26.528708 [debug] [Thread-5 (]: Began executing node test.sales_etl.not_null_silver_stores_store_token.6cfdf18669
[0m22:13:26.529373 [debug] [Thread-4 (]: On test.sales_etl.not_null_silver_sales_transaction_id.728e50eea6: select
      count(*) as failures,
      count(*) != 0 as should_warn,
      count(*) != 0 as should_error
    from (
      
    
  
    
    



select transaction_id
from SALES_DB.SILVER.silver_sales
where transaction_id is null



  
  
      
    ) dbt_internal_test
/* {"app": "dbt", "dbt_version": "1.11.11", "profile_name": "sales_etl", "target_name": "dev", "node_id": "test.sales_etl.not_null_silver_sales_transaction_id.728e50eea6"} */
[0m22:13:26.529962 [debug] [Thread-3 (]: Using snowflake connection "test.sales_etl.not_null_silver_sales_store_token.a775148663"
[0m22:13:26.530505 [debug] [Thread-2 (]: Using snowflake connection "test.sales_etl.not_null_silver_sales_amount.02a892d606"
[0m22:13:26.532148 [debug] [Thread-5 (]: Writing runtime sql for node "test.sales_etl.not_null_silver_stores_store_token.6cfdf18669"
[0m22:13:26.532464 [debug] [Thread-4 (]: Opening a new connection, currently in state init
[0m22:13:26.532816 [debug] [Thread-3 (]: On test.sales_etl.not_null_silver_sales_store_token.a775148663: select
      count(*) as failures,
      count(*) != 0 as should_warn,
      count(*) != 0 as should_error
    from (
      
    
  
    
    



select store_token
from SALES_DB.SILVER.silver_sales
where store_token is null



  
  
      
    ) dbt_internal_test
/* {"app": "dbt", "dbt_version": "1.11.11", "profile_name": "sales_etl", "target_name": "dev", "node_id": "test.sales_etl.not_null_silver_sales_store_token.a775148663"} */
[0m22:13:26.533154 [debug] [Thread-2 (]: On test.sales_etl.not_null_silver_sales_amount.02a892d606: select
      count(*) as failures,
      count(*) != 0 as should_warn,
      count(*) != 0 as should_error
    from (
      
    
  
    
    



select amount
from SALES_DB.SILVER.silver_sales
where amount is null



  
  
      
    ) dbt_internal_test
/* {"app": "dbt", "dbt_version": "1.11.11", "profile_name": "sales_etl", "target_name": "dev", "node_id": "test.sales_etl.not_null_silver_sales_amount.02a892d606"} */
[0m22:13:26.534665 [debug] [Thread-5 (]: Using snowflake connection "test.sales_etl.not_null_silver_stores_store_token.6cfdf18669"
[0m22:13:26.536979 [debug] [Thread-5 (]: On test.sales_etl.not_null_silver_stores_store_token.6cfdf18669: select
      count(*) as failures,
      count(*) != 0 as should_warn,
      count(*) != 0 as should_error
    from (
      
    
  
    
    



select store_token
from SALES_DB.SILVER.silver_stores
where store_token is null



  
  
      
    ) dbt_internal_test
/* {"app": "dbt", "dbt_version": "1.11.11", "profile_name": "sales_etl", "target_name": "dev", "node_id": "test.sales_etl.not_null_silver_stores_store_token.6cfdf18669"} */
[0m22:13:26.537344 [debug] [Thread-5 (]: Opening a new connection, currently in state init
[0m22:13:26.894870 [debug] [Thread-2 (]: SQL status: SUCCESS 1 in 0.359 seconds
[0m22:13:26.897714 [debug] [Thread-3 (]: SQL status: SUCCESS 1 in 0.363 seconds
[0m22:13:26.924475 [info ] [Thread-3 (]: 2 of 7 PASS not_null_silver_sales_store_token .................................. [[32mPASS[0m in 0.50s]
[0m22:13:26.926154 [info ] [Thread-2 (]: 1 of 7 PASS not_null_silver_sales_amount ....................................... [[32mPASS[0m in 0.50s]
[0m22:13:26.926869 [debug] [Thread-3 (]: Finished running node test.sales_etl.not_null_silver_sales_store_token.a775148663
[0m22:13:26.927561 [debug] [Thread-2 (]: Finished running node test.sales_etl.not_null_silver_sales_amount.02a892d606
[0m22:13:26.927983 [debug] [Thread-3 (]: Began running node test.sales_etl.unique_silver_stores_store_token.2ae0e77f54
[0m22:13:26.928505 [debug] [Thread-2 (]: Began running node test.sales_etl.unique_transaction
[0m22:13:26.928903 [info ] [Thread-3 (]: 5 of 7 START test unique_silver_stores_store_token ............................. [RUN]
[0m22:13:26.929516 [info ] [Thread-2 (]: 6 of 7 START test unique_transaction ........................................... [RUN]
[0m22:13:26.929950 [debug] [Thread-3 (]: Re-using an available connection from the pool (formerly test.sales_etl.not_null_silver_sales_store_token.a775148663, now test.sales_etl.unique_silver_stores_store_token.2ae0e77f54)
[0m22:13:26.930402 [debug] [Thread-2 (]: Re-using an available connection from the pool (formerly test.sales_etl.not_null_silver_sales_amount.02a892d606, now test.sales_etl.unique_transaction)
[0m22:13:26.930854 [debug] [Thread-3 (]: Began compiling node test.sales_etl.unique_silver_stores_store_token.2ae0e77f54
[0m22:13:26.931335 [debug] [Thread-2 (]: Began compiling node test.sales_etl.unique_transaction
[0m22:13:26.935658 [debug] [Thread-3 (]: Writing injected SQL for node "test.sales_etl.unique_silver_stores_store_token.2ae0e77f54"
[0m22:13:26.938402 [debug] [Thread-2 (]: Writing injected SQL for node "test.sales_etl.unique_transaction"
[0m22:13:26.938990 [debug] [Thread-3 (]: Began executing node test.sales_etl.unique_silver_stores_store_token.2ae0e77f54
[0m22:13:26.940322 [debug] [Thread-3 (]: Writing runtime sql for node "test.sales_etl.unique_silver_stores_store_token.2ae0e77f54"
[0m22:13:26.940933 [debug] [Thread-3 (]: Using snowflake connection "test.sales_etl.unique_silver_stores_store_token.2ae0e77f54"
[0m22:13:26.941242 [debug] [Thread-3 (]: On test.sales_etl.unique_silver_stores_store_token.2ae0e77f54: select
      count(*) as failures,
      count(*) != 0 as should_warn,
      count(*) != 0 as should_error
    from (
      
    
  
    
    

select
    store_token as unique_field,
    count(*) as n_records

from SALES_DB.SILVER.silver_stores
where store_token is not null
group by store_token
having count(*) > 1



  
  
      
    ) dbt_internal_test
/* {"app": "dbt", "dbt_version": "1.11.11", "profile_name": "sales_etl", "target_name": "dev", "node_id": "test.sales_etl.unique_silver_stores_store_token.2ae0e77f54"} */
[0m22:13:26.941552 [debug] [Thread-2 (]: Began executing node test.sales_etl.unique_transaction
[0m22:13:26.944050 [debug] [Thread-2 (]: Writing runtime sql for node "test.sales_etl.unique_transaction"
[0m22:13:26.944605 [debug] [Thread-2 (]: Using snowflake connection "test.sales_etl.unique_transaction"
[0m22:13:26.944840 [debug] [Thread-2 (]: On test.sales_etl.unique_transaction: select
      count(*) as failures,
      count(*) != 0 as should_warn,
      count(*) != 0 as should_error
    from (
      
    
  select
    store_token,
    transaction_id,
    count(*)
from SALES_DB.SILVER.silver_sales
group by
    store_token,
    transaction_id
having count(*) > 1
  
  
      
    ) dbt_internal_test
/* {"app": "dbt", "dbt_version": "1.11.11", "profile_name": "sales_etl", "target_name": "dev", "node_id": "test.sales_etl.unique_transaction"} */
[0m22:13:27.272827 [debug] [Thread-2 (]: SQL status: SUCCESS 1 in 0.327 seconds
[0m22:13:27.277518 [info ] [Thread-2 (]: 6 of 7 PASS unique_transaction ................................................. [[32mPASS[0m in 0.35s]
[0m22:13:27.278299 [debug] [Thread-2 (]: Finished running node test.sales_etl.unique_transaction
[0m22:13:27.278724 [debug] [Thread-2 (]: Began running node test.sales_etl.valid_store_token
[0m22:13:27.279079 [info ] [Thread-2 (]: 7 of 7 START test valid_store_token ............................................ [RUN]
[0m22:13:27.279447 [debug] [Thread-2 (]: Re-using an available connection from the pool (formerly test.sales_etl.unique_transaction, now test.sales_etl.valid_store_token)
[0m22:13:27.279742 [debug] [Thread-2 (]: Began compiling node test.sales_etl.valid_store_token
[0m22:13:27.281914 [debug] [Thread-2 (]: Writing injected SQL for node "test.sales_etl.valid_store_token"
[0m22:13:27.282302 [debug] [Thread-2 (]: Began executing node test.sales_etl.valid_store_token
[0m22:13:27.283589 [debug] [Thread-2 (]: Writing runtime sql for node "test.sales_etl.valid_store_token"
[0m22:13:27.284173 [debug] [Thread-2 (]: Using snowflake connection "test.sales_etl.valid_store_token"
[0m22:13:27.284403 [debug] [Thread-2 (]: On test.sales_etl.valid_store_token: select
      count(*) as failures,
      count(*) != 0 as should_warn,
      count(*) != 0 as should_error
    from (
      
    
  select
    s.store_token
from SALES_DB.SILVER.silver_sales s
left join SALES_DB.SILVER.silver_stores st
    on s.store_token = st.store_token
where st.store_token is null
  
  
      
    ) dbt_internal_test
/* {"app": "dbt", "dbt_version": "1.11.11", "profile_name": "sales_etl", "target_name": "dev", "node_id": "test.sales_etl.valid_store_token"} */
[0m22:13:27.292495 [debug] [Thread-3 (]: SQL status: SUCCESS 1 in 0.351 seconds
[0m22:13:27.294251 [info ] [Thread-3 (]: 5 of 7 PASS unique_silver_stores_store_token ................................... [[32mPASS[0m in 0.36s]
[0m22:13:27.294684 [debug] [Thread-3 (]: Finished running node test.sales_etl.unique_silver_stores_store_token.2ae0e77f54
[0m22:13:27.381156 [debug] [Thread-4 (]: SQL status: SUCCESS 1 in 0.848 seconds
[0m22:13:27.384966 [info ] [Thread-4 (]: 3 of 7 PASS not_null_silver_sales_transaction_id ............................... [[32mPASS[0m in 0.96s]
[0m22:13:27.385741 [debug] [Thread-4 (]: Finished running node test.sales_etl.not_null_silver_sales_transaction_id.728e50eea6
[0m22:13:27.748009 [debug] [Thread-2 (]: SQL status: SUCCESS 1 in 0.463 seconds
[0m22:13:27.752410 [info ] [Thread-2 (]: 7 of 7 PASS valid_store_token .................................................. [[32mPASS[0m in 0.47s]
[0m22:13:27.753311 [debug] [Thread-2 (]: Finished running node test.sales_etl.valid_store_token
[0m22:13:28.013388 [debug] [Thread-5 (]: SQL status: SUCCESS 1 in 1.476 seconds
[0m22:13:28.019224 [info ] [Thread-5 (]: 4 of 7 PASS not_null_silver_stores_store_token ................................. [[32mPASS[0m in 1.59s]
[0m22:13:28.020369 [debug] [Thread-5 (]: Finished running node test.sales_etl.not_null_silver_stores_store_token.6cfdf18669
[0m22:13:28.022912 [debug] [MainThread]: Connection 'master' was properly closed.
[0m22:13:28.023412 [debug] [MainThread]: Connection 'test.sales_etl.unique_silver_stores_store_token.2ae0e77f54' was left open.
[0m22:13:28.023849 [debug] [MainThread]: On test.sales_etl.unique_silver_stores_store_token.2ae0e77f54: Close
[0m22:13:28.311055 [debug] [MainThread]: Connection 'test.sales_etl.valid_store_token' was left open.
[0m22:13:28.312120 [debug] [MainThread]: On test.sales_etl.valid_store_token: Close
[0m22:13:28.612454 [debug] [MainThread]: Connection 'test.sales_etl.not_null_silver_sales_transaction_id.728e50eea6' was left open.
[0m22:13:28.614739 [debug] [MainThread]: On test.sales_etl.not_null_silver_sales_transaction_id.728e50eea6: Close
[0m22:13:28.913109 [debug] [MainThread]: Connection 'test.sales_etl.not_null_silver_stores_store_token.6cfdf18669' was left open.
[0m22:13:28.914326 [debug] [MainThread]: On test.sales_etl.not_null_silver_stores_store_token.6cfdf18669: Close
[0m22:13:29.231829 [info ] [MainThread]: 
[0m22:13:29.232943 [info ] [MainThread]: Finished running 7 data tests in 0 hours 0 minutes and 3.78 seconds (3.78s).
[0m22:13:29.235162 [debug] [MainThread]: Command end result
[0m22:13:29.265512 [debug] [MainThread]: Wrote artifact WritableManifest to /opt/airflow/dbt/target/manifest.json
[0m22:13:29.267065 [debug] [MainThread]: Wrote artifact SemanticManifest to /opt/airflow/dbt/target/semantic_manifest.json
[0m22:13:29.272360 [debug] [MainThread]: Wrote artifact RunExecutionResult to /opt/airflow/dbt/target/run_results.json
[0m22:13:29.272738 [info ] [MainThread]: 
[0m22:13:29.273046 [info ] [MainThread]: [32mCompleted successfully[0m
[0m22:13:29.273263 [info ] [MainThread]: 
[0m22:13:29.273529 [info ] [MainThread]: Done. PASS=7 WARN=0 ERROR=0 SKIP=0 NO-OP=0 TOTAL=7
[0m22:13:29.274810 [debug] [MainThread]: Resource report: {"command_name": "test", "command_success": true, "command_wall_clock_time": 4.7428703, "process_in_blocks": "0", "process_kernel_time": 1.33346, "process_mem_max_rss": "233180", "process_out_blocks": "2736", "process_user_time": 3.045914}
[0m22:13:29.275509 [debug] [MainThread]: Command `dbt test` succeeded at 22:13:29.275394 after 4.74 seconds
[0m22:13:29.275995 [debug] [MainThread]: Sending event: {'category': 'dbt', 'action': 'invocation', 'label': 'end', 'context': [<snowplow_tracker.self_describing_json.SelfDescribingJson object at 0x7bf9c4dff140>, <snowplow_tracker.self_describing_json.SelfDescribingJson object at 0x7bf990fdbfb0>, <snowplow_tracker.self_describing_json.SelfDescribingJson object at 0x7bf9c4005d00>]}
[0m22:13:29.276334 [debug] [MainThread]: Flushing usage events
[0m22:13:29.827712 [debug] [MainThread]: An error was encountered while trying to flush usage events
[0m22:13:32.785460 [debug] [MainThread]: Sending event: {'category': 'dbt', 'action': 'invocation', 'label': 'start', 'context': [<snowplow_tracker.self_describing_json.SelfDescribingJson object at 0x7a35d8961be0>, <snowplow_tracker.self_describing_json.SelfDescribingJson object at 0x7a35db1492b0>, <snowplow_tracker.self_describing_json.SelfDescribingJson object at 0x7a35d9b05010>]}


============================== 22:13:32.792140 | 13cecd51-7d29-4e1b-b704-7e955cc6969b ==============================
[0m22:13:32.792140 [info ] [MainThread]: Running with dbt=1.11.11
[0m22:13:32.792827 [debug] [MainThread]: running dbt with arguments {'use_experimental_parser': 'False', 'send_anonymous_usage_stats': 'True', 'profiles_dir': '/opt/airflow/dbt', 'write_json': 'True', 'use_colors': 'True', 'log_cache_events': 'False', 'version_check': 'True', 'printer_width': '80', 'cache_selected_only': 'False', 'invocation_command': 'dbt run --select gold', 'debug': 'False', 'warn_error': 'None', 'warn_error_options': 'WarnErrorOptionsV2(error=[], warn=[], silence=[])', 'no_print': 'None', 'fail_fast': 'False', 'target_path': 'None', 'indirect_selection': 'eager', 'static_parser': 'True', 'log_format': 'default', 'partial_parse': 'True', 'introspect': 'True', 'log_path': '/opt/airflow/dbt/logs', 'quiet': 'False', 'empty': 'False'}
[0m22:13:33.261936 [debug] [MainThread]: Snowflake adapter: Setting snowflake.connector to ERROR (file logging only)
[0m22:13:33.262454 [debug] [MainThread]: Snowflake adapter: Setting botocore to ERROR (file logging only)
[0m22:13:33.262780 [debug] [MainThread]: Snowflake adapter: Setting boto3 to ERROR (file logging only)
[0m22:13:33.394963 [debug] [MainThread]: Sending event: {'category': 'dbt', 'action': 'project_id', 'label': '13cecd51-7d29-4e1b-b704-7e955cc6969b', 'context': [<snowplow_tracker.self_describing_json.SelfDescribingJson object at 0x7a35dadc0620>]}
[0m22:13:33.440844 [debug] [MainThread]: Sending event: {'category': 'dbt', 'action': 'adapter_info', 'label': '13cecd51-7d29-4e1b-b704-7e955cc6969b', 'context': [<snowplow_tracker.self_describing_json.SelfDescribingJson object at 0x7a35d9430f20>]}
[0m22:13:33.441699 [info ] [MainThread]: Registered adapter: snowflake=1.11.5
[0m22:13:33.518841 [debug] [MainThread]: checksum: 30a8cc8fdcbf66701b0944d4ccce3fa46dd04b61e5df68b9f16d57b2e0e3f0be, vars: {}, profile: , target: , version: 1.11.11
[0m22:13:33.604648 [debug] [MainThread]: Partial parsing enabled: 0 files deleted, 0 files added, 0 files changed.
[0m22:13:33.605219 [debug] [MainThread]: Nothing changed, skipping partial parsing.
[0m22:13:33.605502 [debug] [MainThread]: Partial parsing enabled, no changes found, skipping parsing
[0m22:13:33.640090 [debug] [MainThread]: Sending event: {'category': 'dbt', 'action': 'load_project', 'label': '13cecd51-7d29-4e1b-b704-7e955cc6969b', 'context': [<snowplow_tracker.self_describing_json.SelfDescribingJson object at 0x7a35a59d8710>]}
[0m22:13:33.709694 [debug] [MainThread]: Wrote artifact WritableManifest to /opt/airflow/dbt/target/manifest.json
[0m22:13:33.711924 [debug] [MainThread]: Wrote artifact SemanticManifest to /opt/airflow/dbt/target/semantic_manifest.json
[0m22:13:33.721977 [debug] [MainThread]: Sending event: {'category': 'dbt', 'action': 'resource_counts', 'label': '13cecd51-7d29-4e1b-b704-7e955cc6969b', 'context': [<snowplow_tracker.self_describing_json.SelfDescribingJson object at 0x7a35a5775f40>]}
[0m22:13:33.722350 [info ] [MainThread]: Found 5 models, 7 data tests, 3 sources, 537 macros
[0m22:13:33.722641 [debug] [MainThread]: Sending event: {'category': 'dbt', 'action': 'runnable_timing', 'label': '13cecd51-7d29-4e1b-b704-7e955cc6969b', 'context': [<snowplow_tracker.self_describing_json.SelfDescribingJson object at 0x7a35d86660f0>]}
[0m22:13:33.724537 [info ] [MainThread]: 
[0m22:13:33.724871 [info ] [MainThread]: Concurrency: 4 threads (target='dev')
[0m22:13:33.725089 [info ] [MainThread]: 
[0m22:13:33.725554 [debug] [MainThread]: Acquiring new snowflake connection 'master'
[0m22:13:33.729496 [debug] [ThreadPool]: Acquiring new snowflake connection 'list_SALES_DB'
[0m22:13:33.761461 [debug] [ThreadPool]: Using snowflake connection "list_SALES_DB"
[0m22:13:33.762077 [debug] [ThreadPool]: On list_SALES_DB: show terse schemas in database SALES_DB
    limit 10000
/* {"app": "dbt", "dbt_version": "1.11.11", "profile_name": "sales_etl", "target_name": "dev", "connection_name": "list_SALES_DB"} */
[0m22:13:33.762320 [debug] [ThreadPool]: Opening a new connection, currently in state init
[0m22:13:34.665790 [debug] [ThreadPool]: SQL status: SUCCESS 6 in 0.903 seconds
[0m22:13:34.670044 [debug] [ThreadPool]: Re-using an available connection from the pool (formerly list_SALES_DB, now list_SALES_DB_SILVER)
[0m22:13:34.676702 [debug] [ThreadPool]: Acquiring new snowflake connection 'list_SALES_DB_GOLD'
[0m22:13:34.704985 [debug] [ThreadPool]: Using snowflake connection "list_SALES_DB_SILVER"
[0m22:13:34.705529 [debug] [ThreadPool]: Using snowflake connection "list_SALES_DB_GOLD"
[0m22:13:34.705980 [debug] [ThreadPool]: On list_SALES_DB_SILVER: show objects in SALES_DB.SILVER
    limit 10000
    

/* {"app": "dbt", "dbt_version": "1.11.11", "profile_name": "sales_etl", "target_name": "dev", "connection_name": "list_SALES_DB_SILVER"} */;
[0m22:13:34.706397 [debug] [ThreadPool]: On list_SALES_DB_GOLD: show objects in SALES_DB.GOLD
    limit 10000
    

/* {"app": "dbt", "dbt_version": "1.11.11", "profile_name": "sales_etl", "target_name": "dev", "connection_name": "list_SALES_DB_GOLD"} */;
[0m22:13:34.707755 [debug] [ThreadPool]: Opening a new connection, currently in state init
[0m22:13:34.940819 [debug] [ThreadPool]: SQL status: SUCCESS 2 in 0.234 seconds
[0m22:13:35.492726 [debug] [ThreadPool]: SQL status: SUCCESS 3 in 0.785 seconds
[0m22:13:35.497882 [debug] [MainThread]: Sending event: {'category': 'dbt', 'action': 'runnable_timing', 'label': '13cecd51-7d29-4e1b-b704-7e955cc6969b', 'context': [<snowplow_tracker.self_describing_json.SelfDescribingJson object at 0x7a35a5e47fb0>]}
[0m22:13:35.501943 [debug] [Thread-2 (]: Began running node model.sales_etl.rpt_sales_by_transaction_date
[0m22:13:35.502461 [debug] [Thread-3 (]: Began running node model.sales_etl.rpt_top_5_sales_stores
[0m22:13:35.503049 [debug] [Thread-4 (]: Began running node model.sales_etl.rpt_transactions_by_batch
[0m22:13:35.503790 [info ] [Thread-2 (]: 1 of 3 START sql table model GOLD.rpt_sales_by_transaction_date ................ [RUN]
[0m22:13:35.504658 [info ] [Thread-3 (]: 2 of 3 START sql table model GOLD.rpt_top_5_sales_stores ....................... [RUN]
[0m22:13:35.505409 [info ] [Thread-4 (]: 3 of 3 START sql table model GOLD.rpt_transactions_by_batch .................... [RUN]
[0m22:13:35.506287 [debug] [Thread-2 (]: Re-using an available connection from the pool (formerly list_SALES_DB_GOLD, now model.sales_etl.rpt_sales_by_transaction_date)
[0m22:13:35.506918 [debug] [Thread-3 (]: Re-using an available connection from the pool (formerly list_SALES_DB_SILVER, now model.sales_etl.rpt_top_5_sales_stores)
[0m22:13:35.507694 [debug] [Thread-4 (]: Acquiring new snowflake connection 'model.sales_etl.rpt_transactions_by_batch'
[0m22:13:35.508151 [debug] [Thread-2 (]: Began compiling node model.sales_etl.rpt_sales_by_transaction_date
[0m22:13:35.508544 [debug] [Thread-3 (]: Began compiling node model.sales_etl.rpt_top_5_sales_stores
[0m22:13:35.508912 [debug] [Thread-4 (]: Began compiling node model.sales_etl.rpt_transactions_by_batch
[0m22:13:35.514037 [debug] [Thread-2 (]: Writing injected SQL for node "model.sales_etl.rpt_sales_by_transaction_date"
[0m22:13:35.515829 [debug] [Thread-3 (]: Writing injected SQL for node "model.sales_etl.rpt_top_5_sales_stores"
[0m22:13:35.517794 [debug] [Thread-4 (]: Writing injected SQL for node "model.sales_etl.rpt_transactions_by_batch"
[0m22:13:35.518415 [debug] [Thread-2 (]: Began executing node model.sales_etl.rpt_sales_by_transaction_date
[0m22:13:35.518666 [debug] [Thread-3 (]: Began executing node model.sales_etl.rpt_top_5_sales_stores
[0m22:13:35.535055 [debug] [Thread-4 (]: Began executing node model.sales_etl.rpt_transactions_by_batch
[0m22:13:35.545407 [debug] [Thread-2 (]: Writing runtime sql for node "model.sales_etl.rpt_sales_by_transaction_date"
[0m22:13:35.545920 [debug] [Thread-3 (]: Writing runtime sql for node "model.sales_etl.rpt_top_5_sales_stores"
[0m22:13:35.548607 [debug] [Thread-4 (]: Writing runtime sql for node "model.sales_etl.rpt_transactions_by_batch"
[0m22:13:35.549804 [debug] [Thread-3 (]: Using snowflake connection "model.sales_etl.rpt_top_5_sales_stores"
[0m22:13:35.550605 [debug] [Thread-2 (]: Using snowflake connection "model.sales_etl.rpt_sales_by_transaction_date"
[0m22:13:35.551150 [debug] [Thread-3 (]: On model.sales_etl.rpt_top_5_sales_stores: create or replace transient table SALES_DB.GOLD.rpt_top_5_sales_stores
    
    
    
    as (with sales as (

    select *
    from SALES_DB.SILVER.silver_sales

),

stores as (

    select *
    from SALES_DB.SILVER.silver_stores

),

daily_sales as (

    select
        cast(
            transaction_timestamp as date
        ) as transaction_date,
        store_token,
        sum(amount) as total_sales
    from sales
    group by 1,2

),

ranked as (

    select
        *,
        dense_rank() over (
            partition by transaction_date
            order by total_sales desc
        ) as rank_id

    from daily_sales

)

select
    current_date() as snapshot_date,
    r.transaction_date,
    r.rank_id,
    r.total_sales,
    r.store_token,
    s.store_name
from ranked r
join stores s
    on r.store_token = s.store_token
where rank_id <= 5
qualify row_number() over (
    order by transaction_date desc
) <= 50
    )

/* {"app": "dbt", "dbt_version": "1.11.11", "profile_name": "sales_etl", "target_name": "dev", "node_id": "model.sales_etl.rpt_top_5_sales_stores"} */;
[0m22:13:35.552030 [debug] [Thread-4 (]: Using snowflake connection "model.sales_etl.rpt_transactions_by_batch"
[0m22:13:35.552479 [debug] [Thread-2 (]: On model.sales_etl.rpt_sales_by_transaction_date: create or replace transient table SALES_DB.GOLD.rpt_sales_by_transaction_date
    
    
    
    as (with sales as (

    select *
    from SALES_DB.SILVER.silver_sales

),

daily as (

    select
        current_date() as snapshot_date,
        cast(transaction_timestamp as date)
            as transaction_date,
        count(distinct store_token)
            as stores_with_transactions,
        sum(amount)
            as total_sales_amount,
        avg(amount)
            as total_sales_average
    from sales
    group by 2

),

monthly as (

    select
        *,
        sum(total_sales_amount) over (
            partition by
                date_trunc(
                    month,
                    transaction_date
                )
            order by transaction_date
        ) as monthly_accumulated_sales
    from daily
    
)

select *
from monthly
qualify row_number() over (
    order by transaction_date desc
) <= 40
    )

/* {"app": "dbt", "dbt_version": "1.11.11", "profile_name": "sales_etl", "target_name": "dev", "node_id": "model.sales_etl.rpt_sales_by_transaction_date"} */;
[0m22:13:35.553109 [debug] [Thread-4 (]: On model.sales_etl.rpt_transactions_by_batch: create or replace transient table SALES_DB.GOLD.rpt_transactions_by_batch
    
    
    
    as (with sales as (

    select *
    from SALES_DB.SILVER.silver_sales

),

audit as (

    select *
    from SALES_DB.RAW.file_audit
    where file_type = 'SALES'

)

select
    current_date() as snapshot_date,
    s.batch_date,
    max(a.rows_loaded) as total_processed_raw_transactions,
    count_if(s.is_valid_record) as valid_transactions,
    count_if(not s.is_valid_record) as invalid_transactions,
    max(a.load_timestamp)::date as processing_date
from sales s
left join audit a
    on s.batch_date = a.batch_date
group by
    s.batch_date
qualify row_number() over (
    order by s.batch_date desc
) <= 40
    )

/* {"app": "dbt", "dbt_version": "1.11.11", "profile_name": "sales_etl", "target_name": "dev", "node_id": "model.sales_etl.rpt_transactions_by_batch"} */;
[0m22:13:35.555183 [debug] [Thread-4 (]: Opening a new connection, currently in state init
[0m22:13:36.498489 [debug] [Thread-2 (]: SQL status: SUCCESS 3 in 0.944 seconds
[0m22:13:36.518399 [debug] [Thread-2 (]: Sending event: {'category': 'dbt', 'action': 'run_model', 'label': '13cecd51-7d29-4e1b-b704-7e955cc6969b', 'context': [<snowplow_tracker.self_describing_json.SelfDescribingJson object at 0x7a35d9b07290>]}
[0m22:13:36.518913 [info ] [Thread-2 (]: 1 of 3 OK created sql table model GOLD.rpt_sales_by_transaction_date ........... [[32mSUCCESS 3[0m in 1.01s]
[0m22:13:36.519313 [debug] [Thread-2 (]: Finished running node model.sales_etl.rpt_sales_by_transaction_date
[0m22:13:36.528147 [debug] [Thread-3 (]: SQL status: SUCCESS 15 in 0.975 seconds
[0m22:13:36.529691 [debug] [Thread-3 (]: Sending event: {'category': 'dbt', 'action': 'run_model', 'label': '13cecd51-7d29-4e1b-b704-7e955cc6969b', 'context': [<snowplow_tracker.self_describing_json.SelfDescribingJson object at 0x7a35a47063f0>]}
[0m22:13:36.530140 [info ] [Thread-3 (]: 2 of 3 OK created sql table model GOLD.rpt_top_5_sales_stores .................. [[32mSUCCESS 15[0m in 1.02s]
[0m22:13:36.530536 [debug] [Thread-3 (]: Finished running node model.sales_etl.rpt_top_5_sales_stores
[0m22:13:37.077268 [debug] [Thread-4 (]: SQL status: SUCCESS 3 in 1.522 seconds
[0m22:13:37.079794 [debug] [Thread-4 (]: Sending event: {'category': 'dbt', 'action': 'run_model', 'label': '13cecd51-7d29-4e1b-b704-7e955cc6969b', 'context': [<snowplow_tracker.self_describing_json.SelfDescribingJson object at 0x7a35a51a5af0>]}
[0m22:13:37.080325 [info ] [Thread-4 (]: 3 of 3 OK created sql table model GOLD.rpt_transactions_by_batch ............... [[32mSUCCESS 3[0m in 1.57s]
[0m22:13:37.080697 [debug] [Thread-4 (]: Finished running node model.sales_etl.rpt_transactions_by_batch
[0m22:13:37.082759 [debug] [MainThread]: Connection 'master' was properly closed.
[0m22:13:37.083167 [debug] [MainThread]: Connection 'model.sales_etl.rpt_top_5_sales_stores' was left open.
[0m22:13:37.083543 [debug] [MainThread]: On model.sales_etl.rpt_top_5_sales_stores: Close
[0m22:13:37.374842 [debug] [MainThread]: Connection 'model.sales_etl.rpt_sales_by_transaction_date' was left open.
[0m22:13:37.375679 [debug] [MainThread]: On model.sales_etl.rpt_sales_by_transaction_date: Close
[0m22:13:37.703456 [debug] [MainThread]: Connection 'model.sales_etl.rpt_transactions_by_batch' was left open.
[0m22:13:37.704620 [debug] [MainThread]: On model.sales_etl.rpt_transactions_by_batch: Close
[0m22:13:38.023188 [info ] [MainThread]: 
[0m22:13:38.024398 [info ] [MainThread]: Finished running 3 table models in 0 hours 0 minutes and 4.30 seconds (4.30s).
[0m22:13:38.026254 [debug] [MainThread]: Command end result
[0m22:13:38.045849 [debug] [MainThread]: Wrote artifact WritableManifest to /opt/airflow/dbt/target/manifest.json
[0m22:13:38.046959 [debug] [MainThread]: Wrote artifact SemanticManifest to /opt/airflow/dbt/target/semantic_manifest.json
[0m22:13:38.050641 [debug] [MainThread]: Wrote artifact RunExecutionResult to /opt/airflow/dbt/target/run_results.json
[0m22:13:38.050868 [info ] [MainThread]: 
[0m22:13:38.051092 [info ] [MainThread]: [32mCompleted successfully[0m
[0m22:13:38.051274 [info ] [MainThread]: 
[0m22:13:38.051471 [info ] [MainThread]: Done. PASS=3 WARN=0 ERROR=0 SKIP=0 NO-OP=0 TOTAL=3
[0m22:13:38.052060 [debug] [MainThread]: Resource report: {"command_name": "run", "command_success": true, "command_wall_clock_time": 5.3066263, "process_in_blocks": "0", "process_kernel_time": 1.402786, "process_mem_max_rss": "229648", "process_out_blocks": "2656", "process_user_time": 3.018541}
[0m22:13:38.052348 [debug] [MainThread]: Command `dbt run` succeeded at 22:13:38.052291 after 5.31 seconds
[0m22:13:38.052591 [debug] [MainThread]: Sending event: {'category': 'dbt', 'action': 'invocation', 'label': 'end', 'context': [<snowplow_tracker.self_describing_json.SelfDescribingJson object at 0x7a35d97affe0>, <snowplow_tracker.self_describing_json.SelfDescribingJson object at 0x7a35a6a929c0>, <snowplow_tracker.self_describing_json.SelfDescribingJson object at 0x7a35a56cea20>]}
[0m22:13:38.052817 [debug] [MainThread]: Flushing usage events
[0m22:13:38.600893 [debug] [MainThread]: An error was encountered while trying to flush usage events
